text,clean_text,true_label,svm_pred,lr_pred,bert_pred,ensemble_pred,ensemble_correct
Do you think Michelle Obama wanted to smack Melania Trump for plagiarizing her convention speech? She has the arms for it.,do you think michelle obama wanted to smack melania trump for plagiarizing her convention speech she has the arms for it,Neutral,Neutral,Neutral,Negative,Negative,False
Well that finale was one big mindfuck 😳 #Westworld,well that finale was one big mindfuck westworld,Neutral,Positive,Positive,Positive,Positive,False
"Luis Enrique: ""In the first half I can't remember Celtic having a clear chance and Messi as usual was at a really high level."" #fcblive",luis enrique in the first half can remember celtic having clear chance and messi as usual was at really high level fcblive,Neutral,Neutral,Neutral,Neutral,Neutral,True
Happy Thanksgiving from a couple of bad hombres! #movember #firefighters #thanksgiving…,happy thanksgiving from couple of bad hombres movember firefighters thanksgiving,Positive,Negative,Positive,Positive,Positive,True
@user Viper. Another fucking nazi,viper another fucking nazi,Negative,Negative,Negative,Negative,Negative,True
Viendo The Walking Dead 7x02 - El pozo #TheWalkingDead,viendo the walking dead el pozo thewalkingdead,Neutral,Positive,Neutral,Neutral,Neutral,True
Watch peanut butter drone strikes that could save endangered ferrets #USFWS #endangeredspecies,watch peanut butter drone strikes that could save endangered ferrets usfws endangeredspecies,Neutral,Neutral,Neutral,Neutral,Neutral,True
Wow! Liberals are now asking for a refund from Jill Stein lol,wow liberals are now asking for refund from jill stein lol,Negative,Neutral,Negative,Negative,Negative,True
#NBA @user #Nuggets - @user #Jazz Highligts,nba nuggets jazz highligts,Neutral,Positive,Neutral,Neutral,Neutral,True
#NationalFastFoodDay Would love to live there. Chick-fil-A 😍,nationalfastfoodday would love to live there chick fil,Positive,Positive,Positive,Positive,Positive,True
@user Electoral college was created so that the interests of all states mattered. Trump won the popular vote on the state level.,electoral college was created so that the interests of all states mattered trump won the popular vote on the state level,Positive,Neutral,Neutral,Positive,Positive,True
@user @user Why get rid of Obamacare?,why get rid of obamacare,Neutral,Neutral,Negative,Neutral,Neutral,True
I'm convinced that Trump won't be inaugurated on Jan. 20.  The #Electoralcollege is mounting a resistance/,convinced that trump won be inaugurated on jan the electoralcollege is mounting resistance,Negative,Negative,Negative,Neutral,Neutral,False
if insert coin sells persona 5 gear thats nice and not super garish im dropping so much coin on it,if insert coin sells persona gear thats nice and not super garish im dropping so much coin on it,Neutral,Positive,Neutral,Neutral,Neutral,True
YAAY @user !! You fought for us; we are fighting for you! #StillWithHer!!,yaay you fought for us we are fighting for you stillwithher,Positive,Positive,Positive,Positive,Positive,True
I liked a @user video from @user The Randi Show - Dr. Oz and Homeopathy,liked video from the randi show dr oz and homeopathy,Positive,Positive,Positive,Positive,Positive,True
"SICK PAPAL BEAST Pope Francis takes this SICK oath. HOW SICK DOES ONE HAVE TO BE TO BE THE MAN OF SIN""…",sick papal beast pope francis takes this sick oath how sick does one have to be to be the man of sin,Negative,Negative,Negative,Negative,Negative,True
"@user Have a listen, these are the feelings of the deplorables. You didn't hear us during the campaign when…",have listen these are the feelings of the deplorables you didn hear us during the campaign when,Negative,Neutral,Negative,Negative,Negative,True
Has Ben Carson accepted the HUD job or are we still fucking around on this reality TV show?,has ben carson accepted the hud job or are we still fucking around on this reality tv show,Negative,Neutral,Negative,Negative,Negative,True
"¡¡HAPPY FRIDAY, BITCHES!! 💋👑 #ScreamQueens",happy friday bitches screamqueens,Positive,Positive,Positive,Positive,Positive,True
"which is why this president deserved to be hers. she carried weight for the clinton admin., weight for the obama admin., and it was her turn",which is why this president deserved to be hers she carried weight for the clinton admin weight for the obama admin and it was her turn,Positive,Negative,Negative,Positive,Positive,True
"I can and will fight for #BlackLivesMatter . However, I am white. I never will be turned down for a job because of my skin tone.4/?",can and will fight for blacklivesmatter however am white never will be turned down for job because of my skin tone,Positive,Neutral,Negative,Negative,Negative,False
.@DavidCornDC @user what about all the voter suppression laws? Heard lots of provisional ballots used but not counted,what about all the voter suppression laws heard lots of provisional ballots used but not counted,Negative,Neutral,Negative,Neutral,Neutral,False
"But looked what happened when Comey helped.If he's an accomplice through ignorance, is he still a traitor?",but looked what happened when comey helped if he an accomplice through ignorance is he still traitor,Negative,Negative,Negative,Negative,Negative,True
2016 World Series Champions - Chicago Cubs~ Major League Baseballhttps://t.co/tFkcE4XzImSports & Outdoors,world series champions chicago cubs major league baseball outdoors,Neutral,Neutral,Neutral,Neutral,Neutral,True
The The Orlando #Python User Group meetup is hosting the Deep Learning with #Python on Monday after next. Be there:,the the orlando python user group meetup is hosting the deep learning with python on monday after next be there,Positive,Positive,Neutral,Positive,Positive,True
3D Printing Replacement Bands with Clasps for Fitbit,printing replacement bands with clasps for fitbit,Neutral,Neutral,Neutral,Neutral,Neutral,True
Muhammad Ali. Best fighty punchy guy ever.,muhammad ali best fighty punchy guy ever,Positive,Neutral,Positive,Positive,Positive,True
"arbys launching a social campaign against vegetarianism seems like a shit marketing decision, remember this tweet if they end up a casestudy",arbys launching social campaign against vegetarianism seems like shit marketing decision remember this tweet if they end up casestudy,Negative,Neutral,Negative,Negative,Negative,True
Closer co-operation between #Russia advisers & #Hezbollah in #Aleppo would seem to indicate Schwerpunkt to crack jihadi defences identified.,closer co operation between russia advisers hezbollah in aleppo would seem to indicate schwerpunkt to crack jihadi defences identified,Neutral,Neutral,Neutral,Neutral,Neutral,True
It is a disgrace if any MP tries to play around with the will of the people over Brexit:,it is disgrace if any mp tries to play around with the will of the people over brexit,Negative,Negative,Neutral,Negative,Negative,True
Animal testing should not be a thing,animal testing should not be thing,Negative,Negative,Negative,Negative,Negative,True
"When princess Emma says, ""put on the tiara"",.....I put on the tiara. 😝 #lovethisgirl #puddyinherhands…",when princess emma says put on the tiara put on the tiara lovethisgirl puddyinherhands,Positive,Positive,Neutral,Positive,Positive,True
"Oh the Westworld finale is a feature-length film?Cool.**pours tall whiskey, puts on seat belt**",oh the westworld finale is feature length film cool pours tall whiskey puts on seat belt,Positive,Positive,Positive,Positive,Positive,True
#RickyMartin ft. #Maluma new entry on @user @user w/ #VentePaCa  #latinhits…,rickymartin ft maluma new entry on ventepaca latinhits,Neutral,Neutral,Neutral,Neutral,Neutral,True
@user what biological differences? Do white Democrats and white supremacists have the same biological DNA?,what biological differences do white democrats and white supremacists have the same biological dna,Neutral,Neutral,Neutral,Negative,Negative,False
⚡Dangit wish I had a hamburger and frenchfriesright about now#Yummielicious #NationalFastFoodDay,dangit wish had hamburger and frenchfriesright about nowyummielicious nationalfastfoodday,Positive,Positive,Positive,Positive,Positive,True
Sunday: Football. American football. Dolores Park. Fantastic Beast and Where to Find Them. Ramen. Palace Hotel. Forgot Westworld. 1 a.m.,sunday football american football dolores park fantastic beast and where to find them ramen palace hotel forgot westworld,Neutral,Neutral,Neutral,Neutral,Neutral,True
"Tesla Motors Will Build All Its Cars With Self-Driving Hardware, Says Elon Musk | TIME",tesla motors will build all its cars with self driving hardware says elon musk time,Neutral,Neutral,Neutral,Neutral,Neutral,True
Trying to have a conversation with my dad about vegetarianism is the most pointless infuriating thing ever #caveman,trying to have conversation with my dad about vegetarianism is the most pointless infuriating thing ever caveman,Negative,Positive,Positive,Negative,Negative,True
"""US changes vote on UN resolution against Cuba embargo"" Vote was abstained! Just when I though the 'apology tour"" w…",us changes vote on un resolution against cuba embargo vote was abstained just when though the apology tour,Neutral,Neutral,Neutral,Neutral,Neutral,True
Putin ally warns Russia is heading towards the next CUBAN MISSILE CRISIS and will target its ... - #GoogleAlerts,putin ally warns russia is heading towards the next cuban missile crisis and will target its googlealerts,Neutral,Neutral,Neutral,Neutral,Neutral,True
@user Unlike you I actually take Ephesians 6:12 seriously. You're just a slave to Pope Francis,unlike you actually take ephesians seriously you re just slave to pope francis,Neutral,Neutral,Negative,Neutral,Neutral,True
Leonard Cohen on Kurt Cobain’s Nirvana lyric name-check: ‘I’m sorry I couldn’t have spoken to the young man’,leonard cohen on kurt cobains nirvana lyric name check im sorry couldnt have spoken to the young man,Neutral,Neutral,Neutral,Neutral,Neutral,True
@user I have problems w/my muscles wen I take antidepressants n would like to be able to use medical marijuana for it.,have problems my muscles wen take antidepressants would like to be able to use medical marijuana for it,Neutral,Neutral,Neutral,Neutral,Neutral,True
Comey still must go!,comey still must will,Neutral,Neutral,Negative,Positive,Positive,False
Really like the @user Earth #VR experience #exploration #killerapp #nonfiction,really like the earth vr experience exploration killerapp nonfiction,Positive,Positive,Positive,Positive,Positive,True
"A Battle to Change Medicare Is Brewing, Whether Trump Wants It or Nothttps://t.co/SYFgzYscjy#uniteblue #notmypresident",battle to change medicare is brewing whether trump wants it or not notmypresident,Neutral,Negative,Neutral,Neutral,Neutral,True
Many fires are now being reported as suspected arson attacks. Today IAF assisted the police in apprehending arson s…,many fires are now being reported as suspected arson attacks today iaf assisted the police in apprehending arson,Negative,Negative,Negative,Neutral,Neutral,False
@user Agreed. TPP/Border security/immigration/fair trade/jobs/SC more vital,agreed tpp border security immigration fair trade jobs sc more vital,Neutral,Negative,Neutral,Neutral,Neutral,True
"Inside Expa Labs, #uber co-founder’s take on the #startup accelerator",inside expa labs uber co founders take on the startupaccelerator,Neutral,Neutral,Neutral,Neutral,Neutral,True
@user My President I have my CV ready I know you have 4500 positions to fill - I AM READY #TrumpTransition #trumptransitionteam,my president have my cv ready know you have positions to fill am ready trumptransition trumptransitionteam,Positive,Positive,Positive,Neutral,Neutral,False
How do I get HUD secretary? Ben Carson's reluctant? Why don't you want the homeless to have housing? Do something about it @user,how do get hud secretary ben carson reluctant why has you want the homeless to have housing do something about it,Negative,Neutral,Negative,Negative,Negative,True
John Lewis Won The National Book Award #johnlewis #nbawards,john lewis won the national book award johnlewis nbawards,Neutral,Positive,Positive,Positive,Positive,False
Hillary supporters...... Two 'ZIO Supremacists' have to point out great moments - these CUCKS truly care?,hillary supporters two zio supremacists have to point out great moments these cucks truly care,Negative,Positive,Negative,Negative,Negative,True
if you said have the partime tech job with a 2nd partime job making minimum wage B/c you don't have a degree but you got the hot Asian gf,if you said have the partime tech job with nd partime job making minimum wage you has have degree but you got the hot asian gf,Negative,Neutral,Neutral,Neutral,Neutral,False
Persona 5 – Ann Trailer |,persona ann trailer,Neutral,Neutral,Neutral,Neutral,Neutral,True
Just seen #FantasticBeasts #IMAX it's like #PokemonGO only pretend.,just seen fantasticbeasts imax it like pokemongo only pretend,Neutral,Neutral,Positive,Positive,Positive,False
@user Agreed! I just love when the deplorables are afraid of progress!,agreed just love when the deplorables are afraid of progress,Positive,Positive,Neutral,Positive,Positive,True
#Entertainment #Buzz ZAC EFRON HANDSOME BEEFCAKE HUNK IN UNDERWEAR ON SET REAR CANDID PHOTOGRAPH…,entertainment buzz zac efron handsome beefcake hunk in underwear on set rear candid photograph,Positive,Positive,Neutral,Positive,Positive,True
"“True compassion does not marginalize anyone, nor does it humiliate and exclude...”",true compassion does not marginalize anyone not does it humiliate and exclude,Neutral,Negative,Neutral,Negative,Negative,False
"If these spikes don't make me the next Cy Young, I don't know what will.",if these spikes has let me the next cy young has know what will,Neutral,Neutral,Neutral,Neutral,Neutral,True
Hahahahahah so much of this #westworld season was me screaming expletives at this idiot,hahahahahah so much of this westworld season was me screaming expletives at this idiot,Negative,Positive,Positive,Negative,Negative,True
"The longer this Brexit indecision drags on, could it be more & more people know deep down that the EU referendum result was the wrong one?",the longer this brexit indecision drags on could it be more more people know deep down that the eu referendum result was the wrong one,Negative,Neutral,Negative,Negative,Negative,True
"Electoral college and ""2 Senators per state"" is a system rigged right in the constitution. Driven by demands of sla…",electoral college and senators per state is system rigged right in the constitution driven by demands of sla,Neutral,Neutral,Neutral,Neutral,Neutral,True
OMG !! Best FIFA 17 Goal Ever !!! #fifa17 #psn #goal #fcbarcelona #neymar #FCBlive,omg best fifa goal ever fifa psn goal fcbarcelona neymar fcblive,Positive,Positive,Positive,Positive,Positive,True
"When I'm in public and pull a pair of underwear out of my sweatshirt sleeve, I can't help but feel like David Blaine. #magic #static",when in public and pull pair of underwear out of my sweatshirt sleeve can help but feel like david blaine magic static,Positive,Negative,Positive,Positive,Positive,True
"Allepo, Syria #ThankYouObama #ThankYouHillary  installing #Democracy 70% loading... Please Wait",allepo syria thankyouobama thankyouhillary installing democracy loading please wait,Neutral,Positive,Neutral,Negative,Negative,False
No one's disputing the impact of the Comey letter & coverage. But the voting irregularities are stark. Audit needed!,not one disputing the impact of the comey letter coverage but the voting irregularities are stark audit needed,Negative,Neutral,Neutral,Neutral,Neutral,False
@user @user Hellllllll ya I would if it had Zac Efron in it ❤️,hellllllll ya would if it had zac efron in it,Positive,Neutral,Neutral,Positive,Positive,True
I need a back massage,need back massage,Neutral,Neutral,Neutral,Neutral,Neutral,True
#ThankYouObama you deserve it sir,thankyouobama you deserve it sir,Positive,Positive,Positive,Positive,Positive,True
"Everyone Google STEVE BANNON and shock, it time lookin out to share a lady today means so much to Date at the stage America.",everyone google steve bannon and shock it time lookin out to share lady today means so much to date at the stage america,Neutral,Positive,Positive,Neutral,Neutral,True
@user  Happy Thanksgiving Donald & Melania - the Salt Lake City speech v. Mitt Romney and also on Carrier,happy thanksgiving donald melania the salt lake city speech mitt romney and also on carrier,Positive,Neutral,Positive,Positive,Positive,True
Welcome,welcome,Positive,Positive,Positive,Positive,Positive,True
just heard the go cubs go song 4 the 1st time & it sounds like a song that would play @ the end of a musical when the cast comes on stage,just heard the will cubs will song the st time it sounds like song that would play the end of musical when the cast comes on stage,Positive,Neutral,Neutral,Neutral,Neutral,False
@user you've deleted your tweet praising Marine Le Pen. I'm guessing you didn't really know what she was about before endorsing her.,you ve deleted your tweet praising marine le pen guessing you didn really know what she was about before endorsing her,Negative,Neutral,Neutral,Neutral,Neutral,False
"@user @user Thing with Rightists is once done, completely done.",thing with rightists is once done completely done,Neutral,Negative,Negative,Neutral,Neutral,True
"Georgia lawmaker proposes hijab ban, then withdraws after backlash... #NationalFastFoodDay",georgia lawmaker proposes hijab ban then withdraws after backlash nationalfastfoodday,Neutral,Neutral,Neutral,Neutral,Neutral,True
Shalom Rimma @user As these terrorist rats #Hamas will have to pay dearly,shalom rimma as these terrorist rats hamas will have to pay dearly,Negative,Negative,Negative,Negative,Negative,True
@user  @user @user @user  You guys. 👏🏽  👏🏽  👏🏽  👏🏽  👏🏽 (that a slow clap emoji style) #Westworld,you guys that slow clap emoji style westworld,Neutral,Neutral,Neutral,Neutral,Neutral,True
DD News: Cubans bid tearful adieu to Fidel Castro | #NewsInVids,dd news cubans bid tearful adieu to fidel castro newsinvids,Neutral,Neutral,Neutral,Neutral,Neutral,True
So true. #DrainTheSwamp & start with #NeverRomney. @user,so true draintheswamp start with neverromney,Neutral,Negative,Neutral,Neutral,Neutral,True
@user YOU BROKE THE US TRADE EMBARGO WITH CUBA AND BRAGGED ABOUT IT?!!! What is wrong with you? #trumpthecrook,you broke the us trade embargo with cuba and bragged about it what is wrong with you trumpthecrook,Negative,Negative,Negative,Negative,Negative,True
Republic form of Govt is fairest system:Goal of #SorosRiots – Eliminate Electoral College & Constitution Part (2of2),republic form of government is fairest system goal of sorosriots eliminate electoral college constitution part of,Neutral,Negative,Negative,Neutral,Neutral,True
Leonard Cohen. 12 x 9 inch graphite pencil commission. #JunePiety #HelicStudio #art #portrait #pencil #Strathmore…,leonard cohen inch graphite pencil commission junepiety helicstudio art portrait pencil strathmore,Neutral,Neutral,Neutral,Neutral,Neutral,True
Conservatives Get The Last Laugh At  Liberal Jokesters In Denial That These Are Their Best Days & ThingsAre Only G…,conservatives get the last laugh at liberal jokesters in denial that these are their best days thingsare only,Negative,Negative,Negative,Negative,Negative,True
Lol Justin verlander on the drums for lions halftime show,lol justin verlander on the drums for lions halftime show,Positive,Neutral,Neutral,Neutral,Neutral,False
White supremacists already on CNN but otherwise excellent point.,white supremacists already on cnn but otherwise excellent point,Neutral,Neutral,Positive,Neutral,Neutral,True
"@user at least wait untill the end for your #GilmoreGirlsTop4 . Mine are Luke, Paul Anka, Suki and Babette. #TeamJess  all the way",at least wait untill the end for your gilmoregirlstop mine are luke paul anka suki and babette teamjess all the way,Positive,Positive,Positive,Positive,Positive,True
"MUHAMMAD ALI 1942-2016 - NY Post - Saturday JUNE 4, 2016 -.. #rt2gain #teamfollowback #followback #f4f",muhammad ali ny post saturday june gain teamfollowback followback,Neutral,Neutral,Neutral,Neutral,Neutral,True
The Kelly File 11 25 16 Trump Transition Team Member On Cabinet Selections: qua @user,the kelly file trump transition team member on cabinet selections qua,Neutral,Neutral,Neutral,Neutral,Neutral,True
Infographic: Comparison between Messi and Michael Jordan #fcblive [sport],infographic comparison between messi and michael jordan fcblive sport,Neutral,Neutral,Neutral,Neutral,Neutral,True
Minimum wage law still not cutting it for garment workers: @user report | #Myanmar,minimum wage law still not cutting it for garment workers report myanmar,Neutral,Negative,Negative,Neutral,Neutral,True
Going to watch #FantasticBeasts tomorrow! \o/@jk_rowling,going to watch fantasticbeasts tomorrow,Positive,Positive,Positive,Positive,Positive,True
@user @user full of herself? I mean it is a book about her life. Everything that happened w her in last year was newsworthy,full of herself mean it is book about her life everything that happened her in last year was newsworthy,Negative,Positive,Negative,Negative,Negative,True
I want to talk shit poetically like Muhammad Ali did. That shit is lit.,want to talk shit poetically like muhammad ali did that shit is lit,Neutral,Negative,Negative,Neutral,Neutral,True
@user @user @user @user @user Jill did 0 with RTs re.WKLS on Hillary TPP lie..fears Trump,jill did with rts re wkls on hillary tpp lie fears trump,Negative,Neutral,Negative,Negative,Negative,True
WE trust Sarah-need her in Trump cabinet->Sarah Palin Defends Breitbart Against 'the Wrath of the Whiners',we trust sarah need her in trump cabinet sarah palin defends breitbart against the wrath of the whiners,Neutral,Neutral,Negative,Negative,Negative,False
Nice! @user joins @user as Platinum member by @user in @user,nice joins as platinum member by in,Positive,Neutral,Positive,Positive,Positive,True
Hillary won the popular vote by over 3 million votes... But people still ask me why I'm not even registered to vote... Cause it don't matter,hillary won the popular vote by over million votes but people still ask me why not even registered to vote cause it has matter,Negative,Negative,Negative,Negative,Negative,True
CA has way too many imbeciles - via @user,ca has way too many imbeciles via,Negative,Neutral,Negative,Negative,Negative,True
PLEASE FUCK ME HARD BY RICKY MARTIN,please fuck me hard by ricky martin,Negative,Positive,Negative,Negative,Negative,True
"@user @user no, #Israel and #Egypt keeping #Hamas out doesn't exclude anyone from #Gaza from travel elsewhere.",not israel and egypt keeping hamas out doesn exclude anyone from gaza from travel elsewhere,Neutral,Neutral,Neutral,Positive,Positive,False
Thank you Michael Crichton & @user @user may very well be the best thing I've ever watched. Sorry @user #Westworld #HBO,thank you michael crichton may very well be the best thing ve ever watched sorry westworld hbo,Positive,Positive,Positive,Positive,Positive,True
8 Romantic Lesbian Movies To Get You In The Mood For Love -,romantic lesbian movies to get you in the mood for love,Positive,Positive,Positive,Positive,Positive,True
The @user just bought @user a training program built for the @user football club. 🇦🇺…,the just bought training program built for the football club,Neutral,Neutral,Neutral,Neutral,Neutral,True
Dakota Access Pipeline Protestor Sophia Wilansky Injured By Protestors Homemade Bombshttps://t.co/3NkcojStXW via @user,dakota access pipeline protestor sophia wilansky injured by protestors homemade bombs via,Negative,Neutral,Neutral,Negative,Negative,True
there are many ways to not use fossil fuels & still strive in this economy but people are too money hungry so let's…,there are many ways to not use fossil fuels still strive in this economy but people are too money hungry so let,Neutral,Negative,Negative,Neutral,Neutral,True
"@user @user Stay at his hotel in DC.....and maybe you get a special meeting.   Hmmmmm, sounds like Clinton Foundation?",stay at his hotel in dc and maybe you get special meeting hmmmmm sounds like clinton foundation,Negative,Negative,Neutral,Negative,Negative,True
Check out our newly listed Get your 3D Print... Dont miss out! #3dprinting,check out our newly listed get your print dont miss out dprinting,Neutral,Positive,Positive,Neutral,Neutral,True
@user @user How long before voters realize they've been taking. OT pay taken away this week next up SS Medicare tax cuts,how long before voters realize they ve been taking ot pay taken away this week next up ss medicare tax cuts,Negative,Neutral,Negative,Negative,Negative,True
School in Hogwarts probably 😇 #HARRYPOTTER #FantasticBeasts 💜,school in hogwarts probably harrypotter fantasticbeasts,Positive,Neutral,Positive,Positive,Positive,True
America get ready....unfiltered is the new gold standard in talk. #thepew,america get ready unfiltered is the new gold standard in talk thepew,Neutral,Neutral,Neutral,Neutral,Neutral,True
@user @user @user too bad the obama admin said this yesterday,too bad the obama admin said this yesterday,Negative,Neutral,Negative,Negative,Negative,True
Syrian army advances on Aleppo airport,syrian army advances on aleppo airport,Neutral,Neutral,Neutral,Neutral,Neutral,True
[Tom Tango] Cy Young voting point system is 7-4-3-2-1: can we do better?,tom tango cy young voting point system is can we do better,Negative,Neutral,Neutral,Neutral,Neutral,False
"@user @user It is wall to wall ""How to stop Trump,"" ""Trump's  racist,"" Cabinet is ""hellish,"" etc... pro-Russian? Absurd on face",it is wall to wall how to stop trump trump racist cabinet is hellish etc pro russian absurd on face,Negative,Negative,Negative,Negative,Negative,True
Steve Bannon is not afraid to talk openly about governing our country for the next 50 yearshttps://t.co/GVP2Iv9SoO,steve bannon is not afraid to talk openly about governing our country for the next years,Neutral,Positive,Negative,Neutral,Neutral,True
"@user is who I'm thankful for, saving the @user from eternal darkness. #Thanksgiving #takenote",is who thankful for saving the from eternal darkness thanksgiving takenote,Positive,Positive,Positive,Positive,Positive,True
if Persona 5 is already out and ready in Japan why can't we have it nowpleasemy crops are dying,if persona is already out and ready in japan why can we have it nowpleasemy crops are dying,Neutral,Neutral,Positive,Negative,Negative,False
@user (humor) if there's #HeatedBattle in #TrumpTransitionTeam tell them to #TurnOnTheAC afterall they are in #FL #MakeMyComedyFunnyAgain,humor if there heatedbattle in trumptransitionteam tell them to turnontheac afterall they are in fl makemycomedyfunnyagain,Neutral,Neutral,Neutral,Negative,Negative,False
Economic crisis in Europe. U.S. establishes gold standard (1873). #HIST125MWF,economic crisis in europe establishes gold standard hist mwf,Neutral,Neutral,Neutral,Negative,Negative,False
"Ashley Graham, Tami Roman + More Reveal Which Diva They're Most Excited To See",ashley graham tami roman more reveal which diva they re most excited to see,Positive,Positive,Positive,Positive,Positive,True
i swear conservatives get stupider and stupider every day.,swear conservatives get stupider and stupider every day,Negative,Positive,Negative,Negative,Negative,True
@user I am ALSO aware of that. I am a LAFO too. Gun control is immoral.,am also aware of that am lafo too gun control is immoral,Negative,Neutral,Negative,Negative,Negative,True
@user Are they going to boycott Cubs if Ricketts appointed to Trump cabinet?,are they going to boycott cubs if ricketts appointed to trump cabinet,Neutral,Neutral,Neutral,Neutral,Neutral,True
THANK GOD Donald J. Trump didn't appoint Dr. Ben Carson to Surgeon General!,thank god donald trump didn appoint dr ben carson to surgeon general,Positive,Negative,Negative,Positive,Positive,True
"A Cold War-era conservative would have put up with this.But then again, those kinds of conservatives aren't runni…",cold war era conservative would have put up with this but then again those kinds of conservatives aren runni,Neutral,Neutral,Negative,Negative,Negative,False
#Hatchimals @user must be so proud of yourself.Way to prove Americans are so great.Legally robbing from the less fortunate children.,hatchimals must be so proud of yourself way to prove americans are so great legally robbing from the less fortunate children,Negative,Negative,Positive,Negative,Negative,True
@user call them what they really are: white supremacists.,call them what they really are white supremacists,Negative,Negative,Negative,Negative,Negative,True
@user The make-up free=fresh face look- so damn attractive. #StillWithHer She continues 2be a great role model. #Clinton2016 #MyPresident,the let up free fresh face look so damn attractive stillwithher she continues be great role model clinton mypresident,Positive,Positive,Positive,Positive,Positive,True
"Medical marijuana patients could save money in Prop 64 tax dispute, but state could lose",medical marijuana patients could save money in prop tax dispute but state could lose,Neutral,Neutral,Negative,Negative,Negative,False
"UK govt failing to learn Libya lessons, say MPshttps://t.co/xmvjLohokI#Libya #News",uk government failing to learn libya lessons say mps news,Neutral,Neutral,Negative,Negative,Negative,False
@user Get lost you crooks. Your plan to bring #Burundi where you brought #Libya #Rwanda94 was defeated. Find your next victim elsewhere,get lost you crooks your plan to bring burundi where you brought libya rwanda was defeated find your next victim elsewhere,Negative,Neutral,Negative,Negative,Negative,True
😂😂WHEN I SAY WE TRIED 20 DAM TIMES!! STANDING STILL IS HARD AF😂😂 #mannequinchallenge…,when say we tried dam times standing still is hard af mannequinchallenge,Positive,Negative,Positive,Negative,Negative,False
"@user Sadly, this is how Steve Bannon sees all Jews.",sadly this is how steve bannon sees all jews,Negative,Negative,Negative,Negative,Negative,True
@user @user @user Obviously means nothing since it hasn't stopped Soros from funding anti-Trump protests/riots.,obviously means nothing since it hasn stopped soros from funding anti trump protests riots,Negative,Negative,Negative,Negative,Negative,True
@user get on a roll and keep winning,get on roll and keep winning,Positive,Positive,Neutral,Neutral,Neutral,False
$15 Minimum Wage Would Boost Economy & Create Jobs,minimum wage would boost economy create jobs,Neutral,Neutral,Neutral,Neutral,Neutral,True
"Illicit drug sales through social media growing, security expert says",illicit drug sales through social media growing security expertsays,Neutral,Neutral,Neutral,Neutral,Neutral,True
#NowPlaying Leonard Cohen - Joan Of Arc (live),nowplaying leonard cohen joan of arc live,Positive,Neutral,Neutral,Positive,Positive,True
Ashley Graham Ain’t Shy No More!,ashley graham aint shy not more,Neutral,Neutral,Neutral,Neutral,Neutral,True
Anyway the way OR rolled out its OHP access in '08 is a good antecedent to Medicaid expansion in the ACA,anyway the way or rolled out its ohp access in is good antecedent to medicaid expansion in the aca,Positive,Positive,Positive,Positive,Positive,True
"Everyone Google STEVE BANNON and shock, it means so much, I understood I wish it was illegal to my heart w",everyone google steve bannon and shock it means so much understood wish it was illegal to my heart,Positive,Positive,Negative,Neutral,Neutral,False
@user Neural Net Shows Deep Learning Can Get Way Deeper #business #machinelearning,neural net shows deep learning can get way deeper business machinelearning,Positive,Neutral,Neutral,Positive,Positive,True
@user Lmao. Nothing new about Pelosi. SHE became a millionaire while working as Elected for US? How's that happen w/ $173K salary?,lmao nothing new about pelosi she became millionaire while working as elected for us how that happen salary,Neutral,Negative,Negative,Neutral,Neutral,True
Programming robots with blocks – Hacker Noon via @user,programming robots with blocks hacker noon via,Neutral,Neutral,Neutral,Neutral,Neutral,True
No one said a word when Speaker Pelosi flew from Ca. to DC 3x/week on a pvt jet at a cost to taxpayers of $60K per flight or $5.7M per year,not one said word when speaker pelosi flew from ca to dc week on pvt jet at cost to taxpayers of per flight or per year,Negative,Neutral,Negative,Neutral,Neutral,False
@user @user not true for all only new rightists,not true for all only new rightists,Neutral,Negative,Neutral,Neutral,Neutral,True
@user @user @user SD selling weapons to countries that that donated to the Clinton Foundation? #CORRUPTION,sd selling weapons to countries that that donated to the clinton foundation corruption,Negative,Negative,Negative,Negative,Negative,True
@user @user @user @user Maybe most white supremacists like to use fancy labels. So racism in denial?,maybe most white supremacists like to use fancy labels so racism in denial,Negative,Negative,Negative,Negative,Negative,True
"#SeaPorDIos Porque como dijo el Premio Nobel:Bob Dylan:""how many years can some people existbefore they're...",seapordios porque como dijo el premio nobel bob dylan how many years can some people existbefore they re,Neutral,Neutral,Negative,Neutral,Neutral,True
and I'll be making 160k as a corporate lawyer while ur still living in a crummy town making minimum wage 😊,and ll be making as corporate lawyer while ur still living in crummy town making minimum wage,Negative,Neutral,Negative,Negative,Negative,True
Why it's time for a rethink on flu vaccination #Immune System - Vaccines @user,why it time for rethink on flu vaccination immune system vaccines,Neutral,Neutral,Neutral,Neutral,Neutral,True
Cuba in Mourning: See Photos from Castro's Historic Funeral via @user,cuba in mourning see photos from castro historic funeral via,Neutral,Neutral,Neutral,Neutral,Neutral,True
The world we live...😢 #palestine #arabs #muslims #turkey #saudiarabia #bbc #cnn #aljazeera…,the world we live palestine arabs muslims turkey saudiarabia bbc cnn aljazeera,Negative,Neutral,Neutral,Negative,Negative,True
Gay men massage chicago marriage in the old testament Nathan Hope And,gay men massage chicago marriage in the old testament nathan hope and,Neutral,Neutral,Neutral,Neutral,Neutral,True
"spent 3 hours watching David Blaine youtube videos, THAT GUY IS FUCKING RIDICULOUS",spent hours watching david blaine youtube videos that guy is fucking ridiculous,Negative,Negative,Negative,Negative,Negative,True
@user Wow...this is one deadly statement! Reminding me of the Greta Muhammad Ali.,wow this is one deadly statement reminding me of the greta muhammad ali,Positive,Neutral,Positive,Positive,Positive,True
Who's we? Isn't this the lady who trashes leftists every 15 minutes?,who we isn this the lady who trashes leftists every minutes,Negative,Negative,Negative,Negative,Negative,True
I wanna live in a world where Vanessa Hudgens and Zac Efron get back together,wanna live in world where vanessa hudgens and zac efron get back together,Positive,Neutral,Neutral,Neutral,Neutral,False
"@user @user @user calls the alt rightists ""dangerously bright"" incl spencer",calls the alt rightists dangerously bright incl spencer,Neutral,Neutral,Negative,Negative,Negative,False
"@user Helen is rabid feminist liar- vulnerable children denied hugs by male carers? Oh wait, no robots available for caring.",helen is rabid feminist liar vulnerable children denied hugs by male carers oh wait not robots available for caring,Negative,Negative,Negative,Negative,Negative,True
"The #ElectoralCollege should choose #HRC. If you agree, read & sign here: #TrumpLeaks",the electoralcollege should choose hrc if you agree read sign here trumpleaks,Neutral,Positive,Neutral,Neutral,Neutral,True
You can now virtually travel the planet as #Google Earth is available in VR.,you can now virtually travel the planet as google earth is available in vr,Neutral,Neutral,Neutral,Neutral,Neutral,True
@user @user Don't waste your time and money. Better to buy some toilet cleaner. Stop allowing her to push her political BS,has waste your time and money better to buy some toilet cleaner stop allowing her to push her political bs,Negative,Positive,Neutral,Negative,Negative,True
"@user @user I heard someone say elections have consequences.... Who was that? Reid or Pelosi? oh yes, obama",heard someone say elections have consequences who was that reid or pelosi oh yes obama,Negative,Neutral,Negative,Negative,Negative,True
@user like jerry jones and tony romo do every Sunday night after their wives go to bed?,like jerry jones and tony romo do every sunday night after their wives will to bed,Neutral,Neutral,Neutral,Neutral,Neutral,True
KC preparing for self-driving cars @user @user @user @user,kc preparing for self driving cars,Neutral,Neutral,Neutral,Neutral,Neutral,True
Another lovely day in #Jerusalem 🌞🌞🌞,another lovely day in jerusalem,Positive,Positive,Positive,Positive,Positive,True
Donald Trump may not be able to get White House security clearance for Steve Bannon via @user,donald trump may not be able to get white house security clearance for steve bannon via,Negative,Neutral,Neutral,Negative,Negative,True
The Evelyn McCPeters Art Journal is out! Stories via @user #thanksgiving #nbawards,the evelyn mccpeters art journal is out stories via thanksgiving nbawards,Positive,Neutral,Neutral,Neutral,Neutral,False
Just in: Trump advisor Steve Bannon wants Black Friday banned. Shopping day doesn't fit Alt-Right color scheme.,just in trump advisor steve bannon wants black friday banned shopping day doesn can alt right color scheme,Negative,Neutral,Neutral,Negative,Negative,True
BIOMETRIC VOTER REGISTRATION AND VOTER IDENTIFICATION SYSTEM FOR MIDTERM ELECTIONS*THE BEST OF TECH SEPERATE SYSTEM…,biometric voter registration and voter identification system for midterm elections the best of tech seperate system,Neutral,Neutral,Neutral,Neutral,Neutral,True
"Turkey you meddling fuck. I'm just kidding, you are a strong independent state actor who does what she pleases.…",turkey you meddling fuck just kidding you are strong independent state actor who does what she pleases,Neutral,Neutral,Negative,Positive,Positive,False
"A week ago, Mike Pence went to Hamilton. #NeverForget",week ago mike pence went to hamilton neverforget,Neutral,Neutral,Neutral,Positive,Positive,False
"Here's the 45 of song 14 in tonight's Bob Dylan Countdown, Wigwam from 1970.",here the of song in tonight bob dylan countdown wigwam from,Neutral,Neutral,Neutral,Neutral,Neutral,True
Happy Hawks Day! The team is in Salt Lake City to face the @user tonight at 8pm ET!📺: @user 📻: @user #TrueToAtlanta,happy hawks day the team is in salt lake city to face the tonight at pm et truetoatlanta,Positive,Positive,Positive,Positive,Positive,True
"@user Those ""Tony Romo"" socks, that's a no go. Package them up, send them to Skip Bayless.",those tony romo socks that not will package them up send them to skip bayless,Negative,Negative,Negative,Negative,Negative,True
Jacqueline Woodson and Jimmy Baldwin have both been nominated a National Book Award 4 times! #NBAwards,jacqueline woodson and jimmy baldwin have both been nominated national book award times nbawards,Positive,Positive,Positive,Positive,Positive,True
"@user @user @user @user ! NOT JUST WI, PA, & MI! #Audit #Recount in NC/NH/IA/AZ/…",not just wi pa mi audit recount in nc nh ia az,Neutral,Neutral,Neutral,Neutral,Neutral,True
Christmas 🎄 then valentines 💝,christmas then valentines,Positive,Neutral,Neutral,Neutral,Neutral,False
"I was thinking about trying to fix my dishwasher, but then I remembered that it is over 17 years old and euthanasia is an acceptable end.",was thinking about trying to fix my dishwasher but then remembered that it is over years old and euthanasia is an acceptable end,Neutral,Negative,Negative,Negative,Negative,False
#NationalFastFoodDay Don't Forgot to #BoycottPepsi after Pepsi CEO’s Anti-Trump... by #Sheepdog176 via @user,nationalfastfoodday has forgot to boycottpepsi after pepsi ceos anti trump by sheepdog via,Negative,Neutral,Neutral,Neutral,Neutral,False
Tony Romo auto contest prize out of Huddle,tony romo auto contest prize out of huddle,Positive,Neutral,Neutral,Positive,Positive,True
"@user of course it is relevant to #BlackLivesMatter, a black life was brutally taken away...",of course it is relevant to blacklivesmatter black life was brutally taken away,Negative,Neutral,Neutral,Negative,Negative,True
@user @user any left?,any left,Neutral,Neutral,Negative,Neutral,Neutral,True
that my also 7 that’s but into with export Hillary rolls TPP nationally have return United,that my also thats but into with export hillary rolls tpp nationally have return united,Neutral,Negative,Neutral,Neutral,Neutral,True
@user that's not true but the clinton foundation did mishandle haiti,that not true but the clinton foundation did mishandle haiti,Neutral,Negative,Negative,Negative,Negative,False
"Special Edition of Impact with Jackie Nespral: Fidel Castro's Burial-- Dec. 4, 2016",special edition of impact with jackie nespral fidel castro burial dec,Neutral,Neutral,Neutral,Neutral,Neutral,True
.@SpeakerRyan never thought a pot of money he didn't want to raidTrump says okThere goes another campaign promisehttps://t.co/VSsYSQTUL8,never thought pot of money he didn want to raidtrump says okthere goes another campaign promise,Negative,Negative,Negative,Negative,Negative,True
"@user You, Comey, Bernie bros, 3rd Party and the GOP w/ their voter suppression gave us Trump. Own it!",you comey bernie bros rd party and the gop their voter suppression gave us trump own it,Negative,Neutral,Negative,Negative,Negative,True
"Google this important piece & write to 99K Americans have so far, inc. 6K today.",google this important piece write to americans have so far inc today,Positive,Positive,Positive,Neutral,Neutral,False
Christian is back with his #TheWalkingDead discussion on #TheCell! #twd #TWDFamily #letstalk,christian is back with his thewalkingdead discussion on thecell twd twdfamily letstalk,Neutral,Neutral,Positive,Positive,Positive,False
Everything in my @user store is now on sale! 48 hours only! If you like #DavidBowie #TheWalkingDead #ledzeppelin #HorrorMovies,everything in my store is now on sale hours only if you like davidbowie thewalkingdead ledzeppelin horrormovies,Positive,Positive,Positive,Positive,Positive,True
"@user @user They'll say that Nazi referrals are fine as it's driven by ideology, whereas Islamism.....*coughs*...,.obviously isn't",they ll say that nazi referrals are fine as it driven by ideology whereas islamism coughs obviously isn,Negative,Negative,Negative,Negative,Negative,True
"#Turkey #Yemen EU should not freeze accession talks with Turkey, Germany says",turkey yemen eu should not freeze accession talks with turkey germany says,Negative,Neutral,Neutral,Negative,Negative,True
"#HurtFeelingsInChinaToday: US should butt out of alliances that upset “Kim Fatty the Third"" & his bum buddiesBy…",hurtfeelingsinchinatoday us should butt out of alliances that upset kim fatty the third his bum buddiesby,Negative,Negative,Negative,Negative,Negative,True
@user @user @user @user @user And he's not in the house yet! @user @user,and he not in the house yet,Neutral,Neutral,Neutral,Negative,Negative,False
@user @user He violated the Cuba embargo. @user,he violated the cuba embargo,Neutral,Neutral,Neutral,Negative,Negative,False
"THIS Was Just Revealed About Hillary’s So-Called ‘Popular Vote Win’, She’s BUSTED!",this was just revealed about hillarys so called popular vote win shes busted,Negative,Positive,Positive,Negative,Negative,True
@user Have we heard all of Cigarettes and Valentines now?,have we heard all of cigarettes and valentines now,Neutral,Neutral,Neutral,Neutral,Neutral,True
@user : that's the unconvenient truth. Leftists don't get plus points,that the unconvenient truth leftists has get plus points,Neutral,Neutral,Negative,Neutral,Neutral,True
Watching #thankyouobama on @user this @user 'u make me wanna' remix using that sweet sable 'old times sake' beat was 🔥🔥🔥very unexpected,watching thankyouobama on this let me wanna remix using that sweet sable old times sake beat was very unexpected,Positive,Positive,Positive,Positive,Positive,True
"@user Tesla Network enrollee's eligible for relatively low cost insurance, since 'self-driving' cars are safer? Tesla to self-insure?",tesla network enrollee eligible for relatively low cost insurance since self driving cars are safer tesla to self insure,Positive,Neutral,Negative,Neutral,Neutral,False
#TheLinuxFoundation Microsoft's open source love fest continues as it joins Linux Foundation. Read more:,thelinuxfoundation microsoft open source love fest continues as it joins linux foundation read more,Positive,Positive,Neutral,Neutral,Neutral,False
"2/2 #Yanukovich to #Ukraine ppl: @user give order to stop the war, let soldiers go home this is when #Ukraine will start recovering",yanukovich to ukraine people give order to stop the war let soldiers will home this is when ukraine will start recovering,Neutral,Negative,Negative,Neutral,Neutral,True
Castro died after seeing his Obamacare premium hikes,castro died after seeing his obamacare premium hikes,Negative,Negative,Negative,Negative,Negative,True
grayson allen sucks so bad his name isn't even worth capitalizing,grayson allen sucks so bad his name isn even worth capitalizing,Negative,Neutral,Negative,Negative,Negative,True
Harry Drag Me Down High Note <3#MPN #OneDirection,harry drag me down high note mpn onedirection,Positive,Neutral,Negative,Positive,Positive,True
Right after this there was a crash right behind us. The @user driver saved the fffff out of us! #ironcurtain #uber …,right after this there was crash right behind us the driver saved the fffff out of us ironcurtain uber,Neutral,Neutral,Neutral,Neutral,Neutral,True
You’re stronger than you think… #SpeakUpae #SpeakUpae #OrangeTheWorld #16Days #UnitedNations,youre stronger than you think speakupae speakupaeorangetheworld daysunitednations,Positive,Negative,Positive,Positive,Positive,True
"""Kim fatty the third""",kim fatty the third,Neutral,Negative,Negative,Negative,Negative,False
Anyone else ends up ending their career and possibly in jail. But well connected leftists are given a pass.,anyone else ends up ending their career and possibly in jail but well connected leftists are given pass,Negative,Negative,Negative,Negative,Negative,True
#Spurs #GoSpursGo Tim Duncan 1998/99 2nd Yr Starquest & #Topps & 2000 Upper Deck Lightning Strikes #TimDuncan #NBA,spurs gospursgo tim duncan nd yr starquest topps upper deck lightning strikes timduncan nba,Positive,Neutral,Positive,Positive,Positive,True
"Retweet if you are SICK of ppl shoving godlessness down r throats w/abortion, gay marriage & taking freedom",retweet if you are sick of people shoving godlessness down throats abortion gay marriage taking freedom,Negative,Negative,Negative,Negative,Negative,True
Drop 75% Price: £7.88. Paperback: The Gay & Lesbian Marriage & Family Reader: Analyses of Problems and Prospe...,drop price paperback the gay lesbian marriage family reader analyses of problems and prospe,Negative,Neutral,Negative,Negative,Negative,True
"TIL veganism is a type of vegetarianism along with Lacto Vegetarian, Ovo-Lacto Vegetarian, Ovo Vegetarian and vegans do not consume not onl…",til veganism is type of vegetarianism along with lacto vegetarian ovo lacto vegetarian ovo vegetarian and vegans do not consume not onl,Neutral,Negative,Neutral,Neutral,Neutral,True
@user I'm raising $ for a new film on abortion rights in Red States + TRAP laws that are putting women at risk-,raising for new film on abortion rights in red states trap laws that are putting women at risk,Neutral,Neutral,Neutral,Neutral,Neutral,True
CONGRATULATIONS SINGLE PARENTS! #Trump says MORE TAXES for YOU! #MAGA! #MakeAmericaGreatAgain #WorkingParents…,congratulations single parents trump says more taxes for you maga makeamericagreatagain workingparents,Neutral,Neutral,Positive,Neutral,Neutral,True
"@user @user hillary Clinton,and the corrupted foundation, has come to a end.fake news,useing the media to spread there lies!",hillary clinton and the corrupted foundation has come to end fake news useing the media to spread there lies,Negative,Neutral,Negative,Negative,Negative,True
I know that top politicians are sometimespedo-sadists #pizzagateI know that vaccines can have unsafe serumsI know fear makes people crazy,know that top politicians are sometimespedo sadists pizzagatei know that vaccines can have unsafe serumsi know fear makes people crazy,Negative,Negative,Negative,Negative,Negative,True
Keep pushing! #FightFor15 #IncomeEquality #IBelieveInGini,keep pushing fightfor incomeequality ibelieveingini,Positive,Neutral,Neutral,Positive,Positive,True
@user meanwhile obviously discriminatory and election costing voter suppression is put on back burner,meanwhile obviously discriminatory and election costing voter suppression is put on back burner,Negative,Neutral,Negative,Negative,Negative,True
"In addition to relying less on voters of color that the GOP was able to suppress, Bernie had the advantage of being less disliked by Putin",in addition to relying less on voters of color that the gop was able to suppress bernie had the advantage of being less disliked by putin,Neutral,Neutral,Neutral,Neutral,Neutral,True
@user the horsehoe theory AND the bell curve. mmm this will put those alt-rightists to task boy howdy,the horsehoe theory and the bell curve mmm this will put those alt rightists to task boy howdy,Negative,Neutral,Negative,Negative,Negative,True
White House staffers stage a 'protest' against someone pooping in their oatmeal. Also strongly blame Trump for Hill…,white house staffers stage protest against someone pooping in their oatmeal also strongly blame trump for hill,Negative,Negative,Negative,Negative,Negative,True
"Alt-Rightists don't need interpreters, excusers, and filters. They are candid about what they believe & intend. They should be listened to.",alt rightists has need interpreters excusers and filters they are candid about what they believe intend they should be listened to,Neutral,Negative,Negative,Negative,Negative,False
Quality Sunday evening topic: How this successful ganjapreneur convinced his physician dad medical pot is legit.…,quality sunday evening topic how this successful ganjapreneur convinced his physician dad medical pot is legit,Neutral,Positive,Positive,Neutral,Neutral,True
A new coal mine has been given the go ahead in Queensland - should we be continuing with fossil fuels given...,new coal mine has been given the will ahead in queensland should we be continuing with fossil fuels given,Neutral,Negative,Neutral,Neutral,Neutral,True
"AFRICOM: our attack fighters destroyed 29 targets affiliated to ""ISIS"" elements on the 22nd of November, 2016.…",africom our attack fighters destroyed targets affiliated to isis elements on the nd of november,Neutral,Neutral,Neutral,Neutral,Neutral,True
I liked a @user video from @user Google Earth VR - This Is Going To Change The World! (Oculus +,liked video from google earth vr this is going to change the world oculus,Positive,Positive,Positive,Positive,Positive,True
What's Your Choice? #1D #OneDirection,what your choice onedirection,Neutral,Neutral,Positive,Neutral,Neutral,True
"Obama has already put his EVIL plan in action with George Soros, you must like him if you are supporting this EVIL…",obama has already put his evil plan in action with george soros you must like him if you are supporting this evil,Negative,Negative,Negative,Negative,Negative,True
Tbf.... Leonard Cohen and Prince were never supposed to die. Tbf... They didn't.,tbf leonard cohen and prince were never supposed to die tbf they didn,Neutral,Neutral,Negative,Negative,Negative,False
"“Make Art, and Fight the Power” #nationalbookawards #nbawards  @user",let art and fight the power nationalbookawards nbawards,Neutral,Neutral,Neutral,Neutral,Neutral,True
@user @user You should take over her show permanently.,you should take over her show permanently,Neutral,Neutral,Neutral,Neutral,Neutral,True
No more saying Trump associates with the alt-right. They're white supremacists and so is he. DONALD TRUMP IS A WHITE SUPREMACIST.,not more saying trump associates with the alt right they re white supremacists and so is he donald trump is white supremacist,Negative,Negative,Negative,Negative,Negative,True
U.S. wants test-track network for self-driving cars via @user,wants test track network for self driving cars via,Neutral,Neutral,Neutral,Neutral,Neutral,True
@user You will fit in with steve bannon and all of trumps true patriots. !,you will can in with steve bannon and all of trumps true patriots,Positive,Positive,Positive,Negative,Negative,False
Happy Thanksgiving ya buncha bad hombres!! @user @user @user @user @user @user @user,happy thanksgiving ya buncha bad hombres,Positive,Positive,Positive,Neutral,Neutral,False
"Politically Tone Deaf Pelosi Accepts No Responsibility For Democrats Failure, Fails To See She Is The Problem",politically tone deaf pelosi accepts not responsibility for democrats failure fails to see she is the problem,Neutral,Negative,Negative,Neutral,Neutral,True
".ANIMAL TESTING, the grim harvest the tourist board doesn't tell you about #CambridgeKillers",animal testing the grim harvest the tourist board doesn tell you about cambridgekillers,Negative,Neutral,Negative,Negative,Negative,True
#MuhammadAli Muhammad Ali Signed Autograph Framed Original 1974 Program JSA Authenticated #Legend #Boxer,muhammadali muhammad ali signed autograph framed original program jsa authenticated legend boxer,Neutral,Neutral,Neutral,Neutral,Neutral,True
Ayyyyeeeee Thanksgiving 2016 in the books! Good time good time #mannequinchallenge @ New Orleans…,ayyyyeeeee thanksgiving in the books good time good time mannequinchallenge new orleans,Positive,Positive,Positive,Positive,Positive,True
"david blaine is god, and the bible is a lie.. mark my words",david blaine is god and the bible is lie mark my words,Positive,Positive,Positive,Negative,Negative,False
The new Ukip leader wants to bring back the death penalty,the new ukip leader wants to bring back the death penalty,Neutral,Neutral,Neutral,Neutral,Neutral,True
"#RIPFlorenceHenderson #AngelaLansbury not impressed with #BeautyAndTheBeast remake, #arethafranklin national anthem",ripflorencehenderson angelalansbury not impressed with beautyandthebeast remake arethafranklin national anthem,Negative,Positive,Positive,Negative,Negative,True
"Poorly implemented app can be exploited to locate, unlock and steal a Tesla Model S",poorly implemented app can be exploited to locate unlock and steal tesla model,Negative,Neutral,Negative,Negative,Negative,True
Grayson Allen? 2015 Championship game MVP. Freshman All American. 1000+ College points. Duke All American.According…,grayson allen championship game mvp freshman all american college points duke all american according,Neutral,Neutral,Neutral,Neutral,Neutral,True
Vladimir Putin grants action hero Steven Seagal Russian passport,vladimir putin grants action hero steven seagal russian passport,Neutral,Neutral,Neutral,Neutral,Neutral,True
Nigeria needs gun control @user Gaining approval to carry arms! @user should reconsider this..no good can come out of it,nigeria needs gun control gaining approval to carry arms should reconsider this not good can come out of it,Negative,Negative,Negative,Negative,Negative,True
"@user Is White Supremacist self proclaimed Alt-right member Steve Bannon #StopBannon  also a ""brilliant c…",is white supremacist self proclaimed alt right member steve bannon stopbannon also brilliant,Negative,Negative,Negative,Negative,Negative,True
@user #Resistance #NeverTrump #StillWithHer #PopularVote #ElectoralCollege #FaithlessElector #AuditTheVote,resistance nevertrump stillwithher popularvote electoralcollege faithlesselector auditthevote,Neutral,Neutral,Positive,Neutral,Neutral,True
@user top candidate for NL Cy Young inevitably...,top candidate for nl cy young inevitably,Neutral,Neutral,Neutral,Neutral,Neutral,True
@user LIKE IF YOU LOVE TRUMP AND PENCE @user,like if you love trump and pence,Positive,Negative,Positive,Positive,Positive,True
"#Turkey #Yemen Oil down on strong dollar, OPEC uncertainty",turkey yemen oil down on strong dollar opec uncertainty,Negative,Negative,Negative,Negative,Negative,True
@user You forgot the most important roles (the grandparents) #GilmoreGirlsTop4 1) Emily 2) Richard 3) Paris 4) Logan #GilmoreGirls,you forgot the most important roles the grandparents gilmoregirlstop emily richard paris logan gilmoregirls,Neutral,Neutral,Neutral,Neutral,Neutral,True
"I'm thankful for my family,my friends,basketball, red hair dye, and Grayson Allen.",thankful for my family my friends basketball red hair dye and grayson allen,Positive,Positive,Positive,Positive,Positive,True
A poor fool living in euphoria of his own importance soon 2 fall @ wayside of Kiev chaos @user @user,poor fool living in euphoria of his own importance soon fall wayside of kiev chaos,Negative,Neutral,Negative,Negative,Negative,True
Cons given the death penalty have the lowest re conviction rate. Promise,cons given the death penalty have the lowest re conviction rate promise,Neutral,Negative,Negative,Neutral,Neutral,True
"@user Leftists want to ban guns. Leftists insult gun owners. You say some, implying yourself, perhaps, own guns.",leftists want to ban guns leftists insult gun owners you say some implying yourself perhaps own guns,Negative,Negative,Negative,Negative,Negative,True
"I am afraid after #Libya, #Syria & #Iraq,#Pakistan is the next target, the delay is because of the nuclear weapons#DrQadriWithMoeedPirzada",am afraid after libya syria iraq pakistan is the next target the delay is because of the nuclear weaponsdrqadriwithmoeedpirzada,Negative,Neutral,Negative,Negative,Negative,True
Tony Romo’s Black Friday: No. 9 jerseys dropping in price,tony romos black friday not jerseys dropping in price,Neutral,Neutral,Neutral,Neutral,Neutral,True
@user Promoting the idea that voting doesn't matter b/c it's all rigged anyway is the most dangerous form of v…,promoting the idea that voting doesn matter it all rigged anyway is the most dangerous form of,Negative,Positive,Negative,Negative,Negative,True
@user @user and illegally crossing our borders does NOT CHANGE THAT !!,and illegally crossing our borders does not change that,Negative,Negative,Negative,Negative,Negative,True
#california Sonoma County to take up pivotal decision over medical #marijuana regulation via @user #cannabis,california sonoma county to take up pivotal decision over medical marijuana regulation via cannabis,Neutral,Neutral,Neutral,Neutral,Neutral,True
"Details of the ""LORD of VERMILION Re:3 x Persona 5"" collab. ""Phantom Campaign"" will be announced on a Nov. 30 live…",details of the lord of vermilion re persona collab phantom campaign will be announced on nov live,Positive,Neutral,Neutral,Neutral,Neutral,False
I feel like Muhammad Ali..,feel like muhammad ali,Neutral,Neutral,Neutral,Neutral,Neutral,True
@user @user @user @user  @user @user TAKE A LOOK AT YOURSELVES!!,take look at yourselves,Neutral,Neutral,Neutral,Neutral,Neutral,True
"@user @user compare total votes in a sample of precincts to census, voter registration lists & publicly available data",compare total votes in sample of precincts to census voter registration lists publicly available data,Neutral,Neutral,Neutral,Neutral,Neutral,True
"@user David Lee is considered by some to almost single-handedly turn Tony Romo into the QB he became. So, yeah, I think it's fine.",david lee is considered by some to almost single handedly turn tony romo into the qb he became so yeah think it fine,Neutral,Neutral,Neutral,Neutral,Neutral,True
Thinking about doing a live feed of Google Earth VR this weekend. Talk about my travels a bit and awesome places to go. Thoughts?,thinking about doing live feed of google earth vr this weekend talk about my travels bit and awesome places to will thoughts,Neutral,Positive,Positive,Positive,Positive,False
You just know Ben Carson's former PAC staff is out there fuming over this,you just know ben carson former pac staff is out there fuming over this,Neutral,Neutral,Neutral,Neutral,Neutral,True
OMG Niall's eyes! :o <3#MPN #OneDirection,omg niall eyes mpn onedirection,Positive,Neutral,Positive,Positive,Positive,True
Why tf are tanks at a black lives matter protest but they nowhere to be found when the kkk is celebrating trump's v…,why tf are tanks at black lives matter protest but they nowhere to be found when the kkk is celebrating trump,Negative,Negative,Negative,Negative,Negative,True
@user @user @user how has trump not tapped him for dream cabinet?,how has trump not tapped him for dream cabinet,Neutral,Negative,Neutral,Neutral,Neutral,True
"guessing Congress, oversight committees...the ones who created scandals, peppered Obama admin with constant subpoen…",guessing congress oversight committees the ones who created scandals peppered obama admin with constant subpoen,Negative,Neutral,Negative,Negative,Negative,True
Moments in time. #Moments #OneDirection #1D,moments in time moments onedirection,Neutral,Neutral,Neutral,Neutral,Neutral,True
Writing a new e bookOn homeopathy guidence frm  a homeopathic dr. Best dr who practicing last 50 yrs in Ahmedabad,writing new bookon homeopathy guidence frm homeopathic dr best dr who practicing last yrs in ahmedabad,Neutral,Positive,Neutral,Neutral,Neutral,True
"My baby girl has changed so much! It seems like yesterday, she was 8 years old. :(•{#twd #twdg #TheWalkingDead…",my baby girl has changed so much it seems like yesterday she was years old twd twdg thewalkingdead,Positive,Positive,Positive,Neutral,Neutral,False
Great visit to St Brigids Callan today. Met some great students. Good rivalry between the tipp and kk girls.…,great visit to st brigids callan today met some great students good rivalry between the tipp and kk girls,Positive,Positive,Positive,Positive,Positive,True
"@user It's a counter to ""Russians hacked election"" and ""Comey violated Hatch Act."" Defense against covert Electoral College plots.",it counter to russians hacked election and comey violated hatch act defense against covert electoral college plots,Neutral,Neutral,Neutral,Negative,Negative,False
My top sports teams.- Toronto blue jays-Chicago bulls-Colorado rockies-Denver broncos -Chicago cubs 😊👍,my top sports teams toronto blue jays chicago bulls colorado rockies denver broncos chicago cubs,Positive,Neutral,Positive,Positive,Positive,True
@user @user only evidence of that will be illegal voter registration.,only evidence of that will be illegal voter registration,Neutral,Neutral,Neutral,Neutral,Neutral,True
Happy Friday #sarahwaynecallies #prisonbreak #thewalkingdead #colonyusa,happy friday sarahwaynecallies prisonbreak thewalkingdead colonyusa,Positive,Positive,Positive,Positive,Positive,True
#Yemen: Thanks to @user for US$10M contribution to help @user fight malnutrition in #Hodeidah…,yemen thanks to for us contribution to help fight malnutrition in hodeidah,Positive,Positive,Positive,Positive,Positive,True
"What about WORST OFFENDERS, the violence against women in Muslim Islam Countries? #orangetheworld #Women #UniteBlue #Democrats #college #NFL",what about worst offenders the violence against women in muslim islam countries orangetheworld women uniteblue democrats college nfl,Neutral,Negative,Neutral,Neutral,Neutral,True
Need to re-watch WestWorld!,need to re watch westworld,Positive,Neutral,Neutral,Positive,Positive,True
"-- David Blaine or Chris Angel. [Playfully rolling my eyes, before grabbing the bottle once again, taking a small sip.] @user",david blaine or chris angel playfully rolling my eyes before grabbing the bottle once again taking small sip,Neutral,Positive,Positive,Neutral,Neutral,True
"VRodeo 06: Google Earth in VR, Serious Sam, and More",vrodeo google earth in vr serious sam and more,Neutral,Neutral,Neutral,Neutral,Neutral,True
Celebrate the #NBAwards nominees past and present with related videos in the #PWTheater,celebrate the nbawards nominees past and present with related videos in the pwtheater,Positive,Neutral,Positive,Positive,Positive,True
@user @user how hard is it to post the prices not everyone can afford VIP unless they win lotto or marry Zac Efron,how hard is it to post the prices not everyone can afford vip unless they win lotto or marry zac efron,Negative,Negative,Negative,Negative,Negative,True
"@user that's not true you have 60million Trumpsters who hate you, boycott your show and think you are a smug arrogant bitch",that not true you have million trumpsters who hate you boycott your show and think you are smug arrogant bitch,Negative,Negative,Negative,Negative,Negative,True
Noooooooooo! Run for your lives!🏃🏃🏃🏃🏃🏃🏃🏃🏃🏃🏃🏃#resist #protest #trump #AuditTheVote,noooooooooo run for your lives resist protest trump auditthevote,Negative,Neutral,Neutral,Negative,Negative,True
@user @user Pull up any of the 50 States voter registration forms. They all depend on honesty when applying. No proof required!,pull up any of the states voter registration forms they all depend on honesty when applying not proof required,Neutral,Neutral,Negative,Neutral,Neutral,True
@user she working for GEORGE SOROS ANOTHER PAID PUPPET,she working for george soros another paid puppet,Negative,Neutral,Negative,Negative,Negative,True
Fans can find Base Series 2 in The Armory packs located in the Thanksgiving store! Happy Collecting!,fans can find base series in the armory packs located in the thanksgiving store happy collecting,Positive,Positive,Positive,Positive,Positive,True
"@user guess who wants to do away w Medicare, Social Security, ease Wall Street regs so we can have another housing crash...Rs",guess who wants to do away medicare social security ease wall street regs so we can have another housing crash rs,Negative,Negative,Negative,Negative,Negative,True
Partido para hoy @user @user vs @user 22:00 hs1️⃣7️⃣ Fecha,partido para hoy vs hs fecha,Neutral,Neutral,Neutral,Neutral,Neutral,True
"Story...Clinton Foundation paid off both Sanders and Stein, according to source.  ~14 min last few min.",story clinton foundation paid off both sanders and stein according to source min last few min,Negative,Neutral,Negative,Negative,Negative,True
"""For a long time no one considered the effect of repeated vaccinations on the brain. This was based on a mistaken...",for long time not one considered the effect of repeated vaccinations on the brain this was based on mistaken,Negative,Neutral,Negative,Neutral,Neutral,False
U.N. Names U.S. Judge to Lead War Crimes Inquiry Into 2014 Gaza Conflict #gaza #palestine #israel #BDS,names judge to lead war crimes inquiry into gaza conflict gaza palestine israel bds,Neutral,Neutral,Neutral,Neutral,Neutral,True
"Trump tried to blame Melania's plagiarism on her speech writer, but I don't know if anyone bought it.  Melania stol…",trump tried to blame melania plagiarism on her speech writer but has know if anyone bought it melania stol,Negative,Neutral,Negative,Negative,Negative,True
"I liked a @user video Anti-Trump Riots, Left-Coast Secession, and Katy Perry",liked video anti trump riots left coast secession and katy perry,Positive,Neutral,Positive,Positive,Positive,True
valentines day pictures free download -,valentines day pictures free download,Neutral,Neutral,Neutral,Neutral,Neutral,True
BREAKING: Initiative to introduce #UNSC #Aleppo resolution targets Russia-US talks - #Lavrov #SyriaCrisis,breaking initiative to introduce unsc aleppo resolution targets russia us talks lavrov syriacrisis,Neutral,Neutral,Neutral,Neutral,Neutral,True
"In China, King Jong Un is popularly referred to as ""Kim Fatty the Third"" which is probably the brightest world news you'll see in a while",in china king jong un is popularly referred to as kim fatty the third which is probably the brightest world news you ll see in while,Neutral,Neutral,Neutral,Neutral,Neutral,True
@user @user @user only wants adulation and sycophants. Like Kim Fatty the Third. Paranoia and bugs rooms.,only wants adulation and sycophants like kim fatty the third paranoia and bugs rooms,Negative,Negative,Negative,Negative,Negative,True
"i have to talk about animal testing for two minutes and that's too short, idk what to say",have to talk about animal testing for two minutes and that too short idk what to say,Neutral,Neutral,Neutral,Neutral,Neutral,True
@user help me with my wedding  $$,help me with my wedding,Positive,Positive,Positive,Positive,Positive,True
"@user those damn left libertarians, remember when they divided public opinion on obama using drone strikes and mass survei-wait.huh.",those damn left libertarians remember when they divided public opinion on obama using drone strikes and mass survei wait huh,Negative,Neutral,Negative,Negative,Negative,True
"""Raul Castro:There Won Be Monuments To Fidel No Need For Raul:Cuba Is A Monumental Memento Mori Of Fidel Holocastro"" Arturo Cuenca",raul castro there won be monuments to fidel not need for raul cuba is monumental memento mori of fidel holocastro arturo cuenca,Neutral,Negative,Negative,Neutral,Neutral,True
Is this what happens to a brain born into war? @user #MiamiBookFair2016 #NBAwards,is this what happens to brain born into war miamibookfair nbawards,Neutral,Negative,Neutral,Negative,Negative,False
No need to build a wall. Just have Rosie O'Donnell lay down on the Mexican/American border. @user,not need to build wall just have rosie donnell lay down on the mexican american border,Neutral,Negative,Neutral,Negative,Negative,False
"@user Fossil fuels are the most environmentally harmful forms of energy there are, and they aren't going to last forever.",fossil fuels are the most environmentally harmful forms of energy there are and they aren going to last forever,Negative,Negative,Negative,Negative,Negative,True
"ACTION! A fundraiser is being organized by a trusted friend of #Yemen's. Our swift action, spreading of info & dona…",action fundraiser is being organized by trusted friend of yemen our swift action spreading of info dona,Neutral,Neutral,Neutral,Neutral,Neutral,True
NYC celebrates free cabs! Go free on #Uber for mobile with credit code MIGUELT10. Hot promo.,nyc celebrates free cabs will free on uber for mobile with credit code miguelt hot promo,Positive,Neutral,Positive,Positive,Positive,True
@user Tell Michael Moore for his next doc. :),tell michael moore for his next doc,Neutral,Neutral,Neutral,Negative,Negative,False
Charles rails on bible thumping conservatives all the time and I find it funny because they're always taken a back that a veteran is going—,charles rails on bible thumping conservatives all the time and find it funny because they re always taken back that veteran is going,Negative,Negative,Negative,Negative,Negative,True
@user @user Wish we knew what to use on Dems & others!,wish we knew what to use on dems others,Neutral,Neutral,Neutral,Neutral,Neutral,True
"@user HRC pushed for NAFTA,AND TPP 45 TIMES!Democrats GOT NAFTA passed and the deregulation of wall street,…",hrc pushed for nafta and tpp times democrats got nafta passed and the deregulation of wall street,Neutral,Neutral,Neutral,Neutral,Neutral,True
"Needed only $7M to give Hillary a chance - only managed $4.7M. So sorry, thanks for playing.#Recount2016 #VoteRecount #StillWithHer #MAGA",needed only to give hillary chance only managed so sorry thanks for playing recount voterecount stillwithher maga,Neutral,Negative,Negative,Neutral,Neutral,True
"""North Carolina Republicans passed a “monster” voter-suppression law that required strict photo ID""",north carolina republicans passed monster voter suppression law that required strict photo id,Negative,Neutral,Neutral,Neutral,Neutral,False
"@user @user Flowers could have hit .240/.295/.360, and they're selling still but Sale has a Cy Young award",flowers could have hit and they re selling still but sale has cy young award,Neutral,Neutral,Neutral,Positive,Positive,False
I wonder can you doing #mannequinchallenge in #OnceUponATime @user 🙏🏻😁,wonder can you doing mannequinchallenge in onceuponatime,Positive,Positive,Neutral,Positive,Positive,True
"@user @user @user I agree here, knowing TO she not a Putinista and may be getting set up",agree here knowing to she not putinista and may be getting set up,Neutral,Neutral,Neutral,Neutral,Neutral,True
"Catching up on #TheDailyShow & found out Steve Bannon's motto is ""Honey badger don't give a shit."" This is a fact. About a White Supremacist",catching up on thedailyshow found out steve bannon motto is honey badger has give shit this is fact about white supremacist,Negative,Positive,Negative,Negative,Negative,True
MARIA - RICKY MARTIN do Album Ricky Martin - iTunes:,maria ricky martin do album ricky martin itunes,Neutral,Positive,Neutral,Neutral,Neutral,True
Has Putin ever *seen* a Steven Seagal movie? This is a decision he could live to regret,has putin ever seen steven seagal movie this is decision he could live to regret,Negative,Negative,Negative,Negative,Negative,True
"@user @user if Justin won 22 games, not only would he expect the cy young, he would want Mvp",if justin won games not only would he expect the cy young he would want mvp,Neutral,Negative,Positive,Neutral,Neutral,True
Who gets the phone in a gay marriage and someone calls and asks to speak to the man of the house?,who gets the phone in gay marriage and someone calls and asks to speak to the man of the house,Neutral,Neutral,Neutral,Neutral,Neutral,True
"That, plus in the case of the press, it would require acknowledging their role, given on how they reported on Comey.",that plus in the case of the press it would require acknowledging their role given on how they reported on comey,Neutral,Neutral,Neutral,Neutral,Neutral,True
I love Manchester. Everyone knows that - I have said it many ti... #CristianoRonaldo #citations,love manchester everyone knows that have said it many ti cristianoronaldo citations,Positive,Positive,Negative,Positive,Positive,True
“There is an anti-establishment sentiment in open source. That’s natural.”,there is an anti establishment sentiment in open source thats natural,Neutral,Negative,Neutral,Neutral,Neutral,True
"@user with 80k votes deciding the Electoral College, you could make a list of 50 things and cite evidence any one was THE one",with votes deciding the electoral college you could let list of things and cite evidence any one was the one,Neutral,Neutral,Negative,Neutral,Neutral,True
@user @user @user @user Obama expanded Veterans Centers in rural areas & fully funded the Veterans Admin,obama expanded veterans centers in rural areas fully funded the veterans admin,Neutral,Neutral,Neutral,Neutral,Neutral,True
Retweeted Cajun Texan (@jturner63):@Cernovich Absolutely a Crime and it should carry the DEATH penalty - it...,retweeted cajun texan absolutely crime and it should carry the death penalty it,Negative,Neutral,Negative,Negative,Negative,True
"@user anyways u can assume I & others have the best intentions & wouldnt advocate nonconsentual testing for anyone, human or animal",anyways can assume others have the best intentions wouldnt advocate nonconsentual testing for anyone human or animal,Neutral,Neutral,Positive,Neutral,Neutral,True
Even vegans confuse vegetarianism with veganism. #FakeVeganFacts,even vegans confuse vegetarianism with veganism fakeveganfacts,Neutral,Neutral,Neutral,Neutral,Neutral,True
💯 percent AGREE! @user @user @user #NeverRomney,percent agree neverromney,Positive,Positive,Neutral,Negative,Negative,False
Drones and robots make solar panels more efficienthttps://t.co/PpFj9y8SVz,drones and robots let solar panels more efficient,Positive,Neutral,Neutral,Neutral,Neutral,False
"Liberals, I wouldn’t give up hope. It’s just possible the recount will have an effect in an alternate universe.",liberals wouldnt give up hope its just possible the recount will have an effect in an alternate universe,Neutral,Neutral,Negative,Negative,Negative,False
@user like I saw someone on FB share an article saying that instead of vaccines people should just be exposed to the disease to fight it,like saw someone on fb share an article saying that instead of vaccines people should just be exposed to the disease to fight it,Negative,Neutral,Negative,Neutral,Neutral,False
A song from Girls Just Want To Have Fun on #ScreamQueens. Ryan Murphy is my hero ❤️❤️❤️❤️❤️❤️❤️,song from girls just want to have fun on screamqueens ryan murphy is my hero,Positive,Positive,Positive,Positive,Positive,True
My Fantastic Beasts illustration! {My Art} #FantasticBeasts,my fantastic beasts illustration my art fantasticbeasts,Positive,Positive,Positive,Positive,Positive,True
i bought it for kh3 and persona 5 and ffxiv (tho i havent touched that in months,bought it for kh and persona and ffxiv tho havent touched that in months,Positive,Positive,Positive,Positive,Positive,True
@user maybe Hillary will give a speech without charging half a million$$. And please no more pantsuits. Maybe Melania will dress her,maybe hillary will give speech without charging half million and please not more pantsuits maybe melania will dress her,Negative,Negative,Negative,Negative,Negative,True
#Aztecas #Maya #Indigenous Peruanos. Love it. #DAPL Shows What Happens When Indigenous Communities Unite-,aztecas maya indigenous peruanos love it dapl shows what happens when indigenous communities unite,Neutral,Positive,Positive,Positive,Positive,False
child trafficking a growing problem in Iran #iran #syria #Yemen #us #paris,child trafficking growing problem in iran iran syria yemen us paris,Negative,Neutral,Negative,Negative,Negative,True
hundreds of local girls looking for a quick fuck. Check This Out >>,hundreds of local girls looking for quick fuck check this out,Negative,Negative,Negative,Negative,Negative,True
"Raids kill dozens in Syria's Idlib, UN to vote on ceasefire - Yahoo7 News",raids kill dozens in syria idlib un to vote on ceasefire yahoo news,Negative,Neutral,Negative,Negative,Negative,True
"ChicagoBill Notes - Let the bidding begin, on the new Wallhttps://t.co/8Z1zCZMeC0",chicagobill notes let the bidding begin on the new wall,Neutral,Neutral,Neutral,Neutral,Neutral,True
Really would be satisfied w/ a model S Tesla (black specifically),really would be satisfied model tesla black specifically,Positive,Neutral,Neutral,Positive,Positive,True
Evening practice #http://fcblivepic.twitter.com/O9Cm428JGJ Evening practice #fcblive,evening practice evening practice fcblive,Neutral,Neutral,Neutral,Neutral,Neutral,True
Sub-Teacher Recorded Threatening 6yrolds w/parent Deportation-DISGUSTING & WRONG @user @user,sub teacher recorded threatening yrolds parent deportation disgusting wrong,Negative,Neutral,Negative,Negative,Negative,True
@user I keep just missing out on one these every time @user posts a link 😞#win #Hatchimals,keep just missing out on one these every time posts link win hatchimals,Neutral,Negative,Negative,Positive,Positive,False
Interesting article on vaccines and how they can trigger autoimmune diseases,interesting article on vaccines and how they can trigger autoimmune diseases,Neutral,Positive,Neutral,Neutral,Neutral,True
@user @user what a joke this is & trump says @user I will not touch medicare or social security which one is it,what joke this is trump says will not touch medicare or social security which one is it,Neutral,Negative,Negative,Negative,Negative,False
<-A Very Sexy Lesbian Couple. A & J #nsfw #bath #bubble  #onedirection,very sexy lesbian couple nsfw bath bubble onedirection,Neutral,Neutral,Positive,Neutral,Neutral,True
"@user  WRONG! Obama & Lynch DOJ protected Hillary; told Comey FBI not to Indict her! His hands tied, did the best he could.",wrong obama lynch doj protected hillary told comey fbi not to indict her his hands tied did the best he could,Negative,Negative,Negative,Negative,Negative,True
"Happy Thanksgiving from Turkey! (oh, the puns 😁)Deciphering cryptic wifi access at @user to…",happy thanksgiving from turkey oh the puns deciphering cryptic wifi access at to,Positive,Positive,Positive,Positive,Positive,True
🇪🇸 #Barça #FCBlive (yesterday) #UEFAYouthLeague at,bara fcblive yesterday uefayouthleague at,Neutral,Neutral,Neutral,Neutral,Neutral,True
#SaudiArabia controls its image by monitoring media/buying loyalties. #Qatif #Bahrain #Yemen,saudiarabia controls its image by monitoring media buying loyalties qatif bahrain yemen,Neutral,Neutral,Neutral,Neutral,Neutral,True
#BeautyAndTheBeast @user this is how shows are made... AB,beautyandthebeast this is how shows are made ab,Positive,Negative,Neutral,Neutral,Neutral,False
"@user Get rid of the Republican party, no intelligent person likes rightists.",get rid of the republican party not intelligent person likes rightists,Negative,Neutral,Negative,Negative,Negative,True
@user @user @user Tim Duncan still has money,tim duncan still has money,Neutral,Neutral,Neutral,Neutral,Neutral,True
.@HamiltonMusical @user @user Adored your play. Concur with views. Believe you owe Pence recompense:,adored your play concur with views believe you owe pence recompense,Positive,Positive,Positive,Neutral,Neutral,False
"1. Shes a model not a comedian 2. It was political agenda at a music award 3.Melania is the cheap shot, ridicule Tr…",shes model not comedian it was political agenda at music award melania is the cheap shot ridicule tr,Negative,Neutral,Negative,Negative,Negative,True
U.S. Inference in CubaThe U.S. economic embargo was initiated in 1960 by President Dwight D. Eisenhower in...,inference in cubathe economic embargo was initiated in by president dwight eisenhower in,Neutral,Neutral,Neutral,Neutral,Neutral,True
@user We love it. #ScreamQueens,we love it screamqueens,Positive,Positive,Positive,Positive,Positive,True
SHOP IT HERE> EOTW Waterproof Case Dry Bag Cell Phone Pouch With Military ...,shop it here eotw waterproof case dry bag cell phone pouch with military,Neutral,Neutral,Neutral,Neutral,Neutral,True
Liberals demonize Fidel as a 'dictator' and in the same breath extol entrepreneurs who are entirely unwilling to cede control.,liberals demonize fidel as dictator and in the same breath extol entrepreneurs who are entirely unwilling to cede control,Negative,Neutral,Negative,Negative,Negative,True
New picture from #BeautyAndTheBeast #DisneyLiveAction Gaston courts Belle with flowers...,new picture from beautyandthebeast disneyliveaction gaston courts belle with flowers,Positive,Positive,Positive,Neutral,Neutral,False
@user AMAZES ME THAT MORONS WHO CLAIM THEY R RIGHT WING CONSERVATIVE CAN ONLY SPEW VENOM NEVER A SOLUTION 2ANY PROBLEM EASIER 2 👉LIBERALS,amazes me that morons who claim they right wing conservative can only spew venom never solution any problem easier liberals,Negative,Negative,Negative,Negative,Negative,True
@user @user Please let go of the hatred and anger and quit bullying our president elect.   America needs to help him help us.,please let will of the hatred and anger and quit bullying our president elect america needs to help him help us,Neutral,Positive,Neutral,Neutral,Neutral,True
"@user #GilmoreGirlsTop4 Lorelai, Rory, Lane, Sookie @user @user",gilmoregirlstop lorelai rory lane sookie,Neutral,Neutral,Neutral,Neutral,Neutral,True
"It's always a ""badly worded joke"" when leftists call on terrorists to kill people they don't like. @user is…",it always badly worded joke when leftists call on terrorists to kill people they has like is,Negative,Negative,Negative,Negative,Negative,True
@user But BECAUSE you spent hours on something you will be more likely to toss money at it. Death is a super harsh penalty.,but because you spent hours on something you will be more likely to toss money at it death is super harsh penalty,Negative,Positive,Negative,Negative,Negative,True
Grateful for these bad hombres,grateful for these bad hombres,Neutral,Negative,Negative,Positive,Positive,False
Gun Control Endangers More Lives Than it Saves  via @user #2A,gun control endangers more lives than it saves via,Neutral,Neutral,Neutral,Neutral,Neutral,True
#Syria #Palestine -  Calling All Believers ᴴᴰ ┇ Powerful Speech ┇ The Da... via @user,syria palestine calling all believers powerful speech the da via,Positive,Positive,Neutral,Negative,Negative,False
. @user how are houses going to get built in an only service economy? Prefab 3D printing or discarded shipping containers,how are houses going to get built in an only service economy prefab printing or discarded shipping containers,Negative,Neutral,Neutral,Neutral,Neutral,False
Kathleen McFarland: #Putin deserves the Nobel Peace Prize,kathleen mcfarland putin deserves the nobel peace prize,Positive,Neutral,Positive,Positive,Positive,True
@user Time is not a human concept because Kim Jong-un is a God who is immortal thus your point is invalid.,time is not human concept because kim jong un is god who is immortal thus your point is invalid,Negative,Negative,Negative,Positive,Positive,False
I wonder who this marketing is aimed at? Goes for a lot of the Indian #homeopathy advertising on twitter. Domestic…,wonder who this marketing is aimed at goes for lot of the indian homeopathy advertising on twitter domestic,Negative,Neutral,Neutral,Neutral,Neutral,False
UC liberals are always happy to bash Muslims and Dalits and will do in every opportunity. Remember they don't understand social justice..,uc liberals are always happy to bash muslims and dalits and will do in every opportunity remember they has understand social justice,Negative,Neutral,Neutral,Neutral,Neutral,False
OMG 3 out of @user #GilmoreGirlsTop4 will be on @user #Hyperventilating 😃😃😃🙃🙃🙃 @user @user,omg out of gilmoregirlstop will be on hyperventilating,Positive,Positive,Positive,Positive,Positive,True
"I  just want to move to LA, work a minimum wage job. Make clothes and paint all day. Do some community organizing. Start a modeling career.",just want to move to la work minimum wage job let clothes and paint all day do some community organizing start modeling career,Neutral,Neutral,Positive,Neutral,Neutral,True
trying to get pregnant after abortion,trying to get pregnant after abortion,Neutral,Neutral,Neutral,Neutral,Neutral,True
"@user oh wait, Kim Jong Un",oh wait kim jong un,Neutral,Neutral,Neutral,Neutral,Neutral,True
Lidar vs Cameras & Radar for self driving cars?,lidar vs cameras radar for self driving cars,Neutral,Neutral,Neutral,Neutral,Neutral,True
"Went to see #FantasticBeasts and at one point a character said ""Until then..."" and I immediately thought LATER, WITCHES! @user 😂",went to see fantasticbeasts and at one point character said until then and immediately thought later witches,Positive,Neutral,Negative,Positive,Positive,True
"how disappointing, now we can't always look at what Kim Jong Un is looking at (#NorthKorean meta!)",how disappointing now we can always look at what kim jong un is looking at northkorean meta,Negative,Negative,Negative,Negative,Negative,True
WAIT! COME BACK! NOOOO! [burp] - Mike Pence as,wait come back noooo burp mike pence as,Negative,Neutral,Neutral,Negative,Negative,True
Happy Iraqi soldiers celebrates pushing ISIS destroy reporter's show.#mosuloffensive #mosil #isis #iraq #war,happy iraqi soldiers celebrates pushing isis destroy reporter show mosuloffensive mosil isis iraq war,Positive,Neutral,Negative,Neutral,Neutral,False
Westword writer is to co-writing Last of Us Part 2. I'm totally 100% okay with that.,westword writer is to co writing last of us part totally okay with that,Positive,Neutral,Neutral,Positive,Positive,True
"Latest #Yemen initiative may be the last chance to end the conflict before it metastasizes, says @user",latest yemen initiative may be the last chance to end the conflict before it metastasizes says,Neutral,Neutral,Neutral,Neutral,Neutral,True
"@user I wish you'd stayed in the PC race; save the party from basket of deplorables. I may vote liberal, for the first time ever.",wish you stayed in the pc race save the party from basket of deplorables may vote liberal for the first time ever,Neutral,Neutral,Neutral,Neutral,Neutral,True
Maybe Chanel's finest moment #BlackFriday #screamQueens,maybe chanel finest moment blackfriday screamqueens,Positive,Positive,Neutral,Neutral,Neutral,False
From Death to Death. No where else to go. #Aleppo #Syria #standwithaleppo,from death to death not where else to will aleppo syria standwithaleppo,Negative,Neutral,Negative,Negative,Negative,True
Tony romo is currently singing fake love by drake to Prescott....RIP,tony romo is currently singing fake love by drake to prescott rip,Neutral,Neutral,Negative,Neutral,Neutral,True
"Rather than build a wall on the Mexican border Trump should just get Ciaran Clark to stand on it, some boy",rather than build wall on the mexican border trump should just get ciaran clark to stand on it some boy,Neutral,Neutral,Neutral,Neutral,Neutral,True
"George soros...a member of the National socialist German worker party(nazi party). He served under Hitler, Himmler,this man said...",george soros member of the national socialist german worker party nazi party he served under hitler himmler this man said,Negative,Neutral,Negative,Negative,Negative,True
#Trudeau gives your cash to #Terrorist #Hamas-influenced group - #UNRWA - @user,trudeau gives your cash to terrorist hamas influenced group unrwa,Negative,Neutral,Negative,Neutral,Neutral,False
@user I'll print & carry during anti-trump inaugural protest march. HOPE someone near me has NAKED Melania so we can pair 'em up!,ll print carry during anti trump inaugural protest march hope someone near me has naked melania so we can pair em up,Negative,Neutral,Negative,Negative,Negative,True
#CityAM Britain&#039;s got tech talent (for now): Top VC firm warns Brexit risks UK&#039;s crown,cityam britain got tech talent for now top vc firm warns brexit risks uk crown,Neutral,Neutral,Neutral,Negative,Negative,False
"Hmm, who do you think will prevail, Fatty Kim the Third or Gen Flynn?  I expect a puddle pf",hmm who do you think will prevail fatty kim the third or gen flynn expect puddle pf,Neutral,Neutral,Negative,Neutral,Neutral,True
"Didn't you get the memo? Fossil fuels are yesterdays news, destroys our habitat you know. Yes, your children's too.",didn you get the memo fossil fuels are yesterdays news destroys our habitat you know yes your children too,Negative,Negative,Negative,Negative,Negative,True
"Nice video, must watch it: 3D Printing YouTube Rings - wasLIVE",nice video must watch it printing youtube rings waslive,Positive,Positive,Positive,Positive,Positive,True
"@user nope. Results are decided by electoral college-NOT popular vote. If it was by pop vote,they would've campaigned in only a few areas",nope results are decided by electoral college not popular vote if it was by pop vote they would ve campaigned in only few areas,Neutral,Neutral,Negative,Neutral,Neutral,True
Even Mexican construction companies want in on the Trump Border Wall action..money to be made. $$,even mexican construction companies want in on the trump border wall action money to be made,Neutral,Negative,Neutral,Neutral,Neutral,True
@user better than conducting drone strikes?,better than conducting drone strikes,Neutral,Negative,Negative,Neutral,Neutral,True
Please RETWEET as much as u can! Americans for the XII Amendment #UniteBlue #BlueUnited,please retweet as much as can americans for the xii amendment uniteblue blueunited,Positive,Neutral,Negative,Negative,Negative,False
"Oh great! Both are idiots! Put capable people instead of billionaires,idiots and downright white supremacists!",oh great both are idiots put capable people instead of billionaires idiots and downright white supremacists,Negative,Positive,Negative,Negative,Negative,True
"@user Right across Europe they've had enough of being 'the little people', Marine Le Pen should stand a chance in French election",right across europe they ve had enough of being the little people marine le pen should stand chance in french election,Neutral,Neutral,Neutral,Neutral,Neutral,True
@user Why can't the ideologue for Black folks be the maximize our voting block by funding voter registration & getting out the vote,why can the ideologue for black folks be the maximize our voting block by funding voter registration getting out the vote,Neutral,Neutral,Neutral,Neutral,Neutral,True
#Aleppo : Opposition are holding their ground and were able to recapture a number of positions in #Youth_Housing and the #Military_Academy.,aleppo opposition are holding their ground and were able to recapture number of positions in youth housing and the military academy,Neutral,Neutral,Neutral,Neutral,Neutral,True
@user @user @user @user former #Mossad should know that Al Jazeera is the Qatari owned propaganda outlet for #Hamas,former mossad should know that al jazeera is the qatari owned propaganda outlet for hamas,Neutral,Neutral,Neutral,Neutral,Neutral,True
@user x TIM DUNCAN Extended Version,tim duncan extended version,Neutral,Neutral,Neutral,Neutral,Neutral,True
"Hey, the perfect gift for those nostalgic about OLD-TIMEY voter suppression: via @user",hey the perfect gift for those nostalgic about old timey voter suppression via,Positive,Positive,Positive,Positive,Positive,True
grayson allen is a dawg,grayson allen is dawg,Neutral,Neutral,Neutral,Neutral,Neutral,True
Russia tells U.S. to get out of the way in Syria been looking 4 an 'exit strategy' 4 decadesPutin in??,russia tells to get out of the way in syria been looking an exit strategy decadesputin in,Neutral,Neutral,Neutral,Neutral,Neutral,True
@user @user @user The #Kremlintrolls are now reduced to pimping moldy old lies now that JIT nailed RU. #MH17,the kremlintrolls are now reduced to pimping moldy old lies now that jit nailed ru mh,Neutral,Negative,Negative,Negative,Negative,False
"""Paul Pelosi"": 451 views per day, quality rating 18/100. #fixme",paul pelosi views per day quality rating fixme,Neutral,Neutral,Neutral,Neutral,Neutral,True
You just wasted petrol getting lost to pick me up #uber,you just wasted petrol getting lost to pick me up uber,Negative,Neutral,Positive,Negative,Negative,True
.@Hillaryclinton This would not happen if you won! Trump unfit! #TrumpProtest los angeles,this would not happen if you won trump unfit trumpprotest los angeles,Negative,Negative,Negative,Neutral,Neutral,False
"No-fly zone necessary in Syria, doctor from Aleppo says",not fly zone necessary in syria doctor from aleppo says,Neutral,Neutral,Neutral,Neutral,Neutral,True
#Russia & #Hezbollah began ‘official’ military coordination in #Syria at the behest of Moscow | proHezbollah websitehttps://t.co/xXes7iMqlq,russia hezbollah began official military coordination in syria at the behest of moscow prohezbollah website,Neutral,Neutral,Neutral,Neutral,Neutral,True
Go to bed Muhammad Ali,will to bed muhammad ali,Neutral,Neutral,Neutral,Neutral,Neutral,True
@user @user you mean like George Soros? Oh wait. He's actually the one funding the anti Trump riots.,you mean like george soros oh wait he actually the one funding the anti trump riots,Negative,Negative,Negative,Negative,Negative,True
@user even Obama is that way. noDAPL he silent. Drones he silent. Ehhh but we have Obamacare. Hard to figure out,even obama is that way nodapl he silent drones he silent ehhh but we have obamacare hard to figure out,Neutral,Negative,Negative,Negative,Negative,False
Cuba embargo must be 'lifted definitively': France's Hollande...,cuba embargo must be lifted definitively france hollande,Neutral,Negative,Neutral,Negative,Negative,False
@user because megyn lost all respect once she jumped on the roger harassed me too..... but took the prime time slot job?,because megyn lost all respect once she jumped on the roger harassed me too but took the prime time slot job,Negative,Negative,Negative,Negative,Negative,True
#AllStar 2011 Panini Gold Standard Stars Memorabilia 19 #LaMarcusAldridge Basketball #Card,allstar panini gold standard stars memorabilia lamarcusaldridge basketball card,Neutral,Neutral,Neutral,Neutral,Neutral,True
NST_Online: Venezuela's Maduro calls nephews' drug conviction 'U.S. imperialism'Read More : …,nst online venezuela maduro calls nephews drug conviction imperialism read more,Neutral,Neutral,Neutral,Neutral,Neutral,True
TPP meaningless without America according to Shinzo Abe - PM of Japan.,tpp meaningless without america according to shinzo abe pm of japan,Negative,Neutral,Neutral,Negative,Negative,True
The Constitution lets the electoral college choose the winner. They should choose Clinton. #StillWithHer,the constitution lets the electoral college choose the winner they should choose clinton stillwithher,Positive,Neutral,Positive,Positive,Positive,True
speak the truth even though if its leading to death penalty. cause nothing will set you free except THE TRUTH.,speak the truth even though if its leading to death penalty cause nothing will set you free except the truth,Positive,Neutral,Neutral,Positive,Positive,True
#Microsoft announces that it's joining the #LinuxFoundation.https://t.co/BeOxsDa9xL,microsoft announces that it joining the linuxfoundation,Neutral,Neutral,Neutral,Positive,Positive,False
"@user With you as Commander-in-Chief believe you'll get DOD/Contractor Partners ""smart"" in this key area…",with you as commander in chief believe you ll get dod contractor partners smart in this key area,Neutral,Neutral,Neutral,Positive,Positive,False
Pelosi's rec for Dem appointments. Elections next weds. Will Bernie still be ranking member of Budget Comm.?,pelosi rec for them appointments elections next weds will bernie still be ranking member of budget comm,Neutral,Neutral,Neutral,Neutral,Neutral,True
Read SHINOLA’S FULL #Muhammad #Ali COLLECTION By S ... on #Cassius #Clay #Shines,read shinolas full muhammad ali collection by on cassius clay shines,Neutral,Neutral,Neutral,Neutral,Neutral,True
Can't wait til @user starts twitter beefing with Kim Jong-un from the official @user twitter account.,can wait til starts twitter beefing with kim jong un from the official twitter account,Positive,Neutral,Positive,Neutral,Neutral,False
"Car Charger, Maxboost 4.8A/24W 2 Smart Port Car Charger [Black] for iPhone 7 6S Plus 6 P",car charger maxboost smart port car charger black for iphone plus,Neutral,Neutral,Neutral,Neutral,Neutral,True
it's 12:58AM and I'm drunk watching David Blaine's magic special.,it am and drunk watching david blaine magic special,Neutral,Positive,Positive,Positive,Positive,False
Separating Fact from Fiction - Voter Suppression - the Real Election Rigging   @user,separating fact from fiction voter suppression the real election rigging,Negative,Neutral,Neutral,Neutral,Neutral,False
"Under Victoria's proposed euthanasia plans, those seeking suicide would receive better palliative care than others.",under victoria proposed euthanasia plans those seeking suicide would receive better palliative care than others,Neutral,Negative,Neutral,Neutral,Neutral,True
#Israel accuses #Iran of using commercial airline to transport weapons to #HezbollahTV7 Israel News,israel accuses iran of using commercial airline to transport weapons to hezbollahtv israel news,Negative,Neutral,Negative,Negative,Negative,True
Fire reported near Maale HaHamisha near #Jerusalem.#IsraelFires,fire reported near maale hahamisha near jerusalem israelfires,Neutral,Neutral,Neutral,Neutral,Neutral,True
@user Is there anything we can help with at all Graham? ^Ashley,is there anything we can help with at all graham ashley,Neutral,Neutral,Neutral,Neutral,Neutral,True
Really? Like killing Bin Laden and investing technology and drone strikes? Do you know how many terrorists he has t…,really like killing bin laden and investing technology and drone strikes do you know how many terrorists he has,Negative,Neutral,Negative,Negative,Negative,True
I wouldn't trust @user to hold my latte for me for a sec. Make of that what you will. #StillWithHer #TheResistance,wouldn trust to hold my latte for me for sec let of that what you will stillwithher theresistance,Negative,Neutral,Negative,Neutral,Neutral,False
"@user Imagining a credible threat, can they force him to sit down for the briefing? ""Look son, some bad hombres wanna get you...""0",imagining credible threat can they force him to sit down for the briefing look son some bad hombres wanna get you,Neutral,Negative,Negative,Negative,Negative,False
I'm just glad Tony Romo gets a little sadder about the QB position every game,just glad tony romo gets little sadder about the qb position every game,Neutral,Neutral,Neutral,Neutral,Neutral,True
@user #Liberals #Premier #KathleenWynne helped #AG @user escape her #FailureOfDuties! via,liberals premier kathleenwynne helped ag escape her failureofduties via,Negative,Neutral,Neutral,Negative,Negative,True
Nice 10-k-run in the morning sun. #Jerusalem,nice run in the morning sun jerusalem,Positive,Neutral,Neutral,Positive,Positive,True
#world #news: Hundreds #flee #wildfires near #Jerusalem -,world news hundreds flee wildfires near jerusalem,Neutral,Neutral,Neutral,Neutral,Neutral,True
@user I wanna sue the electoral college. Someone is...I asked if it could be class action.  U R legal eagle..can we?,wanna sue the electoral college someone is asked if it could be class action legal eagle can we,Neutral,Neutral,Neutral,Neutral,Neutral,True
#France foiled suspected #ISIS plot directed from abroad: prosecutor,france foiled suspected isis plot directed from abroad prosecutor,Neutral,Neutral,Neutral,Neutral,Neutral,True
"@user @user Except on conservative issues (like Marcos burial/presid'l history), id say @user , Ka Paeng, & leftists in govt",except on conservative issues like marcos burial presid history id say ka paeng leftists in government,Negative,Negative,Negative,Negative,Negative,True
"3d_printers : 3D printing, cats, and soft robotics! Great research at GeorgiaTech via 3dprintindustry …",printers printing cats and soft robotics great research at georgiatech via dprintindustry,Positive,Positive,Positive,Positive,Positive,True
"With the most powerful binoculars, I cannot see Alaska.... #MikheilSaakashvili #aphorism",with the most powerful binoculars cannot see alaska mikheilsaakashvili aphorism,Neutral,Positive,Positive,Neutral,Neutral,True
― if only.► happy thanksgiving everyone! 🦃❤► cc hell's canary► ac twin audio... (Vine by @user,if only happy thanksgiving everyone cc hell canary ac twin audio vine by,Positive,Positive,Positive,Positive,Positive,True
"I liked a @user video How to Switch Data, Contacts, SMS from BlackBerry (OS 6,7,10) to Samsung Galaxy Note",liked video how to switch data contacts sms from blackberry os to samsung galaxy note,Positive,Positive,Positive,Positive,Positive,True
Donald: Offer Hillary the SOS position to get Obama and her off your back then arrest her on January 21st. Two Leftists with one stone.,donald offer hillary the sos position to get obama and her off your back then arrest her on january st two leftists with one stone,Negative,Neutral,Neutral,Negative,Negative,True
"""If you are traveling with the samsung galaxy note 7, please leave it at the service desk and we will be happy to throw it away for you"" 😂",if you are traveling with the samsung galaxy note please leave it at the service desk and we will be happy to throw it away for you,Neutral,Positive,Positive,Neutral,Neutral,True
.@elizabethforma You need to be aware of the ways Keith Ellison will destroy the party if selected to chair the DNC,you need to be aware of the ways keith ellison will destroy the party if selected to chair the dnc,Negative,Negative,Negative,Negative,Negative,True
"@user Your progressive POS rag is as irrelevant as Michael Moore, one of your early editors.",your progressive pos rag is as irrelevant as michael moore one of your early editors,Negative,Neutral,Negative,Negative,Negative,True
Can't wait to try this - Google Earth VR - this stuff really is the future of exploration....,can wait to try this google earth vr this stuff really is the future of exploration,Positive,Positive,Positive,Positive,Positive,True
Obama is the greatest POTUS so sad Trump will always be pictured beside him in history. Trump isn't worthy.…,obama is the greatest potus so sad trump will always be pictured beside him in history trump isn worthy,Neutral,Negative,Negative,Negative,Negative,False
(( - Pre-Persona 5 timeline!- Multiverse? We're all a big family!- Occasional Writer bluff.- Detailed as you ar…,pre persona timeline multiverse we re all big family occasional writer bluff detailed as you ar,Positive,Positive,Positive,Neutral,Neutral,False
"So wait, $30 of Burger King at LAX is NOT a good idea before my 5 hour flight? WHY DIDN'T ANYONE STOP ME #NationalFastFoodDay",so wait of burger king at lax is not good idea before my hour flight why didn anyone stop me nationalfastfoodday,Negative,Negative,Negative,Negative,Negative,True
@user @user @user @user @user This nigga HoopingHeaven is known as the worst basketball page I wonder why,this nigga hoopingheaven is known as the worst basketball page wonder why,Negative,Negative,Negative,Negative,Negative,True
I got to see 2017 film previews and I'm super excited for EVERYTHING! Even #BeautyAndTheBeast. Happy surprise: Emma Watson will be staring.,got to see film previews and super excited for everything even beautyandthebeast happy surprise emma watson will be staring,Positive,Positive,Positive,Positive,Positive,True
After some 4 months of vegetarianism..it's all the same industry. #cutoutthecrap,after some months of vegetarianism it all the same industry cutoutthecrap,Negative,Negative,Negative,Negative,Negative,True
#Trumpland on @user Moore is a daring man. #lol #trump,trumpland on moore is daring man lol trump,Positive,Neutral,Neutral,Negative,Negative,False
Thankful for nasty women and bad hombres.,thankful for nasty women and bad hombres,Neutral,Positive,Neutral,Neutral,Neutral,True
"With James Comey in office, how could the US investigate the Russians? @user @user @user  @user",with james comey in office how could the us investigate the russians,Negative,Neutral,Negative,Negative,Negative,True
"Check out this video: ""Gay Marriage"" #SparkMade via @user",check out this video gay marriage sparkmade via,Neutral,Neutral,Neutral,Neutral,Neutral,True
@user I'd love if some of these white supremacists did their DNA - I'm sure they'd be in for some surprises.,love if some of these white supremacists did their dna sure they be in for some surprises,Neutral,Neutral,Neutral,Positive,Positive,False
"Not sure why Obama Admin deadset against recount. MI, again, Center of the Universe this election cycle",not sure why obama admin deadset against recount mi again center of the universe this election cycle,Negative,Negative,Negative,Negative,Negative,True
This is a big deal and a smart move by Microsoft:,this is big deal and smart move by microsoft,Positive,Positive,Positive,Positive,Positive,True
#Uber and #Gautrain; how do I thank thee 👏🏽🙌🏽😄😭😭😀🎉,uber and gautrain how do thank thee,Positive,Neutral,Positive,Positive,Positive,True
Uh Oh. Bad Hombres' ... makes ya go Hhmmm.,uh oh bad hombres makes ya will hhmmm,Negative,Neutral,Negative,Negative,Negative,True
the amount of times I've said hallo and imitated Melania Trump tonight is at an all time high ahahaha,the amount of times ve said hallo and imitated melania trump tonight is at an all time high ahahaha,Positive,Neutral,Neutral,Neutral,Neutral,False
@user @user Co-owner of the Cubs Todd Ricketts appointed by Trump as Deputy Secretary of Commerce 😨 what the hell Lucifer,co owner of the cubs todd ricketts appointed by trump as deputy secretary of commerce what the hell lucifer,Negative,Neutral,Negative,Negative,Negative,True
@user Including the many innocent men women and children killed by his direct authorized drone strikes?,including the many innocent men women and children killed by his direct authorized drone strikes,Negative,Neutral,Negative,Negative,Negative,True
"""Of course they would cease; no Clinton in high power right now, so no cash! Watch Charity Foundation cease to exis…",of course they would cease not clinton in high power right now so not cash watch charity foundation cease to exis,Negative,Negative,Negative,Negative,Negative,True
"@user Let’s just say that after the whole #Comey election interference fiasco, I reserve judgement on anything they say. Or don't",lets just say that after the whole comey election interference fiasco reserve judgement on anything they say or has,Neutral,Neutral,Neutral,Neutral,Neutral,True
"I actually hate modern leftists, even though I am fairly left myself. They preach equality, yet when someone disagrees they resort to things",actually hate modern leftists even though am fairly left myself they preach equality yet when someone disagrees they resort to things,Negative,Neutral,Negative,Negative,Negative,True
"Just imagine, this is where kids play. Toxic fumes galore. #MosulOffensive #ChildrenFirst #Iraq via @user",just imagine this is where kids play toxic fumes galore mosuloffensive childrenfirst iraq via,Negative,Neutral,Neutral,Negative,Negative,True
#NeverRomey Come on Trump Transition Romney fought to defeat Trump Put this snake under his rock#NeverRomey,neverromey come on trump transition romney fought to defeat trump put this snake under his rockneverromey,Negative,Neutral,Negative,Negative,Negative,True
@user @user Because everyone knows it's George Soros?,because everyone knows it george soros,Negative,Neutral,Negative,Negative,Negative,True
Fire broke out in one of the #Palestinian shops in Occupied #Jerusalem,fire broke out in one of the palestinian shops in occupied jerusalem,Neutral,Negative,Negative,Negative,Negative,False
"@user Well, I doubt Saakashvili is above rent-an-angy-mob.",well doubt saakashvili is above rent an angy mob,Negative,Neutral,Negative,Negative,Negative,True
@user is it foggy? Foggy and cold in Tipp all week...,is it foggy foggy and cold in tipp all week,Negative,Neutral,Positive,Neutral,Neutral,False
@user really? 😦 Because I'm practicing vegetarianism and I've seen little results.,really because practicing vegetarianism and ve seen little results,Neutral,Negative,Neutral,Neutral,Neutral,True
"@user @user What trash did you put in that kids head? Shame on you-Or is he an idiot? probably, seems to run in the family",what trash did you put in that kids head shame on you or is he an idiot probably seems to run in the family,Negative,Negative,Negative,Negative,Negative,True
"Car Racing Art on Twitter: ""10 Cool Supercars of Cristiano Ronaldo",car racing art on twitter cool supercars of cristiano ronaldo,Neutral,Neutral,Neutral,Positive,Positive,False
Only nasty women and bad hombres would share this very unflattering picture of our Furhur. Be one of those.,only nasty women and bad hombres would share this very unflattering picture of our furhur be one of those,Neutral,Negative,Negative,Negative,Negative,False
OKAY if you haven't seen David Blaine's specials on Netflix watch them IMMEDIATELY,okay if you haven seen david blaine specials on netflix watch them immediately,Positive,Positive,Positive,Neutral,Neutral,False
@user Liberals prefer using waterguns filled with their own tears from Hillary losing the election.,liberals prefer using waterguns filled with their own tears from hillary losing the election,Negative,Neutral,Negative,Negative,Negative,True
Pope Francis has no authority to Allow anything. Seek Jesus not men. Priest can't forgive anything only God!!!,pope francis has not authority to allow anything seek jesus not men priest can forgive anything only god,Negative,Negative,Negative,Neutral,Neutral,False
"#OnThisDay in 1966, Taiyuan Party Chief Jia Jun admitted his statement ""It brings honour to Leftists when Rightists…",onthisday in taiyuan party chief jia jun admitted his statement it brings honour to leftists when rightists,Neutral,Neutral,Neutral,Neutral,Neutral,True
"What an ass. Dems didn't think they needed fix Nov 8th, now got Jill shilling for #HRC. The same woman Stein said w…",what an ass dems didn think they needed fix nov th now got jill shilling for hrc the same woman stein said,Negative,Negative,Negative,Negative,Negative,True
Randall is not happy #ThisIsUs,randall is not happy thisisus,Negative,Positive,Positive,Negative,Negative,True
"After this medical marijuana card, nothing has been the same.",after this medical marijuana card nothing has been the same,Neutral,Neutral,Neutral,Neutral,Neutral,True
Image: The new Red Limit MESSI 16 boots that Leo Messi will wear for the first time this weekend against Real Socie…,image the new red limit messi boots that leo messi will wear for the first time this weekend against real socie,Neutral,Positive,Positive,Neutral,Neutral,True
HISTORY WILL NEVER FORGET THE NAME PRESIDENT BARACK OBAMA!THE 44TH #POTUS#ILoveObama #AnObamaCelebration…,history will never forget the name president barack obama the th potusiloveobama anobamacelebration,Positive,Positive,Positive,Positive,Positive,True
#DumpTrump #WillMissObama #ThankYouObama gets 'choked up' presenting Ellen DeGeneres with Medal of Freedom – video,dumptrump willmissobama thankyouobama gets choked up presenting ellen degeneres with medal of freedom video,Positive,Positive,Positive,Positive,Positive,True
Was able to get #hatchimals but no luck with the #NintendoClassicMini 😡 #blackfridayshopping,was able to get hatchimals but not luck with the nintendoclassicmini blackfridayshopping,Negative,Neutral,Neutral,Neutral,Neutral,False
A Democrat paid for by George Soros.,democrat paid for by george soros,Neutral,Neutral,Negative,Neutral,Neutral,True
Imagine that. And I bet in the election the candidate who wins the popular vote wins the election.…,imagine that and bet in the election the candidate who wins the popular vote wins the election,Neutral,Neutral,Neutral,Neutral,Neutral,True
Please don't leave us with him! #ThankYouObama,please has leave us with him thankyouobama,Negative,Positive,Positive,Positive,Positive,False
Yes I support equality for ALL and love gay marriage LAW. No you won't overturn it because you are scared of the LG…,yes support equality for all and love gay marriage law not you won overturn it because you are scared of the lg,Neutral,Positive,Negative,Positive,Positive,False
@user @user This guy will. Kansas has super voter registration laws & almost 0 fraud! If they put Kri…,this guy will kansas has super voter registration laws almost fraud if they put kri,Positive,Neutral,Neutral,Negative,Negative,False
"Draining the swamp, Part IITrump Stock In Dakota Access Oil Pipeline Raises Questions via @user",draining the swamp part iitrump stock in dakota access oil pipeline raises questions via,Neutral,Neutral,Neutral,Neutral,Neutral,True
Who will serve in President-elect Trump's Cabinet? 11-25-16 - News US UK CA AU,who will serve in president elect trump cabinet news us uk ca au,Neutral,Negative,Neutral,Neutral,Neutral,True
"@user @user I'm all for it until u get to ""Nazi"". Third leg of subculture that requires amputation",all for it until get to nazi third leg of subculture that requires amputation,Negative,Neutral,Negative,Negative,Negative,True
DJ&PK are giving away free @user tickets at Big O Tires 12600 South 4689 West until 10am. Get 2 tix while they last.,dj pk are giving away free tickets at big tires south west until am get tix while they last,Neutral,Neutral,Positive,Neutral,Neutral,True
@user @user you know she was bought and paid for a Pelosi wannabe,you know she was bought and paid for pelosi wannabe,Negative,Neutral,Negative,Negative,Negative,True
Nobody should be underestimating this recount. Came right after Trump said he'll pull out of TPP. It's not over until inauguration on Jan 20,nobody should be underestimating this recount came right after trump said he ll pull out of tpp it not over until inauguration on jan,Negative,Negative,Negative,Negative,Negative,True
@user @user and we've never crossed paths or tweets before but now we never will. Blocked. Go fuck Steve Bannon,and we ve never crossed paths or tweets before but now we never will blocked will fuck steve bannon,Negative,Neutral,Negative,Negative,Negative,True
ADULT Dating for you!!! #LessNoteworthyMovies #WednesdayWisdom #2016WasTheYearThatIFinally…,adult dating for you lessnoteworthymovies wednesdaywisdom wastheyearthatifinally,Neutral,Negative,Negative,Positive,Positive,False
@user I'm sure there is also big similarities between Verlander throwing and Serena Williams throwing.,sure there is also big similarities between verlander throwing and serena williams throwing,Neutral,Positive,Neutral,Neutral,Neutral,True
Interesting take on why not to protest Trump winning the presidency right now. The Right Way to Resist Trump,interesting take on why not to protest trump winning the presidency right now the right way to resist trump,Neutral,Negative,Negative,Neutral,Neutral,True
"He had Michael Moore camping on his doorstep like a groupie, played 'em like a pro—but does it matter now? Wait,…",he had michael moore camping on his doorstep like groupie played em like probut does it matter now wait,Negative,Neutral,Neutral,Negative,Negative,True
@user @user you mean George soros raised money.,you mean george soros raised money,Neutral,Positive,Negative,Neutral,Neutral,True
@user Gods natural fires being blamed by the nazi party of ISRAHELL on original jewish ancestors in the region. SHAME ON ZIONISTS,gods natural fires being blamed by the nazi party of israhell on original jewish ancestors in the region shame on zionists,Negative,Negative,Negative,Negative,Negative,True
This is a fabulous admission of error#NBAwards .@nationalbook,this is fabulous admission of errornbawards,Neutral,Negative,Negative,Positive,Positive,False
"North Korea is literally begging China to stop calling Kim Jong Un ""Kim Fatty the Third."" Politics at its finest.",north korea is literally begging china to stop calling kim jong un kim fatty the third politics at its finest,Neutral,Neutral,Negative,Negative,Negative,False
"#Libya's #oil output recovers to 567kbd bpd after power outage; political risk aside, other spoilers abound",libya oil output recovers to kbd bpd after power outage political risk aside other spoilers abound,Neutral,Neutral,Negative,Negative,Negative,False
"""Post-news, perhaps?""  ""An image of Melania Trump was posted on Fox News The FB Page, an entertainment page that…",post news perhaps an image of melania trump was posted on fox news the fb page an entertainment page that,Neutral,Neutral,Negative,Neutral,Neutral,True
#Luxury Dolce & Gabbana?s New Bag And T-Shirts Celebrate Gay Marriage,luxury dolce gabbana new bag and shirts celebrate gay marriage,Positive,Positive,Positive,Positive,Positive,True
"@user Do u honestly think Romo is better than Dak as a all around qb? Look at the record, turnovers ratio, n where tony is seated",do honestly think romo is better than dak as all around qb look at the record turnovers ratio where tony is seated,Negative,Positive,Neutral,Neutral,Neutral,False
"@user @user @user @user they're stupid then. Minimum wage, tax credits, new hospitals & schools. All Labour.",they re stupid then minimum wage tax credits new hospitals schools all labour,Negative,Neutral,Negative,Negative,Negative,True
Inspire and motivate your children or students by reading them the biography of San Antonio Spurs star Tim Duncan.,inspire and motivate your children or students by reading them the biography of san antonio spurs star tim duncan,Positive,Neutral,Positive,Neutral,Neutral,False
Can any one help me find a Hatchimal? I need one for each of my kiddies! I can't find stock anywhere 😰 #Hatchimals,can any one help me find hatchimal need one for each of my kiddies can find stock anywhere hatchimals,Neutral,Negative,Neutral,Neutral,Neutral,True
The only person self-interested #Saakashvili hasn't criticized in the Ukrainian govt is self-interested #Tymoshenko. #DestructiveForces,the only person self interested saakashvili hasn criticized in the ukrainian government is self interested tymoshenko destructiveforces,Negative,Neutral,Negative,Negative,Negative,True
@user You can't register to vote if you are not a citizen. Period. Stop your desperate conspiracy theories. She WON popular vote.,you can register to vote if you are not citizen period stop your desperate conspiracy theories she won popular vote,Negative,Negative,Negative,Negative,Negative,True
"@user India, I am sure top management/Admin would've fallen Prey to Leftists'/Psedoseculiars' setting tempetions -:)!",india am sure top management admin would ve fallen prey to leftists psedoseculiars setting tempetions,Negative,Neutral,Negative,Negative,Negative,True
"@user Yep true, that's why they partied hard ! :)",yep true that why they partied hard,Positive,Neutral,Negative,Neutral,Neutral,False
@user @user @user Way Romney talked about  98% that does not have wealth like him will turn into a nightmare for People,way romney talked about that does not have wealth like him will turn into nightmare for people,Negative,Negative,Negative,Negative,Negative,True
This cop actually brought a P90 Shapewood too kill hosts in westworld. I'M DYING,this cop actually brought shapewood too kill hosts in westworld dying,Negative,Negative,Negative,Neutral,Neutral,False
"@user Westworld.I think u would appreciate the amazing acting in that show.Also, robots!Speaking of robots,also check out Mr.Robot!",westworld think would appreciate the amazing acting in that show also robots speaking of robots also check out mr robot,Positive,Positive,Positive,Positive,Positive,True
@user @user @user Don't worry. Poroshenko made up for it.,has worry poroshenko made up for it,Neutral,Neutral,Neutral,Neutral,Neutral,True
For confirmation we'll go to Steve Bannon of #DarknessIsGood fame. @user @user @user @user @user,for confirmation we ll will to steve bannon of darknessisgood fame,Neutral,Neutral,Neutral,Neutral,Neutral,True
The latest Medical Cannabis Grow News! Thanks to @user @user @user #marijuana #cannabis,the latest medical cannabis grow news thanks to marijuana cannabis,Neutral,Neutral,Neutral,Neutral,Neutral,True
"I have good relationships with Hillary Clinton, Joseph Biden ... #MikheilSaakashvili #quotation",have good relationships with hillary clinton joseph biden mikheilsaakashvili quotation,Positive,Positive,Positive,Positive,Positive,True
@user @user @user  alt-right leaders are a pack of rabid dingos bad hombres in the hood!,alt right leaders are pack of rabid dingos bad hombres in the hood,Negative,Negative,Negative,Negative,Negative,True
These people are clutching their pearls over leftists hoping for Steven Woolfe's death.,these people are clutching their pearls over leftists hoping for steven woolfe death,Negative,Negative,Negative,Negative,Negative,True
@user you were elected with promise to keep #Medicaid #Medicare Paul Ryan was not elected #POTUS PLEASE do not kill w his plan,you were elected with promise to keep medicaid medicare paul ryan was not elected potus please do not kill his plan,Negative,Neutral,Negative,Negative,Negative,True
"If you celebrated Thanksgiving from abroad this year, send us photos from your experience & we can share them!…",if you celebrated thanksgiving from abroad this year send us photos from your experience we can share them,Positive,Negative,Positive,Positive,Positive,True
George Soros. A SS in the National Socialist German workers party. Nazi party. He served under Hitler. The Democrat…,george soros ss in the national socialist german workers party nazi party he served under hitler the democrat,Negative,Neutral,Negative,Negative,Negative,True
"Check out Part 1 of our #podcast series: Tackling the Flu, Naturally: Discovering #Homeopathy",check out part of our podcast series tackling the flu naturally discovering homeopathy,Neutral,Neutral,Neutral,Neutral,Neutral,True
"@user if this were true, it would be good... Because Assange would target Marine Le Pen",if this were true it would be good because assange would target marine le pen,Positive,Positive,Positive,Neutral,Neutral,False
The perfect Christmas gift for any lapsed Catholics or dentists that you only want to spend £2.60 on.…,the perfect christmas gift for any lapsed catholics or dentists that you only want to spend on,Neutral,Positive,Positive,Positive,Positive,False
wanting to vicariously live through someone else's abortion,wanting to vicariously live through someone else abortion,Neutral,Neutral,Negative,Neutral,Neutral,True
".@APHClarkson More realistic version: TRUMP: Putin is a great guy. POROSHENKO: I totally agree! TRUMP: That was a joke, dumb boy.",more realistic version trump putin is great guy poroshenko totally agree trump that was joke dumb boy,Positive,Negative,Negative,Positive,Positive,True
"@user yo, writing a paper on automation, can you send me stats on accidents in self driving cars thx bb",yo writing paper on automation can you send me stats on accidents in self driving cars thx bb,Neutral,Neutral,Neutral,Negative,Negative,False
"bitch tried knocking my hustle the other day. ""That's why you work at toys r us"" no bitch I got 2 jobs and I don't make minimum wage either💋",bitch tried knocking my hustle the other day that why you work at toys us not bitch got jobs and has let minimum wage either,Negative,Negative,Negative,Negative,Negative,True
"I would think Ben Carson would make a better Surgeon General than Housing and Urban Development Secretary, at first glance",would think ben carson would let better surgeon general than housing and urban development secretary at first glance,Neutral,Neutral,Neutral,Neutral,Neutral,True
@user U off your rocker?  We are not supremacists but how can we trust someone like Romney who backed U among other things,off your rocker we are not supremacists but how can we trust someone like romney who backed among other things,Neutral,Negative,Negative,Neutral,Neutral,True
@user @user @user what does that have to do with PC? + she's only promoting her book. was a victim too.,what does that have to do with pc she only promoting her book was victim too,Neutral,Neutral,Neutral,Negative,Negative,False
Muhammad ali the great boxer speaks about his conversion to islam,muhammad ali the great boxer speaks about his conversion to islam,Positive,Positive,Neutral,Positive,Positive,True
Colour #3DPrinting is en vogue for luxury eyewear makers @user,colour dprinting is en vogue for luxury eyewear makers,Neutral,Positive,Neutral,Positive,Positive,False
@user Apparently it'll be based on the cubs oath. All immigrants will pledge to do their best and pay their duty to God and the Queen.,apparently it ll be based on the cubs oath all immigrants will pledge to do their best and pay their duty to god and the queen,Neutral,Positive,Positive,Neutral,Neutral,True
(Montreal Gazette):#Leonard #Cohen albums sell fast in Montreal : Since the singing poet..,montreal gazette leonard cohen albums sell fast in montreal since the singing poet,Positive,Neutral,Positive,Positive,Positive,True
"In this article, our Content Strategist, Michele Baker, takes an intriguing look at Google Earth VR, and where...",in this article our content strategist michele baker takes an intriguing look at google earth vr and where,Neutral,Positive,Neutral,Neutral,Neutral,True
"Chris + 15-char username is a doubt, the 'International Day of fossil fuels I got some music-related puns.",chris char username is doubt the international day of fossil fuels got some music related puns,Negative,Neutral,Negative,Negative,Negative,True
"EU is finished, in my opinion. Marine Le Pen will win France elections and try to get her country out of the union. #Renzi",eu is finished in my opinion marine le pen will win france elections and try to get her country out of the union renzi,Negative,Neutral,Negative,Negative,Negative,True
"Disgraceful, hope Trump dumps US puppet @user - how many thousands of  own citizens has Kiev regime killed? (…",disgraceful hope trump dumps us puppet how many thousands of own citizens has kiev regime killed,Negative,Neutral,Negative,Negative,Negative,True
"..... It has been a long time, sister.Seems you have been very busy playing with your robots. –Hmpf– @user",it has been long time sister seems you have been very busy playing with your robots hmpf,Neutral,Positive,Negative,Negative,Negative,False
"@user women's right to choose, opposing gay marriage",women right to choose opposing gay marriage,Neutral,Neutral,Neutral,Neutral,Neutral,True
"Steve Bannon is a misogynistic, white supremacist homophobe--and he's Trump's new top advisor. Take action:",steve bannon is misogynistic white supremacist homophobe and he trump new top advisor take action,Negative,Neutral,Neutral,Negative,Negative,True
I rated #ThisIsUs (S01E08) 5/5 on @user #MustWatch. Check out my review here,rated thisisus on mustwatch check out my review here,Positive,Positive,Positive,Positive,Positive,True
@user from @user  -  #rickymartin #JardinesDeMéxico ¡Gracias! 🙏🏻 #OneWorldTour #México #Meksika…,from rickymartin jardinesdemxico gracias oneworldtour mxico meksika,Positive,Neutral,Neutral,Positive,Positive,True
"Of all things ESPN's resident style guru picks, it's my vest? I'm wearing TONY ROMO SOCKS!",of all things espn resident style guru picks it my vest wearing tony romo socks,Neutral,Neutral,Neutral,Neutral,Neutral,True
ALL i ASK is for an ANSWER re #Aleppo either yes or no OR for u to post something #Aleppo related of ur own to help spread the word <3,all ask is for an answer re aleppo either yes or not or for to post something aleppo related of ur own to help spread the word,Neutral,Neutral,Neutral,Neutral,Neutral,True
@user true  go nigel go i stay with brexit and now i hope early italyexit,true will nigel will stay with brexit and now hope early italyexit,Neutral,Neutral,Neutral,Neutral,Neutral,True
"@user fossil fuels are unbelievably harmful to the environment, and there are many people who are living on green energy and thriving",fossil fuels are unbelievably harmful to the environment and there are many people who are living on green energy and thriving,Neutral,Negative,Neutral,Neutral,Neutral,True
“Plus Size Model” Ashley Graham Admits She Wanted to Be Thinner (via etnow),plus size model ashley graham admits she wanted to be thinner via etnow,Neutral,Neutral,Neutral,Neutral,Neutral,True
And the spoiler I just read for episode 7 of #TheWalkingDead,and the spoiler just read for episode of thewalkingdead,Neutral,Positive,Neutral,Neutral,Neutral,True
@user @user @user @user @user @user how about the states Hillary won by less votes??? Them too?,how about the states hillary won by less votes them too,Negative,Negative,Negative,Negative,Negative,True
NW: #ScreamQueens ep. 5 Thank God Chanel # 5 is still alive! <3,nw screamqueens ep thank god chanel is still alive,Positive,Positive,Positive,Positive,Positive,True
#LoneStarGunRights Texas Gun Store Owner Appeared With Gun Control Group - But Why?. Read Blog:,lonestargunrights texas gun store owner appeared with gun control group but why read blog,Neutral,Neutral,Neutral,Neutral,Neutral,True
FrackNation HOT Documentary New Documentary...90min. #FRACKING #EDUCATIONAL VIDEO#HEALTH #ALERT#GEOENGINEERING,fracknation hot documentary new documentary min fracking educational videohealth alertgeoengineering,Neutral,Neutral,Neutral,Neutral,Neutral,True
"AUKEY Car Charger with Quick Charge 3.0 for LG G5, Samsung Galaxy S7/S6/Edge, Note 7/5/4",aukey car charger with quick charge for lg samsung galaxy edge note,Neutral,Neutral,Neutral,Neutral,Neutral,True
My new crush! 😍 #dontputyourfingerthere #shebites #armistice ##Westworld #WestworldFinale @user  @user,my new crush dontputyourfingerthere shebites armistice westworld westworldfinale,Positive,Positive,Positive,Positive,Positive,True
Y'all are surprised Kanye's brain broke?! David Blaine is a fucking DEMON YO!!!,all are surprised kanye brain broke david blaine is fucking demon yo,Negative,Negative,Negative,Negative,Negative,True
Bday whiskeys @user with local baskets of deplorables @user @user @user @user,bday whiskeys with local baskets of deplorables,Neutral,Neutral,Neutral,Neutral,Neutral,True
When all the poor whites who voted for Trump get their Medicaid taken from them I'ma be like ¯\_(ツ)_/¯,when all the poor whites who voted for trump get their medicaid taken from them ma be like,Negative,Negative,Negative,Negative,Negative,True
The latest Earth Echos Daily! Thanks to @user #yemen #archives,the latest earth echos daily thanks to yemen archives,Positive,Positive,Positive,Positive,Positive,True
"3D printing: it'll either teach you patience, or exhaust it!",printing it ll either teach you patience or exhaust it,Neutral,Neutral,Positive,Positive,Positive,False
"B. Comey’s failure to solve them, not a very disturbing—record.",comeys failure to solve them not very disturbingrecord,Negative,Negative,Negative,Negative,Negative,True
"@user I know the concept is foreign to you (or as you would say bad, bigly bad hombres but even fake sincerity should appear real",know the concept is foreign to you or as you would say bad bigly bad hombres but even fake sincerity should appear real,Negative,Negative,Negative,Neutral,Neutral,False
"#MuhammadAli Muhammad Ali Boxing #Poster ""Body and Soul"" 11x14 Mexican Lobby Card RARE #Legend #Boxer",muhammadali muhammad ali boxing poster body and soul mexican lobby card rare legend boxer,Neutral,Neutral,Neutral,Neutral,Neutral,True
A rally 3 years ago at the Capital. Why did Utah cut Medicaid for those in need like my brother? Assholes.,rally years ago at the capital why did utah cut medicaid for those in need like my brother assholes,Negative,Neutral,Neutral,Negative,Negative,True
@user The most annoying thing to me about the centrist scolds is how they pretend POC/queer/female leftists don't exist.,the most annoying thing to me about the centrist scolds is how they pretend poc queer female leftists has exist,Negative,Negative,Negative,Negative,Negative,True
@user             BBC Bullshit Baffles BrainsMarine Le Pen..,bbc bullshit baffles brainsmarine le pen,Negative,Negative,Negative,Negative,Negative,True
BritishVogue: Why Ashley’s our girl this month:,britishvogue why ashleys our girl this month,Neutral,Neutral,Negative,Neutral,Neutral,True
Black firday saleHead commissionsPersona 5 HUD commissions (best if you get both for $2 extra),black firday salehead commissionspersona hud commissions best if you get both for extra,Neutral,Positive,Positive,Neutral,Neutral,True
"Here comes Marine Le Pen, she is hoping for a similar upset next year in the French election, says Italy votes against EU...",here comes marine le pen she is hoping for similar upset next year in the french election says italy votes against eu,Negative,Negative,Neutral,Negative,Negative,True
@user @user ...time for you to go down to riverwalk for coffee !Buh bye......,time for you to will down to riverwalk for coffee buh bye,Neutral,Neutral,Neutral,Positive,Positive,False
"Liberals will make the SNL argument of ""it made Clinton unelectable!"" Leftists might say it's neoliberal individualism gone mad.",liberals will let the snl argument of it made clinton unelectable leftists might say it neoliberal individualism gone mad,Negative,Negative,Negative,Negative,Negative,True
@user @user Not so. Seems the #Kremlintrolls keep lying up a storm to blame UKR for #MH17 even though they've been debunked,not so seems the kremlintrolls keep lying up storm to blame ukr for mh even though they ve been debunked,Negative,Negative,Negative,Negative,Negative,True
"Mass immigration is turning communities into GHETTOS, report reveals | UK | News | Daily Express:",mass immigration is turning communities into ghettos report reveals uk news daily express,Negative,Negative,Negative,Neutral,Neutral,False
"RT @user Literal Nazi: ""I am a literal Nazi.""Media: ""This alt-right reactionary is stirring up nationalist fervor.""",literal nazi am literal nazi media this alt right reactionary is stirring up nationalist fervor,Negative,Negative,Negative,Negative,Negative,True
#Spurs #GoSpursGo 2008 Fleer #116 Tim Duncan PSA 10 Gem Mint Low POP 4 #TimDuncan #NBA,spurs gospursgo fleer tim duncan psa gem mint low pop timduncan nba,Positive,Neutral,Positive,Positive,Positive,True
@user my deep learning algorithm isn't though - training can take time.,my deep learning algorithm isn though training can take time,Negative,Neutral,Neutral,Negative,Negative,True
Robots endanger up to two-thirds of emerging economy jobs: UN,robots endanger up to two thirds of emerging economy jobs un,Neutral,Positive,Neutral,Neutral,Neutral,True
Service Pack 1 makes all SQL Server 2016 versions functionally identical.,service pack makes all sql server versions functionally identical,Neutral,Positive,Neutral,Neutral,Neutral,True
@user Kc still be thinking Broncos are the shit. Man he is crazier than hell. They the ones wanting Tony Romo 😂,kc still be thinking broncos are the shit man he is crazier than hell they the ones wanting tony romo,Negative,Negative,Negative,Negative,Negative,True
"@user although it'd be extra nice is Maduro (president of Venezuela, where i live) could be included in that pack with Fidel",although it be extra nice is maduro president of venezuela where live could be included in that pack with fidel,Negative,Positive,Neutral,Neutral,Neutral,False
Case-Mate: Samsung Galaxy Note 7 Case Collection – Free Shipping,case mate samsung galaxy note case collection free shipping,Neutral,Neutral,Neutral,Neutral,Neutral,True
@user 1. Michell 2. Sookie  3. Ms patty. 4. Ms celine. #GilmoreGirlsTop4,michell sookie ms patty ms celine gilmoregirlstop,Neutral,Neutral,Neutral,Neutral,Neutral,True
Watch @user Thanksgiving Day #MannequinChallenge (Video),watch thanksgiving day mannequinchallenge video,Neutral,Positive,Positive,Neutral,Neutral,True
?UpWithWatts:Petition the Electoral College | Roger Wolfson,upwithwatts petition the electoral college roger wolfson,Neutral,Neutral,Neutral,Neutral,Neutral,True
Join me in ridding your house of #methane producing gas We don't need #fracking Seek @user from @user,join me in ridding your house of methane producing gas we has need fracking seek from,Negative,Neutral,Neutral,Negative,Negative,True
"Saakashvili talking about the risk of ""5,000 people taking over Kharkiv and Odesa"" and calls for early elections.https://t.co/X7xihw824v",saakashvili talking about the risk of people taking over kharkiv and odesa and calls for early elections,Neutral,Neutral,Negative,Neutral,Neutral,True
"Never change, offseason award season. That and plenty more in @user Wind Up:https://t.co/IJegpTZ7NY",never change offseason award season that and plenty more in wind up,Neutral,Neutral,Neutral,Neutral,Neutral,True
@user @user  now we just need similar news about George Soros!,now we just need similar news about george soros,Neutral,Neutral,Neutral,Neutral,Neutral,True
I liked a @user video from @user DIL || NINJA || Valentines Special || New Punjabi Songs 2016 || FULL,liked video from dil ninja valentines special new punjabi songs full,Positive,Positive,Positive,Positive,Positive,True
@user Kim Jong Un needs to mix in a salad once in a while.,kim jong un needs to mix in salad once in while,Negative,Neutral,Neutral,Neutral,Neutral,False
#ICYMI @user @user @user team up for an epic commercial.@selenagomez gives an empowering speech.…,icymi team up for an epic commercial gives an empowering speech,Positive,Neutral,Negative,Positive,Positive,True
"#MuhammadAli Limited Edition Muhammad Ali Leather New Era Hat, With Tags Size 7 1/4 #Legend #Boxer",muhammadali limited edition muhammad ali leather new era hat with tags size legend boxer,Neutral,Neutral,Neutral,Neutral,Neutral,True
"@user HAS THE HILL REPORTED ON THE ANTI TRUMP RIOTS? LOOTING,BURNING DESTROYING BUSINESSES ? ARE THE THUGS  AND KIDS RUNNING OUR COUNTRY?",has the hill reported on the anti trump riots looting burning destroying businesses are the thugs and kids running our country,Negative,Negative,Negative,Negative,Negative,True
He's already ENRICHING HIMSELF by charging SS TOP price @user Towers Melania should b forced 2 live @user when time,he already enriching himself by charging ss top price towers melania should forced live when time,Negative,Neutral,Negative,Negative,Negative,True
"Read the first chapter of @user THE UNDERGROUND RAILROAD, Winner of the 2016 #NBAwards for Fiction",read the first chapter of the underground railroad winner of the nbawards for fiction,Neutral,Neutral,Neutral,Neutral,Neutral,True
"well if Trump AG goes after Clinton Foundation, Hillary can go after the Trump foundation & the GOP AG will look li…",well if trump ag goes after clinton foundation hillary can will after the trump foundation the gop ag will look li,Neutral,Neutral,Negative,Negative,Negative,False
Like how are you going to tell a woman who was raped she can't have an abortion. Controlling much? That makes no sense.,like how are you going to tell woman who was raped she can have an abortion controlling much that makes not sense,Negative,Negative,Negative,Negative,Negative,True
Now to wait for persona 5 😩😩😩😩,now to wait for persona,Neutral,Positive,Neutral,Neutral,Neutral,True
@user @user @user @user @user Nancy Pelosi and soooo many more w Obama masquerading as a Moderate.,nancy pelosi and soooo many more obama masquerading as moderate,Negative,Neutral,Negative,Negative,Negative,True
I needa be sleep😑,needa be sleep,Neutral,Neutral,Neutral,Neutral,Neutral,True
Leonard Cohen laid to rest in private burial ‘exactly as he'd asked’ son reveals via @user,leonard cohen laid to rest in private burial exactly as he asked son reveals via,Neutral,Neutral,Neutral,Neutral,Neutral,True
@user @user Can I be Chanel #11 instead?😭💓#ScreamQueens,can be chanel instead screamqueens,Neutral,Positive,Negative,Neutral,Neutral,True
The Trump Foundation was used as his personal slush fund. The Clinton foundation is a highly-rated charity that has…,the trump foundation was used as his personal slush fund the clinton foundation is highly rated charity that has,Negative,Neutral,Negative,Negative,Negative,True
Looks like Spain and Airbus were part of military shipments to #Yemen,looks like spain and airbus were part of military shipments to yemen,Neutral,Negative,Negative,Neutral,Neutral,True
"im like a hawaiian roll still in the bag because your mom won't let you open it because ""they for thanksgiving""",im like hawaiian roll still in the bag because your mom won let you open it because they for thanksgiving,Neutral,Positive,Positive,Positive,Positive,False
Check out NIB Wal-Mart EXCLUSIVE #Hatchimals #Burtle By Spin Master - 1 day left,check out nib wal mart exclusive hatchimals burtle by spin master day left,Neutral,Neutral,Neutral,Neutral,Neutral,True
"You seriously expect to keep the vaccines cool with a ballpoint pen, a dozen tins of tuna in brine and no interruptions?",you seriously expect to keep the vaccines cool with ballpoint pen dozen tins of tuna in brine and not interruptions,Negative,Positive,Negative,Positive,Positive,False
If you have any love for Leonard Cohen you have to read Beautiful Losers like right now.,if you have any love for leonard cohen you have to read beautiful losers like right now,Positive,Positive,Positive,Positive,Positive,True
Its that time of night again where no one can beat me at Rock'em Sock'em Robots.,its that time of night again where not one can beat me at rock em sock em robots,Positive,Positive,Positive,Neutral,Neutral,False
How #EU secretly embraced #Israeli ministry in East #Jerusalem @user V @user #Palestinians #HumanRights,how eu secretly embraced israeli ministry in east jerusalem palestinians humanrights,Neutral,Neutral,Neutral,Neutral,Neutral,True
This...is upsetting and a manipulative way of diverting the conversation about gun control.,this is upsetting and manipulative way of diverting the conversation about gun control,Negative,Positive,Neutral,Negative,Negative,True
"If there is a higher power out there, his name is David Blaine",if there is higher power out there his name is david blaine,Neutral,Neutral,Neutral,Neutral,Neutral,True
"When all the nut jobs w guns start in, maybe it will be Trump's presidency that gets the US gun control...",when all the nut jobs guns start in maybe it will be trump presidency that gets the us gun control,Neutral,Neutral,Negative,Negative,Negative,False
But remember the Clinton Foundation??,but remember the clinton foundation,Neutral,Neutral,Negative,Neutral,Neutral,True
.@POTUS @user Please help endangered species in war torn #Yemen zoo & help stop the bombs! #SaveTaiz,please help endangered species in war torn yemen zoo help stop the bombs savetaiz,Neutral,Negative,Negative,Neutral,Neutral,True
@user did u need verlander for some trade bait,did need verlander for some trade bait,Neutral,Neutral,Neutral,Neutral,Neutral,True
There's no better way to get around in London than an #uber with Abdulla in his all black #prius banging the tunes…,there not better way to get around in london than an uber with abdulla in his all black prius banging the tunes,Neutral,Neutral,Neutral,Neutral,Neutral,True
@user what was it that @user recently said about the cy young vote? I feel like saying a similar thought for this here,what was it that recently said about the cy young vote feel like saying similar thought for this here,Neutral,Neutral,Neutral,Neutral,Neutral,True
See how Uber drivers use weteak's software to track income and manage expenses!,see how uber drivers use weteak software to track income and manage expenses,Positive,Neutral,Neutral,Neutral,Neutral,False
"@user @user @user @user @user @user Only if he's collecting & filling his cabinet with,,",only if he collecting filling his cabinet with,Neutral,Neutral,Negative,Neutral,Neutral,True
Swampbitch Nasty Pelosi  loves yelling 'Fire' in the crowded swamp. #blackfriday @user,swampbitch nasty pelosi loves yelling fire in the crowded swamp blackfriday,Negative,Neutral,Negative,Negative,Negative,True
@user the reality is that anyone who made a big splash in their teens & is now not in a 20-something or eligible for social security,the reality is that anyone who made big splash in their teens is now not in something or eligible for social security,Negative,Negative,Negative,Negative,Negative,True
"@user ur CEO was on #GMA and  said that there would be plenty of #Hatchimals and ur Kingston,Ma said they didn't",ur ceo was on gma and said that there would be plenty of hatchimals and ur kingston ma said they didn,Neutral,Neutral,Neutral,Neutral,Neutral,True
Courageous & compelling story telling of terrible trap for civilians #Mosul #Mosuloffensive @user,courageous compelling story telling of terrible trap for civilians mosul mosuloffensive,Neutral,Neutral,Negative,Negative,Negative,False
hey kim jong-un put down the bioculars big guy-parties over-c r nukey nukeys-your ass is grass big boy.yep never fear-the donald's here- :O),hey kim jong un put down the bioculars big guy parties over nukey nukeys your ass is grass big boy yep never fear the donald here,Negative,Negative,Negative,Negative,Negative,True
not no muhammad ali but I can back my stuff up,not not muhammad ali but can back my stuff up,Neutral,Negative,Neutral,Neutral,Neutral,True
"@user @user @user Bull. #Trump is at Mar-A-Lago all weekend -- probably playing #golf with ""elites"" #DrainTheSwamp",bull trump is at mar lago all weekend probably playing golf with elites draintheswamp,Neutral,Neutral,Neutral,Neutral,Neutral,True
I liked a @user video Kobe Bryant Reverse Dunk on Tim Duncan,liked video kobe bryant reverse dunk on tim duncan,Positive,Positive,Positive,Positive,Positive,True
"Millennials, perpetual petulant children, The Daycare Generation. #p2 #tcot #maga #trump protest",millennials perpetual petulant children the daycare generation tcot maga trump protest,Neutral,Neutral,Negative,Neutral,Neutral,True
One direction sounds a little different #voiceover #onedirection #jaronsvoice #lo... (Vine by @user,one direction sounds little different voiceover onedirection jaronsvoice lo vine by,Neutral,Neutral,Neutral,Neutral,Neutral,True
"Bob Dylan sings his 7th biggest hit, Gotta Serve Somebody live on the 1980 Grammy Awards. Intro by Kenny Rogers -",bob dylan sings his th biggest hit gotta serve somebody live on the grammy awards intro by kenny rogers,Positive,Positive,Positive,Neutral,Neutral,False
"@user Hi! I counted 110,000  votes Hillary lost across the 3 close states(wi, pa, mi) v  popular vote. Does that work?",hi counted votes hillary lost across the close states wi pa mi popular vote does that work,Neutral,Negative,Neutral,Negative,Negative,False
"Message @user @user phone off, shirt on... Mi Skansen",message phone off shirt on mi skansen,Neutral,Positive,Neutral,Neutral,Neutral,True
Since Trump became President: Media credibility - deadClinton dynasty - dead TPP - deadFidel Castro - dead#MAGA #TRUMP,since trump became president media credibility deadclinton dynasty dead tpp deadfidel castro deadmaga trump,Negative,Negative,Negative,Negative,Negative,True
Melania Trump Gives Rare Campaign Speech,melania trump gives rare campaignspeech,Neutral,Neutral,Neutral,Neutral,Neutral,True
"You say this that endo, but it smell like that outdo.",you say this that endo but it smell like that outdo,Neutral,Negative,Negative,Neutral,Neutral,True
@user @user @user @user Dem drone strikes doe,them drone strikes doe,Neutral,Neutral,Negative,Neutral,Neutral,True
#ifonly #stillwithher #presidenthillaryclinton #monsinnyc while walking down the street on…,ifonly stillwithher presidenthillaryclinton monsinnyc while walking down the street on,Positive,Neutral,Neutral,Neutral,Neutral,False
"@user @user Sure. Why not? How about ramp up in drone strikes? FISA courts? US Citz targeted w/out due process? BTW, this is Obama",sure why not how about ramp up in drone strikes fisa courts us citz targeted out due process btw this is obama,Negative,Negative,Negative,Negative,Negative,True
"Liberals set plan to phase out coal by 2030, with flexibility for Nova Scotia - why not @user via @user",liberals set plan to phase out coal by with flexibility for nova scotia why not via,Neutral,Neutral,Neutral,Negative,Negative,False
If Stein was genuinely interested in ferreting voting irregularities she would pursue correcting voter registration & standardize machines,if stein was genuinely interested in ferreting voting irregularities she would pursue correcting voter registration standardize machines,Neutral,Neutral,Neutral,Neutral,Neutral,True
Meet the stars of our #MannequinChallenge! It is online now on our FB-page! Let's #orangetheworld and put an end to…,meet the stars of our mannequinchallenge it is online now on our fb page let orangetheworld and put an end to,Neutral,Neutral,Neutral,Positive,Positive,False
@user *teringat ricky martin 😆,teringat ricky martin,Positive,Positive,Neutral,Positive,Positive,True
Rest In Peace #jamesmeans I'm praying for his family #BlackLivesMatter,rest in peace jamesmeans praying for his family blacklivesmatter,Neutral,Neutral,Neutral,Neutral,Neutral,True
New #android #app: Cristiano Ronaldo Wallpapers,new android app cristiano ronaldo wallpapers,Neutral,Neutral,Neutral,Neutral,Neutral,True
"@user he got kicked out because he tried to present half the argument, something the greens and gun control Australia specialise in",he got kicked out because he tried to present half the argument something the greens and gun control australia specialise in,Negative,Neutral,Negative,Negative,Negative,True
Trudeau Liberals even will remove mandatory minimum sentences on sex crimes against children - 😮 - did you vote for…,trudeau liberals even will remove mandatory minimum sentences on sex crimes against children did you vote for,Negative,Negative,Negative,Negative,Negative,True
"@user BanKi-moon called the embargo “most unjust,severe,longlived” sanctions ever appld agnst a cntry #Cuba",banki moon called the embargo most unjust severe longlived sanctions ever appld agnst cntry cuba,Negative,Positive,Neutral,Negative,Negative,True
"IFC signed agreement with Bank of #Palestine to scale up lending operations to smaller firms, especially women-owne…",ifc signed agreement with bank of palestine to scale up lending operations to smaller firms especially women owne,Positive,Neutral,Neutral,Neutral,Neutral,False
"I tried HTC vive VR headset and google earth VR, then painted using Tilt Brush. Holy Cow! I didn't want to get out of that world!",tried htc vive vr headset and google earth vr then painted using tilt brush holy cow didn want to get out of that world,Positive,Neutral,Neutral,Negative,Negative,False
"with the Electoral College being decided by 0.06% of the vote, there's no way you can trace it to any one cause",with the electoral college being decided by of the vote there not way you can trace it to any one cause,Neutral,Negative,Negative,Neutral,Neutral,True
Yesterday was #NationalFastFoodDay and today is TAYLOR DAY!! Coincidence? I don't think so. 🤗🌮🍟🍔🍕,yesterday was nationalfastfoodday and today is taylor day coincidence has think so,Positive,Positive,Positive,Positive,Positive,True
AMAZING: Folliculitis Decalvans Homeopathic Cure by Dr. Ravi Singhhttps://t.co/SVl7AoW26Y#Homeopathy,amazing folliculitis decalvans homeopathic cure by dr ravi singh,Neutral,Positive,Positive,Positive,Positive,False
Mahan Air W5142 on its way to stoke sectarian conflict in Syria with more weapons' supplies for #Assad & #Hezbollah,mahan air on its way to stoke sectarian conflict in syria with more weapons supplies for assad hezbollah,Neutral,Neutral,Neutral,Neutral,Neutral,True
This simply means in English he is providing more support for @user and #BlackLivesMatter to set them up and do h…,this simply means in english he is providing more support for and blacklivesmatter to set them up and do,Neutral,Neutral,Positive,Positive,Positive,False
Here's Clinton giving her support for BLM #BlackLivesMatter #VoteGreen @user @user @user,here clinton giving her support for blm blacklivesmatter votegreen,Positive,Neutral,Negative,Positive,Positive,True
"@user babe i thought you can do whatever you want... But, love, I'm no longer want to be without you.",babe thought you can do whatever you want but love not longer want to be without you,Positive,Positive,Positive,Positive,Positive,True
"The house is quiet, and I am sitting by the fire and watching the latest @user episode. Yes, it's the perfect morning. #ThisIsUs",the house is quiet and am sitting by the fire and watching the latest episode yes it the perfect morning thisisus,Positive,Positive,Positive,Positive,Positive,True
"Industry leaders were stunned by the election of Trump and unprepared for plans to ""repeal and replace"" Obamacare.",industry leaders were stunned by the election of trump and unprepared for plans to repeal and replace obamacare,Negative,Negative,Negative,Negative,Negative,True
Grayson Allen with five points and a really nice assist over the final 2:40 and Duke leads William & Mary 46-30 at the half.,grayson allen with five points and really nice assist over the final and duke leads william mary at the half,Positive,Neutral,Positive,Positive,Positive,True
"Catherine McKenna, what a winner she is, refusing to answer Peter Armstrongs question in regards to the pipeline.Typical Liberals.👎👎👎",catherine mckenna what winner she is refusing to answer peter armstrongs question in regards to the pipeline typical liberals,Negative,Neutral,Negative,Negative,Negative,True
"#cannabis ... of the discretion that's going on at the federal level,"" said Michael Bronstein, co-founder of the A…",cannabis of the discretion that going on at the federal level said michael bronstein co founder of the,Neutral,Neutral,Neutral,Neutral,Neutral,True
Conducted overt and covert security coverage during the pay out of Social Pension for Indigent Senior...,conducted overt and covert security coverage during the pay out of social pension for indigent senior,Neutral,Neutral,Neutral,Neutral,Neutral,True
#VR Digest Issue 95: Black Friday deals on HTC Vive and Oculus Rift; chimp tries out VR; Google launches Earth VR!,vr digest issue black friday deals on htc vive and oculus rift chimp tries out vr google launches earth vr,Neutral,Neutral,Neutral,Neutral,Neutral,True
@user Hillary Clinton Picks TPP and Fracking Advocate To Set Up Her White House,hillary clinton picks tpp and fracking advocate to set up her white house,Neutral,Neutral,Neutral,Neutral,Neutral,True
"@user I agree. But w/ Trump in it will embolden voter suppression, RW nationalists, racism, rolling back progress. We have to fight",agree but trump in it will embolden voter suppression rw nationalists racism rolling back progress we have to fight,Negative,Neutral,Neutral,Neutral,Neutral,False
"Let all of us kukuma just be carrying guns about, then we'll probably be need one of them gun control legislations. Ugh!",let all of us kukuma just be carrying guns about then we ll probably be need one of them gun control legislations ugh,Negative,Negative,Negative,Negative,Negative,True
"Hard Brexit.Otherwise, it's like the Germans are asking you to kiss their ass for daring to leave their (dominant)…",hard brexit otherwise it like the germans are asking you to kiss their ass for daring to leave their dominant,Negative,Negative,Negative,Negative,Negative,True
@user Democrats will always b on the defensive. Warren said she would protest changes Trump seeks 2 make 2 the agency she helped create.,democrats will always on the defensive warren said she would protest changes trump seeks let the agency she helped create,Negative,Neutral,Negative,Negative,Negative,True
"OH NO! The Jeep Conveying Fidel Castro's Ashes Broke Down During Funeral Procession Fidel Castro, News, politics",oh not the jeep conveying fidel castro ashes broke down during funeral procession fidel castro news politics,Negative,Neutral,Neutral,Negative,Negative,True
Highland Council Website achieves Gold Standard for digital accessibility #LocalGov #LocalGovDigital #accessibility,highland council website achieves gold standard for digital accessibility localgov localgovdigital accessibility,Neutral,Neutral,Neutral,Neutral,Neutral,True
I have now posted an official ad on the Pasteur website:,have now posted an official ad on the pasteur website,Neutral,Neutral,Neutral,Neutral,Neutral,True
Fans Mistake Mark Wright For Zac Efron After He Posts Impressive Throwback Photo #star,fans mistake mark wright for zac efron after he posts impressive throwback photo star,Neutral,Neutral,Neutral,Neutral,Neutral,True
"The education system of #KRG in a perilous, the question should be pass to #UNISEF #UnitedNations about that case. #UNAMI",the education system of krg in perilous the question should be pass to unisef unitednations about that case unami,Negative,Neutral,Neutral,Negative,Negative,True
"#Iran #Hamas Aspire to Destroy #Israel, give Kiss of Death to #Palestinian Authority @user",iran hamas aspire to destroy israel give kiss of death to palestinian authority,Negative,Neutral,Negative,Negative,Negative,True
"Blks as a community praise Obama, but under Obama's administration, America has bombed/killed more Africans than any other admin in history",blks as community praise obama but under obama administration america has bombed killed more africans than any other admin in history,Negative,Negative,Negative,Negative,Negative,True
"No, the Pew Center study did not show evidence of voter fraud. It was about problems with voter registration systems",not the pew center study did not show evidence of voter fraud it was about problems with voter registration systems,Neutral,Neutral,Neutral,Neutral,Neutral,True
A lot of bad hombres!,lot of bad hombres,Neutral,Negative,Negative,Neutral,Neutral,True
Taken on Samsung Galaxy Note 7 🔥 @ Blue Pools,taken on samsung galaxy note blue pools,Neutral,Neutral,Neutral,Neutral,Neutral,True
"""there were reportedly as many as 12,000 people in the protest camps."" I had no idea it was that large.https://t.co/n6m4uUGRyJ",there were reportedly as many as people in the protest camps had not idea it was that large,Neutral,Negative,Negative,Neutral,Neutral,True
"Ugh, Jack Pearson is the best tv dad since Sandy Cohen. #ThisIsUs",ugh jack pearson is the best tv dad since sandy cohen thisisus,Positive,Positive,Positive,Positive,Positive,True
Turkey is #ISIS itself @user @user @user @user @user #BlackFridayTactics,turkey is isis itself blackfridaytactics,Negative,Negative,Negative,Negative,Negative,True
End-to-End #DeepLearning for #SelfDriving Cars,end to end deeplearning for selfdriving cars,Neutral,Neutral,Neutral,Neutral,Neutral,True
Gun Sales Down Nationally Following Trump Win #tcot #tpp,gun sales down nationally following trump win tcot tpp,Negative,Neutral,Negative,Positive,Positive,False
"Steve Bannon would make a great villain on ""The Walking Dead"".",steve bannon would let great villain on the walking dead,Neutral,Positive,Positive,Neutral,Neutral,True
"Tw FCB: ""👏 Thank you, Steven Gerrard, for everything you have given to the world of football. You will never walk a…",tw fcb thank you steven gerrard for everything you have given to the world of football you will never walk,Positive,Positive,Positive,Positive,Positive,True
Ben Carson awoke this morning to find out that the big yellow thing in the sky is the sun,ben carson awoke this morning to find out that the big yellow thing in the sky is the sun,Neutral,Neutral,Neutral,Positive,Positive,False
"Gerrit Cole #Pirates ranks 6th among Box-Toppers' ""big dippers,"" dropping 12.5 B-T pts from '15 to '16—https://t.co/K8TrAchsjE",gerrit cole pirates ranks th among box toppers big dippers dropping pts from to,Neutral,Neutral,Neutral,Neutral,Neutral,True
Obamacare if you have called Marco Rubio a puppet Jeb Bush who s going over and complimented me.,obamacare if you have called marco rubio puppet jeb bush who going over and complimented me,Negative,Negative,Neutral,Negative,Negative,True
@user Will someone think of Michael Moore right now? Prayers to @user - he must be inconsolable.,will someone think of michael moore right now prayers to he must be inconsolable,Neutral,Neutral,Neutral,Neutral,Neutral,True
Implementing mandatory managed care in #Medicaid led to slower growth in inpatient visits for ASCSs via @user,implementing mandatory managed care in medicaid led to slower growth in inpatient visits for ascss via,Neutral,Neutral,Neutral,Neutral,Neutral,True
@user YOURE SO FULL OF YOURSELF! YOU KNOW U NEVER RECEIVED ANY THREATS FROM TRUMP OR HIS SUPPORTERS! MAYBE TH…,youre so full of yourself you know never received any threats from trump or his supporters maybe th,Negative,Negative,Negative,Negative,Negative,True
"@user @user well I'm educated,was a Dem,campaigned 4H in 2008, voted Obama twice. Don't want mass immigration or sharia!",well educated was them campaigned in voted obama twice has want mass immigration or sharia,Neutral,Neutral,Negative,Neutral,Neutral,True
me: DAD LOOK THERES A TRUMP PROTEST IN THE STREETS LETS GOhim: no that's just the asu band,me dad look theres trump protest in the streets lets gohim not that just the asu band,Negative,Neutral,Negative,Negative,Negative,True
@user but where are bad hombres on that list?,but where are bad hombres on that list,Neutral,Neutral,Neutral,Neutral,Neutral,True
I am making my Green Meanie prediction.. **drum roll please** #ScreamQueens,am making my green meanie prediction drum roll please screamqueens,Neutral,Positive,Positive,Neutral,Neutral,True
Tips for winter driving.#london #cab #taxi #uber #yellowlondontaxi,tips for winter driving london cab taxi uber yellowlondontaxi,Neutral,Neutral,Neutral,Neutral,Neutral,True
"Awesome @user .The media blasted Melania & the Obama's done the same""just words"" @user U put Melani…",awesome the media blasted melania the obama done the same just words put melani,Negative,Negative,Negative,Negative,Negative,True
Am apreciat un videoclip pe @user Cristiano Ronaldo ► Magic Goals 2016/17 Skills & Goals |HD|,am apreciat un videoclip pe cristiano ronaldo magic goals skills goals hd,Neutral,Neutral,Neutral,Neutral,Neutral,True
@user Here I thought nursing was going to be on of the professions that cannot be replaced by robots/machines. #DrNickInformsEBP,here thought nursing was going to be on of the professions that cannot be replaced by robots machines drnickinformsebp,Neutral,Neutral,Neutral,Neutral,Neutral,True
"#UsefulNewVerbs""Hillaried""-to claw, lie, & cheat your way into positions didn't deserve only to have your plans ru…",usefulnewverbs hillaried to claw lie cheat your way into positions didn deserve only to have your plans ru,Negative,Negative,Negative,Negative,Negative,True
may2017 Q2 Pseudoscience & the law: no scientifically verified facts to establish theory that homeopathy works...,may pseudoscience the law not scientifically verified facts to establish theory that homeopathy works,Neutral,Neutral,Neutral,Neutral,Neutral,True
You assholes are liking this like I'm not in physical pain I thought we were all in this together this is not what Zac Efron promised me,you assholes are liking this like not in physical pain thought we were all in this together this is not what zac efron promised me,Negative,Negative,Negative,Negative,Negative,True
Please share @user @user @user @user @user @user @user,please share,Neutral,Positive,Neutral,Neutral,Neutral,True
"@user No gold standard can support the needs of a modern monetary economy. This ""intrinsic value"" you speak of is arbitrary.",not gold standard can support the needs of modern monetary economy this intrinsic value you speak of is arbitrary,Neutral,Positive,Positive,Neutral,Neutral,True
Is she @user still an MP? Stitched up any blind people lately Sheryll ?? #BEASHAMED @user #FILIBUSTING,is she still an mp stitched up any blind people lately sheryll beashamed filibusting,Negative,Negative,Negative,Negative,Negative,True
Tribal representatives from the East of #Libya arrived in Temenhint yesterday to take in part in resolving the trib…,tribal representatives from the east of libya arrived in temenhint yesterday to take in part in resolving the trib,Neutral,Neutral,Neutral,Neutral,Neutral,True
@user @user @user I wonder what Putin has on Trump?,wonder what putin has on trump,Neutral,Neutral,Neutral,Neutral,Neutral,True
"Our 'Sanctuary Saviors' tee, inspired by #TheWalkingDead, is shipping now! FREE RED NECK WARMER while stocks last!…",our sanctuary saviors tee inspired by thewalkingdead is shipping now free red neck warmer while stocks last,Neutral,Neutral,Positive,Neutral,Neutral,True
Eat out and stay #Healthy. Yes. It is possible if you follow these tips.,eat out and stay healthy yes it is possible if you follow these tips,Positive,Positive,Positive,Positive,Positive,True
"@user @user Oh, really. Verlander already was a star at 23.",oh really verlander already was star at,Neutral,Neutral,Neutral,Neutral,Neutral,True
DIY Fan - Handy Tool Pen with 8 Different Heads - Number 1 Selling Mens Men Man Gents,diy fan handy tool pen with different heads number selling mens men man gents,Neutral,Neutral,Neutral,Neutral,Neutral,True
".@elizabethforma So Medicare goes, but there're no caps for a president whose wife will live with SS in NY while he…",so medicare goes but there re not caps for president whose wife will live with ss in ny while he,Neutral,Neutral,Negative,Neutral,Neutral,True
@user A start!!  need ot deport all bad hombres fast day one. Allgans locked up or go back to El Salavador or wherever TF they are from!,start need ot deport all bad hombres fast day one allgans locked up or will back to el salavador or wherever tf they are from,Negative,Neutral,Negative,Negative,Negative,True
I know people got all up in arms about Porcello winning the Cy Young over Verlander but I think Britton should have won it.,know people got all up in arms about porcello winning the cy young over verlander but think britton should have won it,Neutral,Neutral,Neutral,Neutral,Neutral,True
man who couldve guessed this!,man who couldve guessed this,Neutral,Neutral,Negative,Neutral,Neutral,True
"Iggy from the""Revolution Club"" mad that Trump called #Chicago  a ""sanctuary city""What????#BlackLivesMatter #MAGA",iggy from the revolution club mad that trump called chicago sanctuary city what blacklivesmatter maga,Negative,Neutral,Negative,Negative,Negative,True
"@user @user @user @user @user That's the first step in Gov't ""Gun Control"" Eliminate access to Ammunition.",that the first step in gov gun control eliminate access to ammunition,Neutral,Neutral,Neutral,Neutral,Neutral,True
@user GTFO my planet!  You look like a living advertisement for abortion.  Sad!,gtfo my planet you look like living advertisement for abortion sad,Negative,Negative,Negative,Negative,Negative,True
The real reason behind Saakashvili's resignation,the real reason behind saakashvili resignation,Neutral,Neutral,Negative,Neutral,Neutral,True
@user here ya go Einstein @user,here ya will einstein,Negative,Neutral,Neutral,Negative,Negative,True
OH I JUST CAUGHT ON! I see what y'all did there!! #ThisIsUs,oh just caught on see what all did there thisisus,Positive,Positive,Positive,Positive,Positive,True
Postcard written!,postcard written,Neutral,Neutral,Negative,Neutral,Neutral,True
I liked a @user video Archie Bunker's Editorial on Gun Control,liked video archie bunker editorial on gun control,Positive,Positive,Positive,Positive,Positive,True
@user Naive 2 believe govmts don't do what it takes already. Unless you're advocating drone strikes in Europe!,naive believe govmts has do what it takes already unless you re advocating drone strikes in europe,Negative,Neutral,Neutral,Negative,Negative,True
#GilmoreGirlsTop44. Emily Gilmore3. Lane2. Sookie1. ParisInvisible 5. Michel,gilmoregirlstop emily gilmore lane sookie parisinvisible michel,Neutral,Neutral,Neutral,Neutral,Neutral,True
@user Where's the press? Where's Comey's investigations? Where's the American heart for justice? Where's God? Where's superman?,where the press where comey investigations where the american heart for justice where god where superman,Neutral,Neutral,Neutral,Negative,Negative,False
"@user Re: Louisiana Senate Race, as the pres election showed,  dems aren't losing elections because they aren't spending enough money",re louisiana senate race as the pres election showed dems aren losing elections because they aren spending enough money,Negative,Negative,Negative,Negative,Negative,True
@user #Hamas is using children as humen shields. That's what Hamas has to do with it,hamas is using children as humen shields that what hamas has to do with it,Negative,Neutral,Negative,Negative,Negative,True
#Soros  Prayers for a hedge of protection for President Trump and our men and women in uniform and all who protect…,soros prayers for hedge of protection for president trump and our men and women in uniform and all who protect,Neutral,Neutral,Positive,Neutral,Neutral,True
You mean the new Nazi party. Watch them. They are made of the same nasty stuff.,you mean the new nazi party watch them they are made of the same nasty stuff,Negative,Neutral,Negative,Negative,Negative,True
Tipp Newcastle United - Blackburn Rovers (26.11.16) Championship #NEWBRFC #Championship,tipp newcastle united blackburn rovers championship newbrfc championship,Neutral,Neutral,Neutral,Neutral,Neutral,True
@user @user it felt like a scene from #BeautyAndTheBeast #inLOVEwithSWITZERLAND #travelblogger…,it felt like scene from beautyandthebeast inlovewithswitzerland travelblogger,Neutral,Neutral,Neutral,Positive,Positive,False
#DAPL is a waste of time & money.  We need to focus our time & money on reusable energy and get away from fossil fuels.,dapl is waste of time money we need to focus our time money on reusable energy and get away from fossil fuels,Neutral,Negative,Neutral,Neutral,Neutral,True
"Ben Carson being considered for the same cabinet position Jack Bauer once had. Mister Carson, you're no Jack Bauer.",ben carson being considered for the same cabinet position jack bauer once had mister carson you re not jack bauer,Negative,Neutral,Negative,Neutral,Neutral,False
@user @user @user - Someone PLEASE tell this fool the consequences of his actions!,someone please tell this fool the consequences of his actions,Negative,Negative,Negative,Negative,Negative,True
"""How Ronaldo stole El Clasico spotlight with troll"" EL CLASICO WRAP: Cristiano Ronaldo failed to score and missed a golden chance to win th…",how ronaldo stole el clasico spotlight with troll el clasico wrap cristiano ronaldo failed to score and missed golden chance to win th,Neutral,Positive,Neutral,Neutral,Neutral,True
Skeptics Underground today at 2 pm at @user Today's topic is vegetarianism. Should be a good one!,skeptics underground today at pm at today topic is vegetarianism should be good one,Positive,Positive,Positive,Positive,Positive,True
#USA spottd 3m long rockets leavng #Iran 2 #Gaza &made #Israel strike it@seaLet 12m long ones arrive #Houthi #Yemenhttps://t.co/KPbV8xm5Nn,usa spottd long rockets leavng iran gaza made israel strike it long ones arrive houthi yemen,Neutral,Neutral,Negative,Negative,Negative,False
"I try and avoid being preachy to other people about being vegetarian, so it's really annoying when people trash veg…",try and avoid being preachy to other people about being vegetarian so it really annoying when people trash veg,Negative,Negative,Negative,Negative,Negative,True
. @user is going to be on @user tomorrow. #GilmoreGirlsTop4,is going to be on tomorrow gilmoregirlstop,Positive,Neutral,Neutral,Neutral,Neutral,False
Ughhhhhh. The RNC is the decider here.,ughhhhhh the rnc is the decider here,Negative,Neutral,Neutral,Positive,Positive,False
if u sign tony romo u better make sure u get AppleCare too,if sign tony romo better let sure get applecare too,Neutral,Neutral,Neutral,Neutral,Neutral,True
@user I'm loving the roster this season. I can't wait for Tim Duncan's number to be retired!! #GoSpursGo,loving the roster this season can wait for tim duncan number to be retired gospursgo,Positive,Positive,Positive,Positive,Positive,True
HAHAHAHA Chanel #5 is running out of blood 😹 #ScreamQueens,hahahaha chanel is running out of blood screamqueens,Neutral,Neutral,Negative,Neutral,Neutral,True
"After Mosul, Iraq’s #Kurds face internal crisis  via @user @user #TwitterKurds #MosulOffensive #KRG #Iraq",after mosul iraqs kurds face internal crisis via twitterkurds mosuloffensive krg iraq,Negative,Neutral,Neutral,Neutral,Neutral,False
One thing I've learned about the #GilmoreGirlsTop4? People really need to learn how to spell Sookie. You call yourself real fans? Pffffffft.,one thing ve learned about the gilmoregirlstop people really need to learn how to spell sookie you call yourself real fans pffffffft,Neutral,Negative,Negative,Neutral,Neutral,True
Pop is gay for Tim Duncan,pop is gay for tim duncan,Negative,Neutral,Neutral,Negative,Negative,True
@user haha naw I'm coming to this turkey bowl with some vengeance from last year. I got that tony romo mindset rn lol,haha naw coming to this turkey bowl with some vengeance from last year got that tony romo mindset rn lol,Neutral,Neutral,Neutral,Neutral,Neutral,True
"@user So if u are now pro HRC, did you not hear how wikileaks revealed the massive corruption at Clinton Foundation #Recount2016",so if are now pro hrc did you not hear how wikileaks revealed the massive corruption at clinton foundation recount,Negative,Negative,Negative,Negative,Negative,True
Dear Angels #Angels #TrumpArmy #Anonymous Anonymous #TPP TPP Trump Pence #3X @user Thank you via @user,dear angels angels trumparmy anonymous anonymous tpp tpp trump pence thank you via,Neutral,Neutral,Positive,Positive,Positive,False
@user don't know but now that relativity & political correctness are things past it means rightists can be called poo #auspol,has know but now that relativity political correctness are things past it means rightists can be called poo auspol,Negative,Neutral,Negative,Neutral,Neutral,False
@user I call him the Wal-Mart brand Grayson Allen,call him the wal mart brand grayson allen,Neutral,Neutral,Neutral,Neutral,Neutral,True
@user i suppose TX didnt expand medicaid,suppose tx didnt expand medicaid,Neutral,Negative,Negative,Neutral,Neutral,True
@user @user @user THIS is what I've been saying: trumpsters complained about Obamacare they rely on .. until CON is revealed,this is what ve been saying trumpsters complained about obamacare they rely on until con is revealed,Negative,Negative,Negative,Negative,Negative,True
@user @user @user @user @user - And yet all the countries with gun control have less gun deaths,and yet all the countries with gun control have less gun deaths,Neutral,Neutral,Negative,Neutral,Neutral,True
Only sanctions can change Israeli policy | Letters #gaza #palestine #israel #BDS,only sanctions can change israeli policy letters gaza palestine israel bds,Neutral,Neutral,Negative,Neutral,Neutral,True
No. CSS is #ruby for Agile. Deep Learning likes #ai :),not css is ruby for agile deep learning likes ai,Neutral,Neutral,Neutral,Positive,Positive,False
Happy Thanksgiving!! 🍁 love you guys so much!  thankful for all your continued support and love ❤ what are you most…,happy thanksgiving love you guys so much thankful for all your continued support and love what are you most,Positive,Positive,Positive,Positive,Positive,True
Bob Dylan’s Nobel Prize – Canadian Jewish News (blog),bob dylans nobel prize canadian jewish news blog,Neutral,Neutral,Neutral,Neutral,Neutral,True
"@user @user when did I do that? The minute I tweeted that, everyone replying to my tweet was being hateful.",when did do that the minute tweeted that everyone replying to my tweet was being hateful,Negative,Negative,Negative,Negative,Negative,True
The minimum wage in Japan: would an increase boost wage growth,the minimum wage in japan would an increase boost wage growth,Neutral,Neutral,Neutral,Neutral,Neutral,True
@user ISRAHELL dropped nuclear bombs on the yemen people in may 2015.If you are any sort of a man condemn the nazi zionists now.,israhell dropped nuclear bombs on the yemen people in may if you are any sort of man condemn the nazi zionists now,Negative,Neutral,Negative,Negative,Negative,True
Freshman vs Jv Tipp Off!!! Go Tipp!!,freshman vs jv tipp off will tipp,Positive,Neutral,Neutral,Positive,Positive,True
@user @user he's always been a weird gold standard/bitcoin guy but in 2008 he was all for Obama,he always been weird gold standard bitcoin guy but in he was all for obama,Negative,Neutral,Neutral,Negative,Negative,True
This google earth VR thing seems cool but whats the point? we live on the earth.,this google earth vr thing seems cool but whats the point we live on the earth,Neutral,Positive,Positive,Neutral,Neutral,True
"Donald, take it easy my friend, but I can't wait to see u start building that thick high wall on the Mexican border to seal ur legacy",donald take it easy my friend but can wait to see start building that thick high wall on the mexican border to seal ur legacy,Neutral,Negative,Negative,Neutral,Neutral,True
👩🏻💬 @MalmstromEU talked with @user about further strengthening our economic ties via 🇪🇺🇺🇦#DCFTA. Her speech:,talked with about further strengthening our economic ties via dcfta her speech,Positive,Neutral,Neutral,Positive,Positive,True
"Seems everyone is dusting off the ""what if....there was a nuke"" info.",seems everyone is dusting off the what if there was nuke info,Negative,Neutral,Negative,Negative,Negative,True
@user @user Get me on the show and let me sell you a #Hatchimals @user picked up on our story,get me on the show and let me sell you hatchimals picked up on our story,Positive,Neutral,Neutral,Positive,Positive,True
@user @user You guys are white? I always imagined you guys as a buff Ricky Martin and Enrique Iglesias duo.,you guys are white always imagined you guys as buff ricky martin and enrique iglesias duo,Neutral,Positive,Neutral,Negative,Negative,False
Ricky Martin-Stop time tonight,ricky martin stop time tonight,Neutral,Positive,Positive,Neutral,Neutral,True
because fossil fuels are the only resources that allow us to travel 🤔,because fossil fuels are the only resources that allow us to travel,Neutral,Negative,Neutral,Neutral,Neutral,True
@user is Melania trump flo and is Putin Lighting McFuckmyass,is melania trump flo and is putin lighting mcfuckmyass,Negative,Negative,Negative,Negative,Negative,True
#DetroitTigers #Card 2016 Topps WalMart Holiday Baseball Justin Verlander Detroit Tigers HMW82……,detroittigers card topps walmart holiday baseball justin verlander detroit tigers hmw,Neutral,Neutral,Neutral,Neutral,Neutral,True
@user Ben Carson/HUD? No. He should lead the NIH. Oh yeah. In Trumpland one has only to be loyal; not qualified.,ben carson hud not he should lead the nih oh yeah in trumpland one has only to be loyal not qualified,Negative,Negative,Negative,Negative,Negative,True
Scenes of #MosulOffensive & humanitarian crisis @user and @user via @user,scenes of mosuloffensive humanitarian crisis and via,Neutral,Neutral,Neutral,Neutral,Neutral,True
#Aleppo : The brutality of Putin's aggression has dredged up memories of Soviet crimes as people see they're being…,aleppo the brutality of putin aggression has dredged up memories of soviet crimes as people see they re being,Negative,Neutral,Negative,Negative,Negative,True
Israeli brutality immune to Palestinian calls for justice: #gaza #palestine #israel #jerusalem,israeli brutality immune to palestinian calls for justice gaza palestine israel jerusalem,Negative,Neutral,Neutral,Negative,Negative,True
#Spurs #GoSpursGo 2014-15 Panini Flawless Dual Gold TIM DUNCAN Game Used Patch /10 BGS 9.5 POP 1/1 #TimDuncan #NBA,spurs gospursgo panini flawless dual gold tim duncan game used patch bgs pop timduncan nba,Neutral,Neutral,Positive,Positive,Positive,False
Will Jill Stein's Wisconsin recount change election outcome? will just be $5 million more the dems throw away,will jill stein wisconsin recount change election outcome will just be million more the dems throw away,Neutral,Negative,Negative,Neutral,Neutral,True
@user yeah that was interesting in Austria. But does it have much influence on Italy elxn/potential for Marine le Pen to win in France?,yeah that was interesting in austria but does it have much influence on italy elxn potential for marine le pen to win in france,Neutral,Neutral,Positive,Neutral,Neutral,True
TV shows that more people should be watching. #ScreamQueens #MTVScream #Quantico #HTGAWM #The100 #Blindspot #Drama…,tv shows that more people should be watching screamqueens mtvscream quantico htgawm the blindspot drama,Positive,Neutral,Positive,Neutral,Neutral,False
"@user Well I hope you're right.  And hey, I still have a PS4 for Bloodborne & Persona 5 if nothing else.",well hope you re right and hey still have ps for bloodborne persona if nothing else,Positive,Positive,Positive,Positive,Positive,True
"Repeal Congress’ special exemption from Obamacare, kill two birds with one stone – Washington Times",repeal congress special exemption from obamacare kill two birds with one stone washingtontimes,Neutral,Neutral,Negative,Negative,Negative,False
"Google Earth in VR is a ""profound, almost emotional"" experience. Many people are calling it the best thing they've experienced in VR.",google earth in vr is profound almost emotional experience many people are calling it the best thing they ve experienced in vr,Positive,Positive,Positive,Positive,Positive,True
"Do you know what's mad? The solution being offered is to look for signs that CHILDREN are planning MASS SHOOTINGS,…",do you know what mad the solution being offered is to look for signs that children are planning mass shootings,Negative,Neutral,Negative,Neutral,Neutral,False
Japan Issues Booklet to Prepare Citizens for Nuclear War With North Korea,japan issues booklet to prepare citizens for nuclear war with north korea,Neutral,Neutral,Neutral,Neutral,Neutral,True
@user The beginning of a dictatorship is gun control and election rigging!,the beginning of dictatorship is gun control and election rigging,Negative,Neutral,Negative,Negative,Negative,True
@user @user @user @user @user ummm vaccines have avoided over 700000 deaths since the nineties...,ummm vaccines have avoided over deaths since the nineties,Positive,Neutral,Negative,Neutral,Neutral,False
"@user To name a few: James Marsden, Nikki Blonksy, Taylor Parks, Elijah Kelley, Michelle Pfeifer, fucking John Travolta and Zac Efron",to name few james marsden nikki blonksy taylor parks elijah kelley michelle pfeifer fucking john travolta and zac efron,Neutral,Neutral,Neutral,Neutral,Neutral,True
12 Hourly Jobs That Pay More Than Minimum Wage,hourly jobs that pay more than minimum wage,Neutral,Negative,Neutral,Neutral,Neutral,True
These voting analysis of why #Trump won are RIDICULOUS..He LOST popular vote by 2M ...he LOST by 2M ...REPEAT..#Trump LOST by 2M votes,these voting analysis of why trump won are ridiculous he lost popular vote by he lost by repeat trump lost by votes,Negative,Negative,Negative,Negative,Negative,True
Don't have 2watch a videothat a #RWNJ #Trumpet iswanting me 2 watch 2 verify #HillaryClinton looks tired.Ok-obviously she is. #StillWithHer,has have watch videothat rwnj trumpet iswanting me watch verify hillaryclinton looks tired ok obviously she is stillwithher,Neutral,Neutral,Negative,Negative,Negative,False
Donald Trump does not have a clue about global warming. Maybe the Rockefeller's can clue them in about fossil fuels.,donald trump does not have clue about global warming maybe the rockefeller can clue them in about fossil fuels,Negative,Negative,Negative,Negative,Negative,True
@user Thankyou :'),thankyou,Positive,Neutral,Neutral,Positive,Positive,True
"Kate Upton & Justin Verlander: To Hell with Cy Young,  It’s Vatican Time! | TMZ TV",kate upton justin verlander to hell with cy young its vatican time tmz tv,Negative,Neutral,Neutral,Neutral,Neutral,False
Really though was Justin Verlander up there?,really though was justin verlander up there,Neutral,Neutral,Neutral,Neutral,Neutral,True
"@user @user @user unless you have Aleppo made an open city, nothing can really happen that lasts more than a day",unless you have aleppo made an open city nothing can really happen that lasts more than day,Neutral,Negative,Neutral,Neutral,Neutral,True
<-Thai Politician Scandal At Bangkok Fitness #tits #boob #memek #bispak  #onedirection,thai politician scandal at bangkok fitness tits boob memek bispak onedirection,Negative,Negative,Neutral,Negative,Negative,True
#Facebook gives #Hamas bandit the boot; Shuts their accounts down,facebook gives hamas bandit the boot shuts their accounts down,Negative,Negative,Negative,Negative,Negative,True
"Inside Expa Labs, #Uber co-founder's take on the startup accelerator. Read more:",inside expa labs uber co founder take on the startup accelerator read more,Neutral,Neutral,Neutral,Neutral,Neutral,True
"Trump has tried to illegally invest in Cuba during embargo. Now he wants to make sure he can do it, and Cuba will b…",trump has tried to illegally invest in cuba during embargo now he wants to let sure he can do it and cuba will,Negative,Neutral,Neutral,Negative,Negative,True
The Egyptian President Mikheil Saakashvili said he would explain if wanting to do it as a record of Palestinian ambitions.,the egyptian president mikheil saakashvili said he would explain if wanting to do it as record of palestinian ambitions,Neutral,Neutral,Neutral,Neutral,Neutral,True
Anyone who has seen me watch a Cubs game has seen me look exactly like this throughout the game.,anyone who has seen me watch cubs game has seen me look exactly like this throughout the game,Neutral,Neutral,Neutral,Neutral,Neutral,True
"Dear MSM, CNN bitches, every election one turning point..there you go again I will not use my opponents youth & NOW ""basket of deplorables""",dear msm cnn bitches every election one turning point there you will again will not use my opponents youth now basket of deplorables,Negative,Negative,Negative,Negative,Negative,True
@user For past 8 years under Obama we had no peace but more major conflicts and Obama led the destruction of #Libya. And #Yemen.,for past years under obama we had not peace but more major conflicts and obama led the destruction of libya and yemen,Negative,Neutral,Negative,Negative,Negative,True
"@user @user @user @user Clinton foundation donations drop like a rock when she loses,circle of life is complete!",clinton foundation donations drop like rock when she loses circle of life is complete,Negative,Neutral,Negative,Negative,Negative,True
"#GilmoreGirlsTop4 Luke, Lorelai, Jess, Lane",gilmoregirlstop luke lorelai jess lane,Positive,Positive,Positive,Positive,Positive,True
"We must all mix into one race, the beautiful human race! Racism shall be stopped once and for all! The great change…",we must all mix into one race the beautiful human race racism shall be stopped once and for all the great change,Positive,Positive,Positive,Negative,Negative,False
Was it a good idea to kill #Gaddafi? 5years later #libya is a war zone. What happened to the #democracy that was promised? #libya #African,was it good idea to kill gaddafi years later libya is war zone what happened to the democracy that was promised libya african,Negative,Neutral,Negative,Negative,Negative,True
I need a  hatchimal please!!!#Hatchimals #isnttheresomeonthatcanhelp #payitforward,need hatchimal please hatchimals isnttheresomeonthatcanhelp payitforward,Positive,Neutral,Neutral,Neutral,Neutral,False
@user @user @user @user Tusk is such a twat. But not as big a knob as that pisshead Juncker!,tusk is such twat but not as big knob as that pisshead juncker,Negative,Negative,Negative,Negative,Negative,True
Ricketts Scores Cash For Cubs..,ricketts scores cash for cubs,Positive,Positive,Neutral,Positive,Positive,True
"@user @user I am so sick of corrupt, shit news ran by gazillionaire leftists hiring pimps, gays & women on Red Bull..",am so sick of corrupt shit news ran by gazillionaire leftists hiring pimps gays women on red bull,Negative,Negative,Negative,Negative,Negative,True
"""Last year's success is today's expectation""- Cristiano Ronaldo (@Cristiano)#SportQuotes #MondayMotivation…",last year success is today expectation cristiano ronaldo sportquotes mondaymotivation,Neutral,Neutral,Neutral,Neutral,Neutral,True
Mexico losing its head over Trump comment about bad hombres. Mexicans need a popular uprising to depose drug cartel…,mexico losing its head over trump comment about bad hombres mexicans need popular uprising to depose drug cartel,Negative,Negative,Negative,Negative,Negative,True
lol my in-laws are gonna be PISSED! They're still waiting for that fracking well to pay out big money!,lol my in laws are gonna be pissed they re still waiting for that fracking well to pay out big money,Negative,Negative,Negative,Negative,Negative,True
@user Earth VR is bringing the world into your home! #tech #news #VR,earth vr is bringing the world into your home tech news vr,Positive,Neutral,Positive,Positive,Positive,True
"I'm glad Persona 5 got delayed to next year, since Atlus fans no longer have a reason to be obnoxious about FFXV.",glad persona got delayed to next year since atlus fans not longer have reason to be obnoxious about ffxv,Positive,Neutral,Positive,Neutral,Neutral,False
"in the Oregon experiment, 10,000 previously-excluded people (poor & childless) were given access to Medicaid for the first time",in the oregon experiment previously excluded people poor childless were given access to medicaid for the first time,Positive,Neutral,Negative,Neutral,Neutral,False
@user pls support Jill Stein and look into voter suppression and cross checking.before you blame the election on lack of policy...,pls support jill stein and look into voter suppression and cross checking before you blame the election on lack of policy,Negative,Neutral,Negative,Negative,Negative,True
One SINGLE dose! Another marvel of Homeopathy!,one single dose another marvel of homeopathy,Positive,Neutral,Neutral,Positive,Positive,True
"So, if that were Grayson Allen on the floor he would've tripped someone lol!",so if that were grayson allen on the floor he would ve tripped someone lol,Positive,Neutral,Negative,Neutral,Neutral,False
Cubs lineup 2017:LF SchwarbsCF AlmoraRF JHey3B KBSS Russell2B Javy1B RizzC Willywith Zo the drifting platoon starter,cubs lineup lf schwarbscf almorarf jhey kbss russell javy rizzc willywith zo the drifting platoon starter,Neutral,Neutral,Neutral,Neutral,Neutral,True
Might be better to just fund drone strikes and other humanitarian causes.,might be better to just fund drone strikes and other humanitarian causes,Negative,Neutral,Negative,Negative,Negative,True
"I've used Black Friday to pick up some Tim Duncan, James Harden and Giannis Antetokounmpo merch. Allegiances all over the shop.",ve used black friday to pick up some tim duncan james harden and giannis antetokounmpo merch allegiances all over the shop,Positive,Neutral,Neutral,Neutral,Neutral,False
@user He always said he wanted to repeal Obamacare I don't get why 20 million of his voters might have went against best interest. 🙄,he always said he wanted to repeal obamacare has get why million of his voters might have went against best interest,Neutral,Neutral,Neutral,Neutral,Neutral,True
"@user @user @user hi love the tweet, got stuff on social security tweet",hi love the tweet got stuff on social security tweet,Positive,Positive,Positive,Positive,Positive,True
Even #BillClinton agrees w/#Trump that #Obamacare needs to be reformed. People should have AFFORDABLE healthcare.,even billclinton agrees trump that obamacare needs to be reformed people should have affordable healthcare,Neutral,Negative,Negative,Neutral,Neutral,True
Agreed!!!  @user @user @user,agreed,Neutral,Positive,Neutral,Positive,Positive,False
@user @user @user @user @user just think of all the dead kids from his drone strikes.scary person.,just think of all the dead kids from his drone strikes scary person,Negative,Neutral,Negative,Negative,Negative,True
"@user I hear ya. But I guarandamntee you that this kind of s**t goes on all day, every day in DC. #draintheswamp  @user @user",hear ya but guarandamntee you that this kind of goes on all day every day in dc draintheswamp,Negative,Negative,Negative,Negative,Negative,True
I'm mixed on Dylann Roof. I am happy to see he's not getting gentle treatment as so many supremacists are. But I hate death penalty. Yay/Boo,mixed on dylann roof am happy to see he not getting gentle treatment as so many supremacists are but hate death penalty yay boo,Negative,Neutral,Negative,Negative,Negative,True
"@user Obama WARNED us that if the U.S. doesn't step in & help write TPP rules, China will! Who should we trust? Now TPP is a goner",obama warned us that if the doesn step in help write tpp rules china will who should we trust now tpp is goner,Negative,Negative,Negative,Negative,Negative,True
"Have an article to write, notes to re-organize & a house to clean, yet all I want to do is read all day. And maybe go see #FantasticBeasts.",have an article to write notes to re organize house to clean yet all want to do is read all day and maybe will see fantasticbeasts,Positive,Positive,Neutral,Positive,Positive,True
Oh What a Friday it is ! We're too full to be witty #leftovers #thanksgiving #VegetarianThanksgiving #NewYork…,oh what friday it is we re too full to be witty leftovers thanksgiving vegetarianthanksgiving newyork,Positive,Positive,Positive,Positive,Positive,True
@user Wondering what better system we could implement. Popular vote should have more influence. Electoral college sounds sketchy.,wondering what better system we could implement popular vote should have more influence electoral college sounds sketchy,Neutral,Neutral,Neutral,Negative,Negative,False
Argentina to revamp railway line to support shale frackinghttps://t.co/mtRmoe68LV,argentina to revamp railway line to support shale fracking,Negative,Neutral,Neutral,Neutral,Neutral,False
"@user @user @user @user @user @user GOP, many of us remember how U screwed this country up.",gop many of us remember how screwed this country up,Negative,Negative,Negative,Negative,Negative,True
.@mike_pence can eat a bag of dicks,can eat bag of dicks,Negative,Positive,Negative,Neutral,Neutral,False
Dakota Access protest in Portland turns into celebration after halt of … #Fracking #NoDAPL,dakota access protest in portland turns into celebration after halt of fracking nodapl,Neutral,Neutral,Neutral,Neutral,Neutral,True
Happy belated #NationalFastFoodDay!I want our #McDonalds with #McDelivery & #ShrimpBurgers like in #Seoul!  My fav…,happy belated nationalfastfoodday want our mcdonalds with mcdelivery shrimpburgers like in seoul my fav,Positive,Positive,Positive,Positive,Positive,True
Those Chanels. #ScreamQueens,those chanels screamqueens,Neutral,Positive,Neutral,Neutral,Neutral,True
Marijuana stocks: Don’t listen to these morons // Medical marijuana investing cannabis pot…,marijuana stocks dont listen to these morons medical marijuana investing cannabis pot,Negative,Neutral,Neutral,Negative,Negative,True
"@user no I believe u, not denying there was testing on woc. I'm saying animal rts ppl wouldnt support it, which the tweet implies",not believe not denying there was testing on woc saying animal rts people wouldnt support it which the tweet implies,Neutral,Neutral,Negative,Negative,Negative,False
Concise Visual Summary of Deep Learning Architectures,concise visual summary of deep learning architectures,Neutral,Neutral,Neutral,Positive,Positive,False
"@user The album does not include the HUD Secretary designate, Dr Ben Carson.",the album does not include the hud secretary designate dr ben carson,Neutral,Neutral,Neutral,Neutral,Neutral,True
BreakingHashid al-Shaabi announce the start of the 5th stage of operations West of #Mosul.. #mosuloffensive,breakinghashid al shaabi announce the start of the th stage of operations west of mosul mosuloffensive,Neutral,Neutral,Neutral,Neutral,Neutral,True
"Ethnic cleansing is morally wrong and illegal, no matter who is perpetrating it. #IsraeliApartheid #Palestine #BDShttps://t.co/RXe8t1uYIL",ethnic cleansing is morally wrong and illegal not matter who is perpetrating it israeliapartheid palestine bds,Negative,Negative,Negative,Negative,Negative,True
Harlem Salutes Fidel Castro -- Tribute and Farewell From Black Community,harlem salutes fidel castro tribute and farewell from black community,Neutral,Neutral,Neutral,Neutral,Neutral,True
"I bought Seventh Generation Hand Wash, Fresh Citrus, 12 Ounce in support of End Animal Testing...",bought seventh generation hand wash fresh citrus ounce in support of end animal testing,Neutral,Neutral,Neutral,Neutral,Neutral,True
"If you’re old enough to vote, you’re old enough to run for office. #unitednations #young #diplomacy #NewGeneration",if youre old enough to vote youre old enough to run for office unitednations young diplomacy newgeneration,Neutral,Neutral,Negative,Negative,Negative,False
"@user Literally a Nazi. I don't follow comics, does this mean Captain America is an SJW?",literally nazi has follow comics does this mean captain america is an sjw,Negative,Negative,Negative,Negative,Negative,True
"Disavowing neo-Nazi ""alt-right"" does nothing, Trump. Dump the neo-Nazi you plan to install in the WH (Steve Bannon). Actions not words.",disavowing neo nazi alt right does nothing trump dump the neo nazi you plan to install in the wh steve bannon actions not words,Negative,Negative,Negative,Negative,Negative,True
@user Well it's genius because we all know Melania stole Michelle speech and to imply that Melania wants Michelle life... Well,well it genius because we all know melania stole michelle speech and to imply that melania wants michelle life well,Negative,Neutral,Negative,Neutral,Neutral,False
"420Magazine: ALS Patient Uses Medical Marijuana, Outlives Anti-Marijuana Doctors",magazine als patient uses medical marijuana outlives anti marijuana doctors,Positive,Neutral,Neutral,Neutral,Neutral,False
Makes me so proud to be an American!Finally!  Alleluia #TrumpPence #KarenRocks! @user,makes me so proud to be an american finally alleluia trumppence karenrocks,Positive,Positive,Positive,Positive,Positive,True
Bob Dylan - How to Cultivate the Perfect Environment for Creative Work via @user,bob dylan how to cultivate the perfect environment for creative work via,Neutral,Positive,Positive,Neutral,Neutral,True
"@user Herein lies the problem Conway said ""he is well aware of what US POLICY has been""  this was a deliberate act like Cuba Embargo",herein lies the problem conway said he is well aware of what us policy has been this was deliberate act like cuba embargo,Neutral,Negative,Negative,Negative,Negative,False
Listen to #NBAwards Winner @user interview on @user,listen to nbawards winner interview on,Positive,Neutral,Neutral,Neutral,Neutral,False
Survey shows Poroshenko has lost considerable electoral support in two years,survey shows poroshenko has lost considerable electoral support in two years,Neutral,Neutral,Neutral,Neutral,Neutral,True
@user any chance of a retweet or mention for emco's production of EVITA that opened…,any chance of retweet or mention for emco production of evita that opened,Neutral,Neutral,Neutral,Neutral,Neutral,True
U of #Memphis student Nadine Taha @user justifies #Hamas and glorifies terrorism.,of memphis student nadine taha justifies hamas and glorifies terrorism,Neutral,Neutral,Negative,Neutral,Neutral,True
Must be a really big basket of deplorables,must be really big basket of deplorables,Negative,Neutral,Negative,Negative,Negative,True
"@user Hey man, you don't have any say in who @user picks for her cabinet in 2020.",hey man you has have any say in who picks for her cabinet in,Neutral,Positive,Negative,Neutral,Neutral,True
Bob Dylan Highway 61 Revisited LP 1965 pressing with alternate From A Buick 6 ≈ 118 hours U…,bob dylan highway revisited lp pressing with alternate from buick hours,Positive,Neutral,Neutral,Neutral,Neutral,False
"Chicago Cubs ""WIN"" LASER FRAME Chrome Metal License Plate Cover Tag Baseball",chicago cubs win laser frame chrome metal license plate cover tag baseball,Neutral,Neutral,Neutral,Neutral,Neutral,True
"@user Trump won because of voter suppression and lost the popular vote, but thanks for playing.",trump won because of voter suppression and lost the popular vote but thanks for playing,Neutral,Neutral,Negative,Negative,Negative,False
Be the 1st to check out our new look at Pl give ur feedback. #Ayurveda #Homeopathy…,be the st to check out our new look at pl give ur feedback ayurveda homeopathy,Positive,Neutral,Positive,Positive,Positive,True
Every cop killed by a #BlackLivesMatter terrorist is more blood on @user hands.,every cop killed by blacklivesmatter terrorist is more blood on hands,Negative,Negative,Negative,Negative,Negative,True
Are Palestinians ready for Trump? | via @user #Palestine #Fatah #Hamas,are palestinians ready for trump via palestine fatah hamas,Neutral,Neutral,Neutral,Neutral,Neutral,True
"Pence Purges Lobbyists, Insiders From #TrumpTransitionTeam #ChrisChristie...",pence purges lobbyists insiders from trumptransitionteam chrischristie,Neutral,Neutral,Neutral,Neutral,Neutral,True
"""A transition official told Fox’s Ed Henry that some in Trump’s inner circle want the former Massachusetts...",transition official told foxs ed henry that some in trumps inner circle want the former massachusetts,Neutral,Neutral,Neutral,Neutral,Neutral,True
Analyzing Post-Disaster #Structural Damage Using #DeepLearning Systems,analyzing post disaster structural damage using deeplearning systems,Negative,Neutral,Negative,Negative,Negative,True
@user Exactly so when do you and the GOP investigate every single aspect of George Soros? I am waiting for an answer!,exactly so when do you and the gop investigate every single aspect of george soros am waiting for an answer,Negative,Neutral,Negative,Neutral,Neutral,False
"@user My ""favourite"" conspiracy: contraceptive pill causes genetic damage to kids so vaccines can cause autism. But homeopathy can cure!",my favourite conspiracy contraceptive pill causes genetic damage to kids so vaccines can cause autism but homeopathy can cure,Negative,Negative,Negative,Negative,Negative,True
MICHAEL MOORE SETS CNN STRAIGHT ON HILLARY CLINTON via @user,michael moore sets cnn straight on hillary clinton via,Neutral,Neutral,Neutral,Neutral,Neutral,True
VAMOS #LM10 No one can hold you down. If you really want it.Just steal your destiny.Right from the hands of fate🙌…,vamos lm not one can hold you down if you really want it just steal your destiny right from the hands of fate,Positive,Negative,Positive,Neutral,Neutral,False
Not too late to enjoy #thanksgiving! Buy your fave #sextoys @ using discount coupon codes @user,not too late to enjoy thanksgiving buy your fave sextoys using discount coupon codes,Neutral,Negative,Positive,Neutral,Neutral,True
"The Styx Pride have been moving between our dam and then to the East quite regularly. The cubs are more mobile,...",the styx pride have been moving between our dam and then to the east quite regularly the cubs are more mobile,Positive,Neutral,Neutral,Neutral,Neutral,False
@user because Kate upton is too busy complaining that Justin Verlander should have won the CY Young award.,because kate upton is too busy complaining that justin verlander should have won the cy young award,Neutral,Neutral,Neutral,Negative,Negative,False
RT @user Inb4 @user saying they never knew about CP on twitter. You can purge alt right accounts but not CP. Well played. #TwitterGate #…,inb saying they never knew about cp on twitter you can purge alt right accounts but not cp well played twittergate,Negative,Negative,Negative,Negative,Negative,True
This also renders me speechless .......irony anyone?,this also renders me speechless irony anyone,Neutral,Neutral,Neutral,Neutral,Neutral,True
Third and this is key here. Earning money is bad because alt-energy but OK because fossil fuels? Your entire point…,third and this is key here earning money is bad because alt energy but ok because fossil fuels your entire point,Negative,Negative,Negative,Negative,Negative,True
@user @user it's the type of ID & accessibility. This helped me understand the controversy of suppression,it the type of id accessibility this helped me understand the controversy of suppression,Neutral,Neutral,Negative,Neutral,Neutral,True
"@user @user we have socialism here in the US with great success. Social security, Medicare, education, post office, ect...",we have socialism here in the us with great success social security medicare education post office ect,Positive,Positive,Positive,Positive,Positive,True
"@user @user ...or for her support of ""terrorism""! #Hamas",or for her support of terrorism hamas,Negative,Neutral,Negative,Negative,Negative,True
"The carnage in #yemen is hardly being covered in Western media. They're not what's known as ""worthy victims""",the carnage in yemen is hardly being covered in western media they re not what known as worthy victims,Negative,Negative,Negative,Negative,Negative,True
@user @user @user Yeah Grayson Allen. 17 points vs W&M,yeah grayson allen points vs,Positive,Neutral,Neutral,Neutral,Neutral,False
@user just carrying on the defensive legacies of kg and tim duncan nbd,just carrying on the defensive legacies of kg and tim duncan nbd,Neutral,Neutral,Positive,Neutral,Neutral,True
"Is Trump's Cabinet, The David Dukes of Pennsylvania Ave.? Hear our Bob Dylan: Trump protest song. #RobbingUsBarren",is trump cabinet the david dukes of pennsylvania ave hear our bob dylan trump protest song robbingusbarren,Negative,Neutral,Neutral,Neutral,Neutral,False
Oh hai @user @user 👋🏻Looking great in your David Blaine box @user Central,oh hai looking great in your david blaine box central,Positive,Positive,Positive,Positive,Positive,True
#Trump picks #NikkiHaley to be his #UnitedNations Ambassador.,trump picks nikkihaley to be his unitednations ambassador,Neutral,Neutral,Neutral,Neutral,Neutral,True
@user That tactic worked so well for Labour under austerity and I'm sure will rid the anti-EU sentiment from those harmed by Brexit,that tactic worked so well for labour under austerity and sure will rid the anti eu sentiment from those harmed by brexit,Neutral,Neutral,Neutral,Negative,Negative,False
Well sorry Obama and Dems-there's a new Sheriff in town and he won't allow that stupid crap! #TrumpsTheMan,well sorry obama and dems there new sheriff in town and he won allow that stupid crap trumpstheman,Neutral,Neutral,Negative,Negative,Negative,False
An Open Letter by @user To All White Supremacists And Nazis @user  via @user,an open letter by to all white supremacists and nazis via,Negative,Neutral,Negative,Negative,Negative,True
"@user entire team was amazing. The most enthusiastic, intelligent hardworking people. #StillWithHer",entire team was amazing the most enthusiastic intelligent hardworking people stillwithher,Positive,Positive,Positive,Positive,Positive,True
@user - Martin Bryant's weapons & ammo' were all legally obtained. PM Howard gave us strong gun control laws #Nationals trash them,martin bryant weapons ammo were all legally obtained pm howard gave us strong gun control laws nationals trash them,Negative,Neutral,Negative,Negative,Negative,True
Galaxy Note 4 On A Note 7 ROM Gets Samsung's Recall Prompt #trends #motivation #tsu @user,galaxy note on note rom gets samsung recall prompt trends motivation tsu,Neutral,Neutral,Neutral,Neutral,Neutral,True
"@user @user ?Vietnam embargo, Cuba embargo... Nigeria meetings.But this is different?How?",vietnam embargo cuba embargo nigeria meetings but this is different how,Neutral,Negative,Negative,Neutral,Neutral,True
The Crankies on tour again? #democracy #sovereignty #draintheswamp,the crankies on tour again democracy sovereignty draintheswamp,Neutral,Neutral,Neutral,Neutral,Neutral,True
Why Israel Is A Threat To World Peace #gaza #palestine #israel #BDS,why israel is threat to world peace gaza palestine israel bds,Negative,Neutral,Negative,Negative,Negative,True
The #REAL effect of #FAKEnews on the rabid right! #brexithttps://t.co/Lm0vjiKlrj,the real effect of fakenews on the rabid right brexit,Negative,Neutral,Neutral,Negative,Negative,True
2x5 now #ScreamQueens 🍸,now screamqueens,Neutral,Positive,Neutral,Neutral,Neutral,True
Pictures: Andrés Iniesta in his recovery stages. #fcblive,pictures andrs iniesta in his recovery stages fcblive,Positive,Neutral,Neutral,Positive,Positive,True
"@user and Michael Moore in a 45 min wide-ranging, civil and informative election talk via @user",and michael moore in min wide ranging civil and informative election talk via,Positive,Neutral,Neutral,Neutral,Neutral,False
@user UKIP are moaning at parliament over brexit court case as they only have 1 MP!! UKIP get a life!!,ukip are moaning at parliament over brexit court case as they only have mp ukip get life,Negative,Neutral,Neutral,Negative,Negative,True
"And so privatisation takes root, and begins to grow. It's heartbreaking what the @user are doing. 😭💔",and so privatisation takes root and begins to grow it heartbreaking what the are doing,Negative,Negative,Negative,Negative,Negative,True
Angela Bassett is always a vision. #LoveAndHappiness #ThankYouObama,angela bassett is always vision loveandhappiness thankyouobama,Positive,Positive,Positive,Positive,Positive,True
Run #MELANIATRUMP run! Save yourself,run melaniatrump run save yourself,Negative,Neutral,Neutral,Negative,Negative,True
Retweeted P. J. (@Portosj81J):#ThankYouObama for blatantly lying to the American People,retweeted thankyouobama for blatantly lying to the american people,Negative,Neutral,Negative,Negative,Negative,True
Perhaps it's time to depose Pope Francis and elect a faithful priest to be his successor: Robert Cardinal Sarah.,perhaps it time to depose pope francis and elect faithful priest to be his successor robert cardinal sarah,Negative,Neutral,Neutral,Neutral,Neutral,False
I want to step up our voter-registration activities. Not every branch doe... #JulianBond #quote,want to step up our voter registration activities not every branch doe julianbond quote,Neutral,Neutral,Neutral,Neutral,Neutral,True
Book now for ‘The Power of Film: Ali in the Movies & Popular Media with Bro Hakim on Wed 7 Dec @user  Info:…,book now for the power of film ali in the movies popular media with bro hakim on wed dec info,Neutral,Neutral,Neutral,Neutral,Neutral,True
@user I hope you carve up opposing lineups like that this year. Cy Young #ComeBackKing,hope you carve up opposing lineups like that this year cy young comebackking,Positive,Positive,Positive,Positive,Positive,True
Begala: I got a better deal through Obamacare,begala got better deal through obamacare,Neutral,Negative,Neutral,Neutral,Neutral,True
@user @user yeah but Mike Pence got booed,yeah but mike pence got booed,Negative,Neutral,Neutral,Neutral,Neutral,False
"@user isn't he the ultra conservative anti- gay marriage, anti-abortion, anti- everything guy?",isn he the ultra conservative anti gay marriage anti abortion anti everything guy,Negative,Negative,Negative,Negative,Negative,True
"Carles Aleña (Barca B player): ""Luis Enrique told me to be patient and work hard and I will get my chance."" #fcblive",carles alea barca player luis enrique told me to be patient and work hard and will get my chance fcblive,Positive,Neutral,Positive,Neutral,Neutral,False
"The US has made-up drug trafficking case against the two nephews of the Venezuelan first lady Cilia Flores, the...",the us has made up drug trafficking case against the two nephews of the venezuelan first lady cilia flores the,Negative,Neutral,Negative,Negative,Negative,True
If everyone got over themselves and signed up for obamacare wouldn't it work and be cheaper??? (Actual question),if everyone got over themselves and signed up for obamacare wouldn it work and be cheaper actual question,Neutral,Neutral,Neutral,Neutral,Neutral,True
@user Love that you shared my Bob 'Rolling Thunder' Dylan. Love the Bard!,love that you shared my bob rolling thunder dylan love the bard,Positive,Positive,Positive,Positive,Positive,True
"Early this morning I was reading: ""The Medical Cannabis Guidebook, The Definitive Guide to Using and Growing Medicinal Marijuana,"" 2014. ;-)",early this morning was reading the medical cannabis guidebook the definitive guide to using and growing medicinal marijuana,Positive,Neutral,Neutral,Neutral,Neutral,False
@user I drink Gold Standard Whey.,drink gold standard whey,Neutral,Neutral,Neutral,Neutral,Neutral,True
"*Watching HSM**Troy Bolton (Zac Efron) is singing Hazel: ""OMG He's So Hot JUST DO ME""@hazel_gomez01",watching hsm troy bolton zac efron is singing hazel omg he so hot just do me,Positive,Positive,Positive,Positive,Positive,True
"@user @user brb, BAWLING on the train #StillWithHer",brb bawling on the train stillwithher,Neutral,Neutral,Positive,Positive,Positive,False
Lake County Black Lives Matter hosts Thanksgiving food distribution - Chicago Tribune,lake county black lives matter hosts thanksgiving food distribution chicago tribune,Neutral,Neutral,Neutral,Neutral,Neutral,True
"@user We dont hav Obamacare but this piece was 👌🏼. I wish DT cud keep ins 4 all, but ⬆️competition so we're not the ones paying for it!",we dont hav obamacare but this piece was wish dt cud keep ins all but competition so we re not the ones paying for it,Negative,Negative,Negative,Negative,Negative,True
funny but i just realized he looks like zac efron,funny but just realized he looks like zac efron,Neutral,Neutral,Neutral,Neutral,Neutral,True
@user It's most appealing aspect must surely be its vegetarianism,it most appealing aspect must surely be its vegetarianism,Positive,Positive,Positive,Neutral,Neutral,False
Welcome to Mother Russia...https://t.co/YXj4PYi4Eu,welcome to mother russia,Positive,Positive,Positive,Neutral,Neutral,False
"From #TheWalkingDead, we interview #DanielBonjour! And he wants to #cosplay #deadpool! #costumes #twd #twdfamily",from thewalkingdead we interview danielbonjour and he wants to cosplay deadpool costumes twd twdfamily,Positive,Neutral,Neutral,Positive,Positive,True
@user @user @user so it's #DrainTheSwamp of lobbyists unless you're Rudy Giuliani?,so it draintheswamp of lobbyists unless you re rudy giuliani,Neutral,Neutral,Neutral,Neutral,Neutral,True
first date dream: take me to an anti-trump protest,first date dream take me to an anti trump protest,Negative,Neutral,Negative,Negative,Negative,True
"If You Are In China, You Will Not Be Allowed To Web Search ""Fatty Kim The Third"":",if you are in china you will not be allowed to web search fatty kim the third,Neutral,Neutral,Negative,Neutral,Neutral,True
@user poroshenko is a hundred times worse. i think Yanukovich should speak more on events.,poroshenko is hundred times worse think yanukovich should speak more on events,Negative,Neutral,Negative,Negative,Negative,True
SEXY! Ashley Graham Does Mannequin Challenge in Pink Lingerie | ADDITION ELLE Spring 2017 Collection,sexy ashley graham does mannequin challenge in pink lingerie addition elle spring collection,Positive,Neutral,Neutral,Neutral,Neutral,False
"@user ~ Thanks to Due Process, this piece of trash has choices- We can only hope that Soon he'll get what he deserves the Death penalty!",thanks to due process this piece of trash has choices we can only hope that soon he ll get what he deserves the death penalty,Negative,Neutral,Negative,Negative,Negative,True
#BoycottIsrael Time to do to Zionist Israel what was done to #Apartheid #Israel. Boycott until they change. Respect…,boycottisrael time to do to zionist israel what was done to apartheid israel boycott until they change respect,Negative,Neutral,Negative,Neutral,Neutral,False
"Appears Cubans never got the Yankee memo about their ""evil Cuban dictator"". US elite so out of touch on Cuba as pun…",appears cubans never got the yankee memo about their evil cuban dictator us elite so out of touch on cuba as pun,Negative,Negative,Negative,Negative,Negative,True
"#Eurozone Ireland reunifies, why can't I? (Praise Kim Jong-un) #SydMUN16",eurozone ireland reunifies why can praise kim jong un sydmun,Negative,Negative,Negative,Negative,Negative,True
WHOEVR KILLS LEO DESERVES DEATH PENALTY @user @user @user @user @user @user,whoevr kills leo deserves death penalty,Negative,Neutral,Negative,Negative,Negative,True
"#nodapl Few Dems hv stood up for us, thus silently supporting th GOP bigots' views & actions. Cowardice is unforgivable in such situations",nodapl few dems hv stood up for us thus silently supporting th gop bigots views actions cowardice is unforgivable in such situations,Negative,Neutral,Positive,Negative,Negative,True
Usher can STILL sing. Praise God. #ThankYouObama,usher can still sing praise god thankyouobama,Positive,Positive,Positive,Positive,Positive,True
Trump transition team highlights diversity of nominees: via @user,trump transition team highlights diversity of nominees via,Neutral,Neutral,Neutral,Neutral,Neutral,True
Westworld is consistent in its mind bosting,westworld is consistent in its mind bosting,Positive,Positive,Positive,Positive,Positive,True
If we had death penalty referendum Theresa May couldnt just bring back hanging using Royal Prerogative. Need Act of Parliament.,if we had death penalty referendum theresa may couldnt just bring back hanging using royal prerogative need act of parliament,Neutral,Neutral,Negative,Neutral,Neutral,True
"US chicken, flour sold in #DRCongo via blacklisted Tajideen. Great piece in WSJ @user @user  #Hezbollah",us chicken flour sold in drcongo via blacklisted tajideen great piece in wsj hezbollah,Neutral,Positive,Positive,Positive,Positive,False
"NoWe Haven't Forgot How Conservatives Criticized Michelle Obama's Bare Arms, Stay Silent On Melania Trump’s Nude Pix",nowe haven forgot how conservatives criticized michelle obama bare arms stay silent on melania trumps nude pix,Negative,Negative,Negative,Negative,Negative,True
"@user @user @user He didnt in CA. Illegal Immigrants are how they ""ran up the score"" in popular vote, in California alone.",he didnt in ca illegal immigrants are how they ran up the score in popular vote in california alone,Neutral,Negative,Negative,Neutral,Neutral,True
. @user Getting rid of #Gaddafi in #Libya meant near civil war & #ISIS/#AlQaeda in Libya. US & UK know this (also Hillary's baby!).,getting rid of gaddafi in libya meant near civil war isis alqaeda in libya us uk know this also hillary baby,Neutral,Neutral,Neutral,Neutral,Neutral,True
@user Como Ashley Graham en Resident Evil 4?,como ashley graham en resident evil,Neutral,Neutral,Neutral,Neutral,Neutral,True
"@user @user These liberals wanted nothing more then to keep the real USA content, to be able to just make it. 46 mil on Foodstamps",these liberals wanted nothing more then to keep the real usa content to be able to just let it mil on foodstamps,Negative,Negative,Negative,Negative,Negative,True
Meanwhile...Obama Admin made them refugees:,meanwhile obama admin made them refugees,Negative,Negative,Negative,Neutral,Neutral,False
@user @user @user @user @user @user  He Comey is a pawn. Yankd by DOJ and his FBI uproar,he comey is pawn yankd by doj and his fbi uproar,Neutral,Neutral,Negative,Neutral,Neutral,True
"RT @user >Fake News @user ""Alt-Right are NeoNazis"">Fact Check: They're middle class Americans who want jobs back and cultural…",fake news alt right are neonazis fact check they re middle class americans who want jobs back and cultural,Negative,Negative,Negative,Negative,Negative,True
Live on the radio right now until 4:00 EST--tune me in. #ThatFridayFeeling #NationalFastFoodDay,live on the radio right now until est tune me in thatfridayfeeling nationalfastfoodday,Neutral,Neutral,Neutral,Positive,Positive,False
Win the Day the #Mannequinchallenge in a #Dunham kind of Way! via @user  #Trgthanks #madeformovers #dunhamfits,win the day the mannequinchallenge in dunham kind of way via trgthanks madeformovers dunhamfits,Positive,Positive,Positive,Positive,Positive,True
#Australia 's most wanted #jihadist #NeilPrakash arrested in the #MiddleEast#ام_الربيعين_تجمعنا#mosul#mosulop…,australia most wanted jihadist neilprakash arrested in the middleeast mosulmosulop,Neutral,Neutral,Negative,Negative,Negative,False
"This woman is still talking about Melania Trump's admittedly plagiarized speech, guys.As in, she's still saying i…",this woman is still talking about melania trump admittedly plagiarized speech guys as in she still saying,Neutral,Negative,Negative,Negative,Negative,False
"A tribute by Pakistani labour activists to the significance of the Cuban Revolution, and Fidel Castro.",tribute by pakistani labour activists to the significance of the cuban revolution and fidel castro,Positive,Neutral,Neutral,Neutral,Neutral,False
I'm watching this Michael Moore comedy skit on Showtime that was done BEFORE an election. Damn if he wasn't right. LOL!,watching this michael moore comedy skit on showtime that was done before an election damn if he wasn right lol,Positive,Neutral,Negative,Negative,Negative,False
Another EU crisis. Count-down to the cheers from Marine Le Pen.,another eu crisis count down to the cheers from marine le pen,Neutral,Neutral,Neutral,Neutral,Neutral,True
Ted Cruz:  Gov. actuaries say #ObamaCare will increase health care spending by $621B over next 10 yrs %u2026 #pjnet,ted cruz gov actuaries say obamacare will increase health care spending by over next yrs pjnet,Negative,Neutral,Neutral,Neutral,Neutral,False
"""24 Hours with the #Samsung #Galaxy Note 7: Oh Yeah!"" #android #mobile",hours with the samsung galaxy note oh yeah android mobile,Positive,Positive,Positive,Positive,Positive,True
AI and deep learning systems can develop synthetic procedures better than humans can. I shall soon be obsolete. Any new job suggestions?,ai and deep learning systems can develop synthetic procedures better than humans can shall soon be obsolete any new job suggestions,Neutral,Positive,Neutral,Neutral,Neutral,True
#Germany is looking to move its anti-#ISIS warplanes from #Turkey's air base. Alternative locations include #Cyprus,germany is looking to move its anti isis warplanes from turkey air base alternative locations include cyprus,Neutral,Negative,Negative,Neutral,Neutral,True
Lady Gaga On Melania's Anti-Bully Speech: ‘Your Husband Is 1 Of The Most Notorious Bullies',lady gaga on melania anti bully speech your husband is of the most notorious bullies,Negative,Neutral,Negative,Negative,Negative,True
"#Russia's border doesn't end anywhere, Vladimir Putin says @user",russia border doesn end anywhere vladimir putin says,Neutral,Neutral,Negative,Neutral,Neutral,True
@user @user And things are certainly better for all the insurance and pharma execs making bank on ObamaCare,and things are certainly better for all the insurance and pharma execs making bank on obamacare,Positive,Positive,Negative,Positive,Positive,True
"Bankruptcy of wisdom promotes leftists media to ask opinion of Greece about economics,the country bailed out by Ger…",bankruptcy of wisdom promotes leftists media to ask opinion of greece about economics the country bailed out by ger,Neutral,Negative,Negative,Neutral,Neutral,True
Neymar Jr leads the #UCL for assists - seven so far. We've got plenty more stats where that came from:…,neymar jr leads the ucl for assists seven so far we ve got plenty more stats where that came from,Neutral,Neutral,Neutral,Neutral,Neutral,True
"Made using 3D printing technology and fabricated out of PLA, making this chair bio-degradable:…",made using printing technology and fabricated out of pla making this chair bio degradable,Neutral,Neutral,Neutral,Positive,Positive,False
"Other than Lorelai and Rory, #GilmoreGirlsTop4 characters are: 4.Sookie 3.Kirk 2.Jess",other than lorelai and rory gilmoregirlstop characters are sookie kirk jess,Positive,Neutral,Neutral,Positive,Positive,True
My sister blew up my phone this morning asking if I could pick her up at the airport at 11.... I'm not a morning person so I said no.. #uber,my sister blew up my phone this morning asking if could pick her up at the airport at not morning person so said not uber,Negative,Negative,Neutral,Negative,Negative,True
Clearly an attempt to scare people people into supporting more gun control,clearly an attempt to scare people people into supporting more gun control,Negative,Neutral,Negative,Negative,Negative,True
I can't stop watching david blaine I'm so disgusted but so intrigued I love him,can stop watching david blaine so disgusted but so intrigued love him,Positive,Positive,Positive,Positive,Positive,True
White-collar supremacy is CODE used by liberal fascists for People who Work for Living in a Real Job #pjnet #trump #tcot #UniteBlue #p2,white collar supremacy is code used by liberal fascists for people who work for living in real job pjnet trump tcot uniteblue,Negative,Negative,Negative,Negative,Negative,True
Similar future for #Canada's #dairyfarmers? #CETA #TPP #NAFTA,similar future for canada dairyfarmers ceta tpp nafta,Neutral,Neutral,Neutral,Neutral,Neutral,True
@user are you listening? #AuditTheVote #StillWithHer #resist #NeverTrump #Recount2016 #SaveOurFuture…,are you listening auditthevote stillwithher resist nevertrump recount saveourfuture,Positive,Neutral,Neutral,Neutral,Neutral,False
@user relaxes with his team on thevoiceau 😁✌🏻️ #RickyMartin #Ricky_Martin #РикиМартин…,relaxes with his team on thevoiceau rickymartin ricky martin,Neutral,Positive,Positive,Positive,Positive,False
Jill Stein gets 1% of Trump's votes in Wisconsin but demands a recount?  BS - she is getting Clinton Foundation mon…,jill stein gets of trump votes in wisconsin but demands recount bs she is getting clinton foundation mon,Neutral,Neutral,Negative,Neutral,Neutral,True
DON’T MISS: Ashley Graham takes to the cover of British Vogue:,dont miss ashley graham takes to the cover of british vogue,Neutral,Neutral,Neutral,Neutral,Neutral,True
Algeria donated to Clinton Foundation to get off terror list. by #egopanthers via @user,algeria donated to clinton foundation to get off terror list by egopanthers via,Negative,Neutral,Negative,Negative,Negative,True
".@DrJillStein @user Answers? What are the Qs?Problem is voter suppression, not vote chicanery.Focus on the former, not the latter.",answers what are the qs problem is voter suppression not vote chicanery focus on the former not the latter,Neutral,Neutral,Neutral,Neutral,Neutral,True
Venezuela's President Maduro accuses US of fabricating drug case against 2 nephews of first lady...,venezuela president maduro accuses us of fabricating drug case against nephews of first lady,Negative,Neutral,Negative,Negative,Negative,True
The curious case of charles darwin and homeopathy. Ullman D. Evid Based Complement Alternat Med; 2010 Mar;7(1):33-9.,the curious case of charles darwin and homeopathy ullman evid based complement alternat med mar,Neutral,Neutral,Neutral,Neutral,Neutral,True
Awkward moment #289 - RKelly playing in your #uber and you dance,awkward moment rkelly playing in your uber and you dance,Positive,Neutral,Positive,Neutral,Neutral,False
@user Remember when you mentioned Wright-Patterson AFB/USAF Museum on the Campaign trail?…,remember when you mentioned wright patterson afb usaf museum on the campaign trail,Neutral,Neutral,Neutral,Neutral,Neutral,True
Should we bring back the death penalty for convicted paedophiles? The answer is simple. It's ... #EVENTS,should we bring back the death penalty for convicted paedophiles the answer is simple it events,Neutral,Neutral,Neutral,Neutral,Neutral,True
@user he is ... Grayson allen is just better,he is grayson allen is just better,Positive,Positive,Positive,Positive,Positive,True
Just a standard Friday at Wisewood! @user @user  #mannequinchallenge #activewisewood,just standard friday at wisewood mannequinchallenge activewisewood,Neutral,Neutral,Neutral,Neutral,Neutral,True
"Hopefully, #Trump will designate #BlackLivesMatter as a terrorist organization and law enforcement can end #BLM's reign of terror.",hopefully trump will designate blacklivesmatter as terrorist organization and law enforcement can end blm reign of terror,Negative,Negative,Negative,Negative,Negative,True
"@user @user 'Barbiturates' first synthesised by von Baeyer on feast of St Barbara, 4th Dec 1863 - sacr…",barbiturates first synthesised by von baeyer on feast of st barbara th dec sacr,Neutral,Neutral,Neutral,Neutral,Neutral,True
#NorwoodUJIABirthright #Limiteless16 #Israel tour. #ShabbatShalom from the magical city of #Jerusalem,norwoodujiabirthright limiteless israel tour shabbatshalom from the magical city of jerusalem,Positive,Neutral,Neutral,Positive,Positive,True
Atlus talks Persona 5 and the declining Japanese console market...,atlus talks persona and the declining japanese console market,Neutral,Neutral,Neutral,Neutral,Neutral,True
@user we need to know what you plan to DO about it.,we need to know what you plan to do about it,Neutral,Neutral,Neutral,Neutral,Neutral,True
@user @user hahaha! #gamed Green Party funded by the heartbroken Dems- salt in the wound!,hahaha gamed green party funded by the heartbroken dems salt in the wound,Neutral,Neutral,Neutral,Neutral,Neutral,True
WeWeDonald Trump says...We need to build a wall on the Mexican border.We need somebody who can make america great again.. TF,wewedonald trump says we need to build wall on the mexican border we need somebody who can let america great again tf,Neutral,Negative,Negative,Negative,Negative,False
#WVIAPublicMedia Former Transition Team Member Describes Trump's National Security Plan. Read Blog:,wviapublicmedia former transition team member describes trump national security plan read blog,Neutral,Neutral,Neutral,Neutral,Neutral,True
Kim fatty the third of north korea is the worst dictator that keeps hereditary communist dynasty in the world,kim fatty the third of north korea is the worst dictator that keeps hereditary communist dynasty in the world,Negative,Negative,Negative,Negative,Negative,True
.@AudryT Too few Americans have a deep education on the process and its pitfalls. Now we are learning and will take that into the future.,too few americans have deep education on the process and its pitfalls now we are learning and will take that into the future,Neutral,Positive,Positive,Negative,Negative,False
#Tipp  World of Fishing: 5 Euro Rabatt gewinnen: Um euer Equipment in World of Fishing…,tipp world of fishing euro rabatt gewinnen um euer equipment in world of fishing,Neutral,Neutral,Neutral,Neutral,Neutral,True
"#AllStar #KyleLowry Hoops, Revolution, Gold Standard 7 LOT AR #Basketball",allstar kylelowry hoops revolution gold standard lot ar basketball,Neutral,Neutral,Neutral,Neutral,Neutral,True
Analysis: #Iraq Popular Mobilization Forces in #Iran’s game plan #IRGC #US #EU #UN #Syria #Hezbollah…,analysis iraq popular mobilization forces in irans game plan irgc us eu un syria hezbollah,Neutral,Neutral,Neutral,Neutral,Neutral,True
"@user @user Obamacare caused people to go from FT to PT jobs. Employers cut hours, especially in retail. Lost $ & insurance.",obamacare caused people to will from ft to pt jobs employers cut hours especially in retail lost insurance,Negative,Negative,Negative,Negative,Negative,True
@user on notice: #Iran sending arms to #Hezbollah #terrorists using commercial airlines. @user @user,on notice iran sending arms to hezbollah terrorists using commercial airlines,Negative,Neutral,Neutral,Neutral,Neutral,False
I'm starting to think the @user - @user relationship in #Westworld is one big Donald Trump - Ben Carson metaphor.,starting to think the relationship in westworld is one big donald trump ben carson metaphor,Neutral,Neutral,Neutral,Negative,Negative,False
"Kelly Anne Conway is here reporting the wall is a glorious 10 meters high, while Ben Carson counters that 'meters' arent even a real thing",kelly anne conway is here reporting the wall is glorious meters high while ben carson counters that meters arent even real thing,Positive,Positive,Neutral,Neutral,Neutral,False
Let's put Bolton back to the #UnitedNations and vote for @user,let put bolton back to the unitednations and vote for,Neutral,Neutral,Neutral,Neutral,Neutral,True
More Fantastic in #IMAX! Don't miss #FantasticBeasts at the Airbus #IMAX Theater.,more fantastic in imax has miss fantasticbeasts at the airbus imax theater,Positive,Neutral,Positive,Positive,Positive,True
inch NET [russian #NO] President SAAKASHVILI @user attacked by @user LOST 2 provinces said #YES to @user i…,inch net russian not president saakashvili attacked by lost provinces said yes to,Neutral,Negative,Neutral,Neutral,Neutral,True
@user @user @user @user You're the one who brought up Obama. I'm going to miss him. 💙💚💛💜 #ThankYouObama,you re the one who brought up obama going to miss him thankyouobama,Positive,Positive,Negative,Positive,Positive,True
The Rocket Richard race or the Cy Young race?  #NHL,the rocket richard race or the cy young race nhl,Neutral,Neutral,Neutral,Neutral,Neutral,True
"PHOTOS: From the Rio Olympics to the Cubs' win, take a look back at the big sports events of 2016. #yearinreview…",photos from the rio olympics to the cubs win take look back at the big sports events of yearinreview,Positive,Neutral,Positive,Neutral,Neutral,False
"In pictures: Palestinian Civil Defense assists in putting out fires in #Haifa, #Jerusalem #Palestine #Israel…",in pictures palestinian civil defense assists in putting out fires in haifa jerusalem palestine israel,Neutral,Neutral,Neutral,Neutral,Neutral,True
ALL NATIONS UNITE.... HUMAN BEINGS STANDING UP TOGETHER WILL FORCE THE CHANGE FROM FOSSIL FUELS TO CLEAN ENERGY...,all nations unite human beings standing up together will force the change from fossil fuels to clean energy,Negative,Neutral,Negative,Negative,Negative,True
Libs voter suppression argument rises again. The election really was rigged,libs voter suppression argument rises again the election really was rigged,Negative,Neutral,Negative,Negative,Negative,True
"@user @user @user I'm tired of conservatives & whites giving up the best places. Instead of fighting, they leave.",tired of conservatives whites giving up the best places instead of fighting they leave,Negative,Neutral,Negative,Negative,Negative,True
The other day I went on a date & this guy asked me why was I wearing my Cubs jersey if that already passed... niggaaaaa are you fr rn😐🙄,the other day went on date this guy asked me why was wearing my cubs jersey if that already passed niggaaaaa are you fr rn,Negative,Neutral,Neutral,Negative,Negative,True
Dr. Love’s 5-Step Recipe for Romance on Valentine’s Day and Beyond,dr loves step recipe for romance on valentines day andbeyond,Neutral,Positive,Positive,Positive,Positive,False
@user Mr. @user FARC will always be a terrorist group. They are the real Bad Hombres. @user @user @user,mr farc will always be terrorist group they are the real bad hombres,Negative,Negative,Positive,Negative,Negative,True
Several media outlets say the same. A member of his transition team tells critics to get a life.,several media outlets say the same member of his transition team tells critics to get life,Neutral,Neutral,Neutral,Neutral,Neutral,True
@user Many agree with your stance on SSM-but many disagree with your stance on Euthanasia..watch a loved one die in agony..reconsider,many agree with your stance on ssm but many disagree with your stance on euthanasia watch loved one die in agony reconsider,Neutral,Positive,Negative,Negative,Negative,False
@user Keep yer self-driving cars. THIS is the future tech I want,keep yer self driving cars this is the future tech want,Positive,Neutral,Positive,Positive,Positive,True
California vs. Trumpland - Liberal success vs. Conservative failed states #UniteBlue,california vs trumpland liberal success vs conservative failed states uniteblue,Neutral,Neutral,Negative,Neutral,Neutral,True
"#Iraq, #Mosul | #Iraqi_Forces regains control on neighborhoods east of Mosulhttps://t.co/etDq7hxPvQ#mosuloffensive #MosulAid #journalism",iraq mosul iraqi forces regains control on neighborhoods east of mosul mosulaid journalism,Positive,Neutral,Negative,Neutral,Neutral,False
Good morning! ❤️ #ScreamQueens,good morning screamqueens,Positive,Positive,Positive,Positive,Positive,True
I'm fiending to satisfy my @user / potter  fix by seeing Fantastic Beasts and Where to Find Them this weekend 💯! #FantasticBeasts,fiending to satisfy my potter fix by seeing fantastic beasts and where to find them this weekend fantasticbeasts,Positive,Positive,Positive,Positive,Positive,True
Embargo on Cuba not working. #FreeCuba. #MAGA,embargo on cuba not working freecuba maga,Negative,Negative,Neutral,Neutral,Neutral,False
Year of Mercy Provisions on Abortion Confession Extended,year of mercy provisions on abortion confession extended,Neutral,Neutral,Neutral,Neutral,Neutral,True
How is your day? $200? Ed Gamble cartoon #TCOT #LNYHBT #MAGA #DrainTheSwamp #BuildTheWall,how is your day ed gamble cartoon tcot lnyhbt maga draintheswamp buildthewall,Neutral,Neutral,Neutral,Neutral,Neutral,True
@user @user @user #NBAwards Let's unearth more such jewels of #Bengaluru,nbawards let unearth more such jewels of bengaluru,Positive,Neutral,Positive,Negative,Negative,False
"Say, Whaaaaaat? Sorry, but pedophiles cannot be rehabilitated, so why should they get anything less the death pena…",say whaaaaaat sorry but pedophiles cannot be rehabilitated so why should they get anything less the death pena,Negative,Negative,Negative,Negative,Negative,True
A woman who praises Fidel Castro has absolutely no ground to speak on human rights violations. Period.,woman who praises fidel castro has absolutely not ground to speak on human rights violations period,Negative,Neutral,Negative,Neutral,Neutral,False
@user @user @user good mans,good mans,Neutral,Positive,Positive,Positive,Positive,False
What to do if Social Security is going to #security #lossitems #items #tracking #valuables,what to do if social security is going to security lossitems items tracking valuables,Neutral,Neutral,Neutral,Neutral,Neutral,True
Leonard Cohen and poutine references in the new Gilmore Girls.,leonard cohen and poutine references in the new gilmore girls,Neutral,Neutral,Neutral,Neutral,Neutral,True
"OMG THE CUBS SCORED 4 RUNS. 9%Trump 61,820,845 46.",omg the cubs scored runs trump,Neutral,Neutral,Neutral,Neutral,Neutral,True
Nope.  You can stop listening to Maduro tho,nope you can stop listening to maduro tho,Negative,Negative,Negative,Negative,Negative,True
Tipp native and heavyweight boxer Con Sheehan and recently retired Tipp stalwarts among Jackie Cahill's guests on...,tipp native and heavyweight boxer con sheehan and recently retired tipp stalwarts among jackie cahill guests on,Neutral,Neutral,Neutral,Neutral,Neutral,True
You're not seriously advocating homeopathy? Grossly irresponsible for a national organization @user,you re not seriously advocating homeopathy grossly irresponsible for national organization,Negative,Positive,Negative,Neutral,Neutral,False
Reckless Moron. 😡🌪🇺🇸#trumptransitionteam #notmypresident #fucktrump #jewishresistance…,reckless moron trumptransitionteam notmypresident fucktrump jewishresistance,Negative,Neutral,Negative,Negative,Negative,True
"@user idiot, Trump had meetings for the POTUS transition. Obama just trying to improve his shi--- image with our military.",idiot trump had meetings for the potus transition obama just trying to improve his shi image with our military,Negative,Neutral,Negative,Negative,Negative,True
"@user @user I belive that Russia elected the President. Also voter suppression, lies and constant allowance for Trumps",belive that russia elected the president also voter suppression lies and constant allowance for trumps,Negative,Neutral,Negative,Negative,Negative,True
Barak Obama | highlighting the many broken promises of Obamacare,barak obama highlighting the many broken promises of obamacare,Negative,Negative,Negative,Neutral,Neutral,False
Kansas City prepares from self-driving cars #driverless #car #tech,kansas city prepares from self driving cars driverless car tech,Neutral,Neutral,Neutral,Neutral,Neutral,True
"Hey, democrats... the popular vote doesn't make Hillary president. That's what the electoral college system is for.",hey democrats the popular vote doesn let hillary president that what the electoral college system is for,Neutral,Neutral,Negative,Neutral,Neutral,True
"When it comes to social security or Medicare, you have to ask yourself WWPRD? What Would Paul Ryan Destroy? #NoHealthcareForYou",when it comes to social security or medicare you have to ask yourself wwprd what would paul ryan destroy nohealthcareforyou,Negative,Negative,Negative,Negative,Negative,True
A picture is worth a thousand words. #notmypresident #ThankYouObama,picture is worth thousand words notmypresident thankyouobama,Neutral,Positive,Positive,Positive,Positive,False
McCoskrie: Euthanasia – we don’t need it,mccoskrie euthanasia we dont need it,Negative,Negative,Negative,Negative,Negative,True
Isn't it just time these fake news creators stopped feeding the deplorables' fires? #fakenews,isn it just time these fake news creators stopped feeding the deplorables fires fakenews,Negative,Neutral,Negative,Negative,Negative,True
MLB News: Kate Upton Not Done Criticizing CY Young Voting Process #redsox #bhive,mlb news kate upton not done criticizing cy young voting process redsox bhive,Neutral,Neutral,Neutral,Neutral,Neutral,True
Persona 5 Trailer Reaction: via @user,persona trailer reaction via,Neutral,Neutral,Neutral,Neutral,Neutral,True
@user #ThankYouObama for destroying the Democratic party and your legacy within 100 days of you leaving office,thankyouobama for destroying the democratic party and your legacy within days of you leaving office,Negative,Neutral,Negative,Negative,Negative,True
Watching Chanel taunt desperate masses on Black Friday is the funniest thing in life #ScreamQueens,watching chanel taunt desperate masses on black friday is the funniest thing in life screamqueens,Positive,Positive,Positive,Positive,Positive,True
"Traditional Thanksgiving food is fire, my mom just made some shit she makes all the time but made it slightly better",traditional thanksgiving food is fire my mom just made some shit she makes all the time but made it slightly better,Neutral,Neutral,Negative,Positive,Positive,False
Trump saw 'Urban' in Dept of Housing & Urban Development and offered the job to the last black person he talked tohttps://t.co/Y1R6yAZxJg,trump saw urban in dept of housing urban development and offered the job to the last black person he talked to,Neutral,Neutral,Neutral,Neutral,Neutral,True
This noble response is similar to other responses of #palestinians affiliated with #Hamas who are rejoicing due to…,this noble response is similar to other responses of palestinians affiliated with hamas who are rejoicing due to,Neutral,Negative,Negative,Neutral,Neutral,True
"@user @user If the #GOP dare to touch Social Security, I call for a massive class action suit. We might just sink the #GOP.",if the gop dare to touch social security call for massive class action suit we might just sink the gop,Neutral,Neutral,Neutral,Neutral,Neutral,True
"Poroshenko signed a law to strengthen the protection of information space ""acts of aggression or propaganda""",poroshenko signed law to strengthen the protection of information space acts of aggression or propaganda,Neutral,Neutral,Neutral,Neutral,Neutral,True
@user You're from Norway. Do you even understand how the US Constitution and Electoral College works? Big Trump win. Massive.,you re from norway do you even understand how the us constitution and electoral college works big trump win massive,Neutral,Neutral,Negative,Neutral,Neutral,True
Grab 'em by the Romney,grab em by the romney,Neutral,Neutral,Neutral,Neutral,Neutral,True
"FRANCE’s left-wing prime minister Manuel Valls will run to be the country’s next president, French media report....",frances left wing prime minister manuel valls will run to be the countrys next president french media report,Neutral,Neutral,Neutral,Neutral,Neutral,True
This is the best thing to have ever happened in the history of triggering leftists. I'm so glad I'm not a liberal a…,this is the best thing to have ever happened in the history of triggering leftists so glad not liberal,Positive,Positive,Positive,Positive,Positive,True
Wikileaks released documents about #Yemen #yemencrisis,wikileaks released documents about yemen yemencrisis,Neutral,Neutral,Neutral,Neutral,Neutral,True
@user you are so beautiful and an inspiration. #ThisIsUs is my husband's and my favorite show.,you are so beautiful and an inspiration thisisus is my husband and my favorite show,Positive,Positive,Positive,Positive,Positive,True
Cause who doesn't love Zac Efron{Dt: Cass} (Vine by @user,cause who doesn love zac efron dt cass vine by,Positive,Positive,Neutral,Positive,Positive,True
Porcello Is Worthy of Cy Young Win via @user App:,porcello is worthy of cy young win via app,Positive,Neutral,Neutral,Positive,Positive,True
I liked a @user video from @user DBP: Matt Jones with Grayson Allen after the William & Mary win,liked video from dbp matt jones with grayson allen after the william mary win,Positive,Positive,Positive,Positive,Positive,True
New #BeautyAndTheBeast photo of Gaston wooing Belle @user @user,new beautyandthebeast photo of gaston wooing belle,Positive,Positive,Positive,Positive,Positive,True
@user atmosphere.The plan would require robots to help gather the trash from land and sea to be recycled into floating plastic,atmosphere the plan would require robots to help gather the trash from land and sea to be recycled into floating plastic,Neutral,Neutral,Neutral,Neutral,Neutral,True
(Montreal Gazette):#Leonard Cohen's most recent #CD flying off store shelves in Montreal..,montreal gazette leonard cohen most recent cd flying off store shelves in montreal,Positive,Neutral,Positive,Positive,Positive,True
"Ahead of today's Seoul protest, N Korean defectors worry S Korean political crisis may be a boost for Kim Jong-un",ahead of today seoul protest korean defectors worry korean political crisis may be boost for kim jong un,Neutral,Neutral,Negative,Neutral,Neutral,True
Microsoft joins Linux foundation as Platinum member. Va @user,microsoft joins linux foundation as platinum member va,Neutral,Neutral,Neutral,Neutral,Neutral,True
It wouldn't make you feel shameful if there wasn't some part of you that knew it was wrong. Abortion is cruelty aga…,it wouldn let you feel shameful if there wasn some part of you that knew it was wrong abortion is cruelty aga,Negative,Negative,Negative,Negative,Negative,True
#PicOfTheDay No place anymore on cemeteries in Aleppo.,picoftheday not place anymore on cemeteries in aleppo,Neutral,Neutral,Neutral,Neutral,Neutral,True
@user @user Your kidding right? Contribute the most? Like gay marriage Trans bathrooms PC Obama Hillary no thanks!,your kidding right contribute the most like gay marriage trans bathrooms pc obama hillary not thanks,Negative,Negative,Negative,Negative,Negative,True
Oh times they have a changed! They are using cell phones and taking #uber on #GilmoreGirls!,oh times they have changed they are using cell phones and taking uber on gilmoregirls,Neutral,Neutral,Neutral,Neutral,Neutral,True
Had to allow myself one bit of online shopping today since they're only making one run of these Leonard Cohen homag…,had to allow myself one bit of online shopping today since they re only making one run of these leonard cohen homag,Positive,Neutral,Positive,Positive,Positive,True
#TrumpTransitionTeam pie chart to applicants: Those NOT in the #HUGE slice - need not applyMe: #foh #ftw…,trumptransitionteam pie chart to applicants those not in the huge slice need not applyme foh ftw,Negative,Neutral,Negative,Negative,Negative,True
Each a country to herself... Rita Dove reads from her COLLECTED POEMS 1974–2004 #MiamiBookFair2016 #NBAwards,each country to herself rita dove reads from her collected poems miamibookfair nbawards,Neutral,Neutral,Neutral,Neutral,Neutral,True
We have a Constitutional right to film police. #blacklivesmatter #stopracism #stopfascism #notonmywatch,we have constitutional right to film police blacklivesmatter stopracism stopfascism notonmywatch,Neutral,Neutral,Neutral,Negative,Negative,False
We're watching closely exactly who works to normalize this creepy fringe. @user @user @user @user,we re watching closely exactly who works to normalize this creepy fringe,Neutral,Neutral,Positive,Neutral,Neutral,True
@user Horse Racing Tip: Sprint Valley (Race 1) at 10:56 is Young Cy at 13/2. Best odds #freetip,horse racing tip sprint valley race at is young cy at best odds freetip,Neutral,Positive,Neutral,Neutral,Neutral,True
@user @user Don't pay #cash. They will use it for #uber or #Prada,has pay cash they will use it for uber or prada,Neutral,Neutral,Neutral,Neutral,Neutral,True
Drug addiction is overwhelming Trump’s America. What’s he going to do? -- Gonna deport bad hombres: problem solved.,drug addiction is overwhelming trumps america whats he going to do gonna deport bad hombres problem solved,Negative,Negative,Negative,Negative,Negative,True
#sexy girls get fucked for first time zac efron and vanessa hugens having sex,sexy girls get fucked for first time zac efron and vanessa hugens having sex,Neutral,Neutral,Neutral,Negative,Negative,False
"@user btw, matches the 60% Insurance Mafia skims off the top of our health care $$https://t.co/EAxzhW514w#WhoProfits #ThankYouObama",btw matches the insurance mafia skims off the top of our health care thankyouobama,Negative,Neutral,Positive,Negative,Negative,True
Are number one noological round purchase form social security?: XbVtGiS,are number one noological round purchase form social security xbvtgis,Neutral,Positive,Negative,Neutral,Neutral,True
George Soros' Son Pictured At Anti-Trump Riot? (PHOTO) via @user,george soros son pictured at anti trump riot photo via,Negative,Neutral,Negative,Negative,Negative,True
Lionel Messi belongs to Barcelona - Mourinho #soccer #football #fcb #fcblive #mufc #mcfc #rmfc #pl #lfp #laliga,lionel messi belongs to barcelona mourinho soccer football fcb fcblive mufc mcfc rmfc pl lfp laliga,Neutral,Positive,Neutral,Neutral,Neutral,True
Indian Motorcycle Maduro Churchill,indian motorcycle madurochurchill,Neutral,Neutral,Neutral,Neutral,Neutral,True
This New View Of Google Earth Is A Love Letter To Cities #VR #immersive,this new view of google earth is love letter to cities vr immersive,Positive,Positive,Positive,Positive,Positive,True
"So I see the takes this week are split between ""the popular vote should reign supreme"" and ""enlightened electors should override the voters""",so see the takes this week are split between the popular vote should reign supreme and enlightened electors should override the voters,Neutral,Neutral,Neutral,Neutral,Neutral,True
Cy Young: The Greatest Pitcher Baseball has Ever Seen #Pitcher #Baseball,cy young the greatest pitcher baseball has ever seen pitcher baseball,Neutral,Neutral,Positive,Positive,Positive,False
"@user @user smart move for both. why waste resources.  however, if it were a popular vote, DT would have ate her lunch",smart move for both why waste resources however if it were popular vote dt would have ate her lunch,Neutral,Neutral,Neutral,Negative,Negative,False
Pelosi and her team must acknowledge their failings and step down immediately. They do a disservice to remain.,pelosi and her team must acknowledge their failings and step down immediately they do disservice to remain,Negative,Neutral,Negative,Neutral,Neutral,False
Just passed a Tesla Model S in Fort Wayne 👅😅,just passed tesla model in fort wayne,Neutral,Neutral,Neutral,Neutral,Neutral,True
@user @user I watch Fox News every night! Bill & her are a must for me. To each his own.,watch fox news every night bill her are must for me to each his own,Positive,Neutral,Negative,Positive,Positive,True
@user IMO U r wrong to say Dems dont listen to both sides of issues of parties. They do & just tend 2disagree w more of gop policy,imo wrong to say dems dont listen to both sides of issues of parties they do just tend disagree more of gop policy,Neutral,Negative,Negative,Negative,Negative,False
🏀Good practice and ready for tomorrow! @user @user #fcblive,good practice and ready for tomorrow fcblive,Positive,Positive,Positive,Positive,Positive,True
Why switch to vegetarianism?,why switch tovegetarianism,Neutral,Neutral,Neutral,Neutral,Neutral,True
@user wife volunteered to bring in 4 pups that are 2 wks old. They were up for euthanasia at the shelter but she works 11 hrs a day!,wife volunteered to bring in pups that are wks old they were up for euthanasia at the shelter but she works hrs day,Neutral,Neutral,Neutral,Neutral,Neutral,True
"@user He Sounds Like A Great Secretary Of State, I Hope That Trump Gets More Transition Personnel Just Like Kris",he sounds like great secretary of state hope that trump gets more transition personnel just like kris,Positive,Neutral,Positive,Positive,Positive,True
@user ha ha... Think I've just come up with your #valentines social media campaign #lovestable - you need me on your marketing team!!,ha ha think ve just come up with your valentines social media campaign lovestable you need me on your marketing team,Positive,Positive,Negative,Positive,Positive,True
Context,context,Neutral,Neutral,Neutral,Neutral,Neutral,True
#Muslims - The Principal Victims of #Wahhabism #HeartofAsia #Pakistan #Quran #Westworld #ISIS #Daesh #Iraq #Syria,muslims the principal victims of wahhabism heartofasia pakistan quran westworld isis daesh iraq syria,Neutral,Neutral,Negative,Neutral,Neutral,True
psa: cristiano ronaldo is NOT of this earth,psa cristiano ronaldo is not of this earth,Neutral,Neutral,Neutral,Neutral,Neutral,True
Always wonder what causes traffic? Here's what may be our only solution out of this Jam,always wonder what causes traffic here what may be our only solution out of this jam,Neutral,Negative,Neutral,Neutral,Neutral,True
#TrumpTransitionTeam To the #FailingNYTimes -- It took #WorstPresidentEver #Obama THREE weeks after his 2008 election to name his cabinet !,trumptransitionteam to the failingnytimes it took worstpresidentever obama three weeks after his election to name his cabinet,Negative,Neutral,Negative,Negative,Negative,True
I hate a lier,hate lier,Negative,Neutral,Negative,Negative,Negative,True
3d-printing Curiosity rover wheels -,printing curiosity rover wheels,Neutral,Neutral,Neutral,Neutral,Neutral,True
"It was a law placed to overturn the Denton Fracking Ban (tx), that didn't let fracking around schools or where people live",it was law placed to overturn the denton fracking ban tx that didn let fracking around schools or where people live,Negative,Neutral,Negative,Negative,Negative,True
"Post same-sex marriage, elderly gay Americans still face challenges #conference #speaker #aging",post same sex marriage elderly gay americans still face challenges conference speaker aging,Neutral,Neutral,Negative,Negative,Negative,False
"@user @user @user @user LIKE u, IS WHATS WRONG WITH SOCIETY THE CAST OF HAMILTON looked WEAK THANX2u",like is whats wrong with society the cast of hamilton looked weak thanx,Negative,Neutral,Negative,Negative,Negative,True
"Recording a mysterious song in 2015, #FantasticBeasts singer @user no idea it was written by @user",recording mysterious song in fantasticbeasts singer not idea it was written by,Neutral,Neutral,Neutral,Neutral,Neutral,True
@user And so why is DC so silent on this. He is illegitimate. He does not have a mandate. @user won the popular vote in spite,and so why is dc so silent on this he is illegitimate he does not have mandate won the popular vote in spite,Negative,Negative,Negative,Negative,Negative,True
@user Getting sick and tired of our country being expected to turn a blind eye to illegal immigration while everyone else enforces.,getting sick and tired of our country being expected to turn blind eye to illegal immigration while everyone else enforces,Negative,Negative,Negative,Negative,Negative,True
"#Eurozone BREAKING: Vladimir Putin admits Kim Jong-un is better in every way and would ""love to see... [his] face"" #SydMUN16",eurozone breaking vladimir putin admits kim jong un is better in every way and would love to see his face sydmun,Positive,Positive,Negative,Positive,Positive,True
"Alright, #ThisIsUs writers, you can stop it with the tear jerking episodes at anytime",alright thisisus writers you can stop it with the tear jerking episodes at anytime,Neutral,Neutral,Positive,Positive,Positive,False
Power of 50+ years of unrelenting CIA propaganda for sure. Lest we also forget 50+ years illegal USA trade embargo…,power of years of unrelenting cia propaganda for sure lest we also forget years illegal usa trade embargo,Neutral,Neutral,Neutral,Neutral,Neutral,True
Waiting to see a photo of Steve Bannon where he doesn't look like he has the worst hangover of his life.,waiting to see photo of steve bannon where he doesn look like he has the worst hangover of his life,Negative,Negative,Negative,Negative,Negative,True
"@user @user folks, @user not worried about the ""92%"" of hardcore supporters. Needs Israel, GOP and moderate Dems.",folks not worried about the of hardcore supporters needs israel gop and moderate dems,Neutral,Negative,Negative,Neutral,Neutral,True
Please go watch #FantasticBeasts in the theatres if you haven't alreadyThe movie is amazingThe visuals are splendid,please will watch fantasticbeasts in the theatres if you haven alreadythe movie is amazingthe visuals are splendid,Positive,Positive,Positive,Positive,Positive,True
IF #BlackLivesMatter isn't  IMPORTANT  than neither is #BLACKDollars... 💯,if blacklivesmatter isn important than neither is blackdollars,Negative,Negative,Negative,Negative,Negative,True
Here Comes Trouble - Michael Moore | Politics & Current... #PoliticsampCurrentEvents,here comes trouble michael moore politics current politicsampcurrentevents,Neutral,Neutral,Neutral,Negative,Negative,False
@user this is pass it to find out what's in it Pelosi- someone needs to tell her the day of reckoning is near,this is pass it to find out what in it pelosi someone needs to tell her the day of reckoning is near,Neutral,Neutral,Neutral,Neutral,Neutral,True
@user @user @user call it Un-con Cubs con 2k16,call it un con cubs con,Neutral,Neutral,Neutral,Neutral,Neutral,True
@user Reporter:You NOW believe humans contribute 2 CLIMATE CHANGE?Trump:Correct. R:What changed your mind?Trump:Had some BAD CHILI,reporter you now believe humans contribute climate change trump correct what changed your mind trump had some bad chili,Neutral,Negative,Negative,Neutral,Neutral,True
@user @user @user @user save the taxpayer millions and print only dimes!,save the taxpayer millions and print only dimes,Neutral,Negative,Neutral,Neutral,Neutral,True
It's Kris Kobach's plan... the Kansas SOS... and he's on the Trump transition team. 👍,it kris kobach plan the kansas sos and he on the trump transition team,Neutral,Neutral,Neutral,Neutral,Neutral,True
@user lmfao good shot RUAF,lmfao good shot ruaf,Positive,Positive,Positive,Positive,Positive,True
"@user @user Bad hombres folks, the worst",bad hombres folks the worst,Negative,Negative,Negative,Negative,Negative,True
Datca has managed to retain the Turkish magic even after all the years of foreign visitors and is well… #marmaris,datca has managed to retain the turkish magic even after all the years of foreign visitors and is well marmaris,Positive,Neutral,Positive,Neutral,Neutral,False
"Thankful for white supremacists, the media, fake news, Vladimir Putin, the FBI, Electoral College, and gullible people! #thiefinchief",thankful for white supremacists the media fake news vladimir putin the fbi electoral college and gullible people thiefinchief,Neutral,Negative,Negative,Negative,Negative,False
Follow my buddy @user Want on my list of friend promos tweet me (Interactive Followers Only)#PJNET #Tcot #Tlot #TPP #TeaParty,follow my buddy want on my list of friend promos tweet me interactive followers only pjnet tcot tlot tpp teaparty,Neutral,Neutral,Neutral,Positive,Positive,False
Hi! I'm Negan 😎  #thewalkingdead #Dibujo,hi negan thewalkingdead dibujo,Neutral,Neutral,Neutral,Neutral,Neutral,True
I liked a @user video 3D Pen Phone Case with the Dewang X4 Pen // 3D Printing Pen Review,liked video pen phone case with the dewang pen printing pen review,Positive,Positive,Positive,Positive,Positive,True
"#JustinVerlander 7 ROOKIE #Card LOT, DETROIT #Tigers, CY YOUNG WINNER #Baseball #Pitcher",justinverlander rookie card lot detroit tigers cy young winner baseball pitcher,Neutral,Neutral,Positive,Neutral,Neutral,True
#MinskAgreement regardless of Trumpthink.,minskagreement regardless of trumpthink,Neutral,Neutral,Neutral,Negative,Negative,False
"RT @user There are Nazis in DC saluting Donald Trump. They are not ""alt-right,"" they are NAZIS. Share this and resist this.",there are nazis in dc saluting donald trump they are not alt right they are nazis share this and resist this,Negative,Negative,Negative,Negative,Negative,True
'Kim Fatty the Third': Chinese websites block search term - via @user,kim fatty the third chinese websites block search term via,Negative,Negative,Neutral,Negative,Negative,True
Meet the robots improving Amazon services even on the weekends.,meet the robots improving amazon services even on the weekends,Positive,Positive,Positive,Positive,Positive,True
".Jill Stein's praise of Dictator Castro: ""Fidel Castro was a symbol of the struggle for justice in the shadow of empire. Presente!""",jill stein praise of dictator castro fidel castro was symbol of the struggle for justice in the shadow of empire presente,Neutral,Neutral,Neutral,Neutral,Neutral,True
"@user @user wow!! How awful! I thought this was next because of transgender acceptance, not gay marriage.  Great video! #pizzagate",wow how awful thought this was next because of transgender acceptance not gay marriage great video pizzagate,Neutral,Negative,Negative,Neutral,Neutral,True
@user it's called Hillary was a criminal and tried to rig the election. The dems didn't vote as a protest.,it called hillary was criminal and tried to rig the election the dems didn vote as protest,Negative,Negative,Negative,Negative,Negative,True
"Dude, me liking your joke doesn't make me to like you. You're David Blaine.",dude me liking your joke doesn let me to like you you re david blaine,Negative,Positive,Negative,Neutral,Neutral,False
"@user Oh, I see. Obama chose to only swindle millions of people, not you. Lefty compassion at it's finest.",oh see obama chose to only swindle millions of people not you lefty compassion at it finest,Negative,Negative,Negative,Negative,Negative,True
Bob Dylan sings Just Like A Woman live at the Concert for Bangladesh in 1971 -,bob dylan sings just like woman live at the concert for bangladesh in,Neutral,Neutral,Positive,Positive,Positive,False
Tripoli's Al-Ahli wins title of 2016 Libyan Football Leaguehttps://t.co/UwYeOYM96G#Libya #News,tripoli al ahli wins title of libyan football league news,Positive,Neutral,Neutral,Neutral,Neutral,False
"the @user organization is one of the purest and most giving organizations, i love it.",the organization is one of the purest and most giving organizations love it,Positive,Positive,Positive,Positive,Positive,True
@user @user The most hardcore Alt-Rightists in the US (a few thousand) are SJWs compared to what UKR boasts in abundance.,the most hardcore alt rightists in the us few thousand are sjws compared to what ukr boasts in abundance,Neutral,Neutral,Negative,Negative,Negative,False
Anti Trump protest sparks ‘riot’ in Portland,anti trump protest sparks riot inportland,Negative,Negative,Negative,Negative,Negative,True
I still think this is my favourite Negan moment lmao #TheWalkingDead,still think this is my favourite negan moment lmao thewalkingdead,Positive,Positive,Positive,Positive,Positive,True
"Very interesting (as received)Interesting...Silent and ""Listen"" are spelled with the same letters.Steve Jobs...",very interesting as received interesting silent and listen are spelled with the same letters steve jobs,Neutral,Positive,Positive,Positive,Positive,False
"@user @user 4. Careful what you say about Melania's favorite speech writer, Michelle Obama.",careful what you say about melania favorite speech writer michelle obama,Positive,Neutral,Neutral,Positive,Positive,True
This is the sort of half-assed joke that reminds you you can never really be friends with conservatives.,this is the sort of half assed joke that reminds you you can never really be friends with conservatives,Negative,Negative,Negative,Negative,Negative,True
@user @user looks like Grundstrom is winning the Cy Young.,looks like grundstrom is winning the cy young,Positive,Neutral,Positive,Positive,Positive,True
"@user We love you Hillary..we haven't given up the fight, yet. That's if your still interested in the job :) #StillWithHer",we love you hillary we haven given up the fight yet that if your still interested in the job stillwithher,Positive,Neutral,Positive,Positive,Positive,True
Come see my work at Etsy. Frost on a window mirrored. Come see my work at Etsy.,come see my work at etsy frost on window mirrored come see my work at etsy,Neutral,Positive,Positive,Positive,Positive,False
I suspect the reason why Putin denounced bitcoin is b/c countries manipulate their currency value to help each other with regards to trade.,suspect the reason why putin denounced bitcoin is countries manipulate their currency value to help each other with regards to trade,Neutral,Negative,Neutral,Neutral,Neutral,True
"@user write in: Cy Young and 20 strikeout, 20 game winner: Max Scherzer",write in cy young and strikeout game winner max scherzer,Positive,Neutral,Positive,Neutral,Neutral,False
Why did I just watch Michael Moore defending #blacklivesmatter,why did just watch michael moore defending blacklivesmatter,Negative,Neutral,Negative,Negative,Negative,True
People were voting against their own self interests because they started to believe repeation? You don't say!https://t.co/6V71BvUbdr,people were voting against their own self interests because they started to believe repeation you has say,Negative,Negative,Negative,Neutral,Neutral,False
This might be single most compelling argument against Steve Bannon👇🏾,this might be single most compelling argument against steve bannon,Neutral,Neutral,Negative,Neutral,Neutral,True
4) rick porcello...who took adversity on..and become the al cy young winner,rick porcello who took adversity on and become the al cy young winner,Positive,Neutral,Positive,Neutral,Neutral,False
Persona Q: Shadow of the Labyrinth debuted in the US 2 years ago today.Sounds like we have to wait a bit longer f…,persona shadow of the labyrinth debuted in the us years ago today sounds like we have to wait bit longer,Neutral,Neutral,Neutral,Neutral,Neutral,True
Everyone read this.,everyone read this,Neutral,Positive,Neutral,Neutral,Neutral,True
"If Trump is a good man he will leave Medicare, healthcare &amp; SS alone. He will address capitalism and student lo…",if trump is good man he will leave medicare healthcare amp ss alone he will address capitalism and student lo,Negative,Negative,Negative,Negative,Negative,True
"It's incredible how many people are born in November... if u think about it, that means they were conceived in february...(VALENTINES DAY)",it incredible how many people are born in november if think about it that means they were conceived in february valentines day,Positive,Neutral,Neutral,Positive,Positive,True
"@user #Venezuelan 😷President Nicolas Maduro called Cuban Raul, expresses solidarity with Cuban ppl following death of #FidelCastro.",venezuelan president nicolas maduro called cuban raul expresses solidarity with cuban people following death of fidelcastro,Neutral,Neutral,Negative,Neutral,Neutral,True
Loser in Chief 😡#trumptransitionteam #notmypresident #fucktrump #jewishresistance…,loser in chief trumptransitionteam notmypresident fucktrump jewishresistance,Negative,Neutral,Negative,Negative,Negative,True
@user Just caught up on #ThisIsUs. You were outstanding 👏🏼👏🏼👏🏼👏🏼 #Heartstrings😥,just caught up on thisisus you were outstanding heartstrings,Positive,Positive,Positive,Positive,Positive,True
"#Belarus #humanrights community, including @user , strongly urges authorities to abolish the death penalty…",belarus humanrights community including strongly urges authorities to abolish the death penalty,Negative,Neutral,Negative,Negative,Negative,True
Al-Akhbar said #Russia and #Hezbollah will now maintain ongoing contact on operational issues in #Syria.https://t.co/VEh27IAc89,al akhbar said russia and hezbollah will now maintain ongoing contact on operational issues in syria,Neutral,Neutral,Neutral,Neutral,Neutral,True
@user @user @user Gun control is counterproductive.,gun control is counterproductive,Neutral,Neutral,Neutral,Neutral,Neutral,True
"@user In process of applying Medicaid for Mom. I been reading so much lately, couldn't finish article. Knew what Ryan up to day one.",in process of applying medicaid for mom been reading so much lately couldn finish article knew what ryan up to day one,Neutral,Neutral,Neutral,Neutral,Neutral,True
@user I just had a shawarma sandwich and I say forget vegetarianism,just had shawarma sandwich and say forget vegetarianism,Neutral,Negative,Neutral,Neutral,Neutral,True
Ruddock wants to stay competitive on fossil fuels...but we will be left holding the dirty coal as the world changes without us #TheDrum,ruddock wants to stay competitive on fossil fuels but we will be left holding the dirty coal as the world changes without us thedrum,Neutral,Negative,Neutral,Neutral,Neutral,True
Leslie Odom Jr. SANG that. #ThankYouObama,leslie odom jr sang that thankyouobama,Positive,Positive,Positive,Positive,Positive,True
@user Much like conservatives whining and moaning over Obama the past 8 years.,much like conservatives whining and moaning over obama the past years,Negative,Neutral,Negative,Negative,Negative,True
Which is his right. In several instances people have put digs against Obama in their obits. Rightists I guess you'd…,which is his right in several instances people have put digs against obama in their obits rightists guess you,Negative,Negative,Negative,Negative,Negative,True
Robots and then fukin them auaaa I love you sweetheart.,robots and then fukin them auaaa love you sweetheart,Positive,Positive,Positive,Positive,Positive,True
@user @user @user You're also young :P,you re also young,Positive,Positive,Positive,Positive,Positive,True
"Image of a man cries his wife, who died along with her three children in suspected #Russian shelling on Al Ferdous…",image of man cries his wife who died along with her three children in suspected russian shelling on al ferdous,Neutral,Neutral,Negative,Neutral,Neutral,True
Here Is Everything You Should Know About Melania Trumphttps://t.co/eH6V4gxcDF,here is everything you should know about melania trump,Positive,Negative,Neutral,Neutral,Neutral,False
"@user @user Well, good for you!",well good for you,Positive,Positive,Positive,Positive,Positive,True
I have narrowed it down to 3 priorities (open to discussion of course) 1. #recount2016  2. #electoralcollege 3. Voter suppression,have narrowed it down to priorities open to discussion of course recount electoralcollege voter suppression,Positive,Neutral,Neutral,Neutral,Neutral,False
"@user  Protest to Obama Admin. The country in crisis & polarized. I hve Am Indian heritage, too.",protest to obama admin the country in crisis polarized hve am indian heritage too,Negative,Negative,Negative,Negative,Negative,True
@user Sir We Want Rudy As SOS If Not Than Dr. Ben Carson Please you have to listen to our voice We elected you not stupid Romney,sir we want rudy as sos if not than dr ben carson please you have to listen to our voice we elected you not stupid romney,Negative,Negative,Negative,Neutral,Neutral,False
At Any Price review – generations clash in the American midwest #ZacEfron,at any price review generations clash in the american midwest zacefron,Neutral,Neutral,Neutral,Neutral,Neutral,True
TP100 from Erbil with @user @user solid 9Mbps over their VSAT system #welldonechaps #mosuloffensive,tp from erbil with solid mbps over their vsat system welldonechaps mosuloffensive,Neutral,Neutral,Neutral,Neutral,Neutral,True
@user @user Is this an anti-abortion awareness experiment? Correct me if I'm wrong...,is this an anti abortion awareness experiment correct me if wrong,Neutral,Negative,Negative,Negative,Negative,False
"#Dems #UniteBlue {trump, vote, web, stop, #thanksgiving, medicare, woman, republicans, lost} +4 fotos",dems uniteblue trump vote web stop thanksgiving medicare woman republicans lost fotos,Neutral,Neutral,Neutral,Neutral,Neutral,True
#thepowerofreading. Cheers for books! #NBAwards,thepowerofreading cheers for books nbawards,Positive,Neutral,Positive,Positive,Positive,True
@user @user Someone didn't just ask you that lol. Tommy Why would you be happy with any race doing a crime. The Liberals need bed🤗,someone didn just ask you that lol tommy why would you be happy with any race doing crime the liberals need bed,Negative,Negative,Negative,Negative,Negative,True
If the #TrumpTransitionTeam expects an apology from @user then @user should reciprocate. Ugly comments came from both.,if the trumptransitionteam expects an apology from then should reciprocate ugly comments came from both,Neutral,Neutral,Negative,Neutral,Neutral,True
I hate it when conservatives recreate churches.,hate it when conservatives recreate churches,Negative,Neutral,Negative,Negative,Negative,True
@user Lies. Ignore all the UNIONISTS and other leftists pushing pedophilia as a non-crime. #evil,lies ignore all the unionists and other leftists pushing pedophilia as non crime evil,Negative,Negative,Negative,Negative,Negative,True
@user She just didn't get them in areas were she needed them. Lots of voter suppression going on. Hacking & tampering💙,she just didn get them in areas were she needed them lots of voter suppression going on hacking tampering,Negative,Neutral,Negative,Neutral,Neutral,False
Trump school choice:Edu Sec who skips out on paying local school district taxes on billionaire estate #p2…,trump school choice edu sec who skips out on paying local school district taxes on billionaire estate,Neutral,Neutral,Neutral,Neutral,Neutral,True
See @user sexiest fashion looks:,see sexiest fashion looks,Neutral,Positive,Neutral,Neutral,Neutral,True
North Dakota Fracking Company Fined $2.1 Million For Pollution Of Native American Reservation,north dakota fracking company fined million for pollution of native american reservation,Neutral,Neutral,Neutral,Neutral,Neutral,True
Tot Tutors Kids’ Toy Storage Organizer with 12 Plastic Bins #NationalFastFoodDay,tot tutors kids toy storage organizer with plastic bins nationalfastfoodday,Neutral,Neutral,Neutral,Neutral,Neutral,True
The 22-year-old faces 33 federal charges stemming from the June 2015 shooting that killed nine parishioners.,the year old faces federal charges stemming from the june shooting that killed nine parishioners,Negative,Neutral,Neutral,Negative,Negative,True
"Whatever scares you, dares you to be better. Discover how: @user",whatever scares you dares you to be better discover how,Positive,Positive,Positive,Positive,Positive,True
"@user @user tell you what, find proof rather than saying the same thing like most leftists have been doing and then....",tell you what find proof rather than saying the same thing like most leftists have been doing and then,Negative,Negative,Negative,Negative,Negative,True
The way the mainstream media is putting the spin on #MosulOffensive versus #Allepo is disturbing and instructive. The enemy is who THEY say,the way the mainstream media is putting the spin on mosuloffensive versus allepo is disturbing and instructive the enemy is who they say,Negative,Negative,Negative,Negative,Negative,True
The perfect size to hide somewhere secret in your own west wing via @user #BeautyandtheBeast #ACEO #animation,the perfect size to hide somewhere secret in your own west wing via beautyandthebeast aceo animation,Positive,Neutral,Positive,Positive,Positive,True
#France's Marine Le Pen says the result shows #Italians have rejected the #EU.....#TrumpEffect #Brexit #WakeUpWorld,france marine le pen says the result shows italians have rejected the eu trumpeffect brexit wakeupworld,Negative,Neutral,Neutral,Neutral,Neutral,False
"#TrumpTransitionTeam It's not a government, it's a movement #RightWingRevolution #Fascism",trumptransitionteam it not government it movement rightwingrevolution fascism,Negative,Negative,Negative,Negative,Negative,True
#Yanukovych seems much more willing to take questions from the media than @user often is! #UkrAine,yanukovych seems much more willing to take questions from the media than often is ukraine,Neutral,Neutral,Neutral,Neutral,Neutral,True
@user @user @user @user More Guns Less Crime: Understanding Crime & Gun Control Laws,more guns less crime understanding crime gun control laws,Neutral,Neutral,Negative,Neutral,Neutral,True
Here’s how Trump’s billionaire Commerce-chief pick got rich @user #tcot #uniteblue #NotMyPresident #Resist @user,heres how trumps billionaire commerce chief pick got rich tcot uniteblue notmypresident resist,Neutral,Neutral,Neutral,Neutral,Neutral,True
"In 2015, the poverty rate for US families was 10.4 percent, the lowest level since 2008. #ThankYouObama",in the poverty rate for us families was percent the lowest level since thankyouobama,Positive,Positive,Positive,Negative,Negative,False
I can't believe rob mcelhenney singlehandedly legalized gay marriage,can believe rob mcelhenney singlehandedly legalized gay marriage,Negative,Negative,Negative,Neutral,Neutral,False
liberals: russia is about to occupy dc! 😱lefties: trump & putin are gonna destroy ISIS together! ✊,liberals russia is about to occupy dc lefties trump putin are gonna destroy isis together,Negative,Negative,Negative,Negative,Negative,True
@user He sits with a clear and clean soul at the apple garden in Heaven learning about the future of deep Grace with angels..,he sits with clear and clean soul at the apple garden in heaven learning about the future of deep grace with angels,Neutral,Neutral,Positive,Positive,Positive,False
"@user @user Miguel, tell me about this guy, and what he means to you as a fellow PuertoRiqueño",miguel tell me about this guy and what he means to you as fellow puertoriqueo,Positive,Negative,Negative,Positive,Positive,True
@user Tiltbrush and Google Earth VR were religious experiences over here.,tiltbrush and google earth vr were religious experiences over here,Neutral,Neutral,Neutral,Neutral,Neutral,True
The Popular #Vote...what the whiners Don't Understand,the popular vote what the whiners has understand,Negative,Neutral,Neutral,Neutral,Neutral,False
"@user @user preaches about moral high ground while @user executes drone strikes globally, #collateraldamage #radicalization",preaches about moral high ground while executes drone strikes globally collateraldamage radicalization,Negative,Neutral,Neutral,Negative,Negative,True
"Please, make @user sing the song once again #BeautyAndTheBeast !",please let sing the song once again beautyandthebeast,Positive,Positive,Positive,Positive,Positive,True
Obama calls for unity in Thanksgiving message #Trump2016 #TrumpTrain #GOP #ccot #tcot #ThanksTrump #UniteBlue,obama calls for unity in thanksgiving message trump trumptrain gop ccot tcot thankstrump uniteblue,Positive,Neutral,Neutral,Neutral,Neutral,False
"@user @user Amen! they all know the machines were hacked, totals are WAY off, and tons of voter suppression",amen they all know the machines were hacked totals are way off and tons of voter suppression,Negative,Neutral,Negative,Negative,Negative,True
Welcome @user VR back to Earth!!,welcome vr back to earth,Positive,Positive,Positive,Positive,Positive,True
FC Arsenal – Bournemouth Tipp 27.11.2016 #sportwetten #bonus #wetttipps #wettbonus,fc arsenal bournemouth tipp sportwetten bonus wetttipps wettbonus,Neutral,Neutral,Neutral,Neutral,Neutral,True
from like a 1 to north korea with steve bannon near the white house i feel like we could be at least a 7/north korea in a year,from like to north korea with steve bannon near the white house feel like we could be at least north korea in year,Neutral,Neutral,Neutral,Neutral,Neutral,True
"Oh he is. He very much is. And they'll take away Medicare to do it. And probably starve some poor children, too.…",oh he is he very much is and they ll take away medicare to do it and probably starve some poor children too,Negative,Negative,Negative,Negative,Negative,True
Ronaldo was subjected to homophobic slurs at the Camp Nou again as some fans sang - ‘Cristiano come out of the closet’ during Clasico,ronaldo was subjected to homophobic slurs at the camp nou again as some fans sang cristiano come out of the closet during clasico,Negative,Positive,Neutral,Negative,Negative,True
"@user God yes. And when Trump takes over and decides to work with Putin to destroy Syria, sorry, I mean ISIS…. sigh….",god yes and when trump takes over and decides to work with putin to destroy syria sorry mean isis sigh,Negative,Neutral,Negative,Negative,Negative,True
damn i still get upset when i think about the bracelet my bf in 6th grade gave me for valentines day and a heart filled with m&ms,damn still get upset when think about the bracelet my bf in th grade gave me for valentines day and heart filled with ms,Neutral,Neutral,Positive,Negative,Negative,False
#Langley woman capitalizes on #Hatchimals craze to raise money for @user #CDNhealth,langley woman capitalizes on hatchimals craze to raise money for cdnhealth,Neutral,Neutral,Neutral,Neutral,Neutral,True
Russia: Zenit stadium will be finished ‘by the end of this year’ – Putin... via @user,russia zenit stadium will be finished by the end of this year putin via,Positive,Neutral,Neutral,Neutral,Neutral,False
On my way to Bloemfontein for opening of Verlander-exhibition. @user,on my way to bloemfontein for opening of verlander exhibition,Neutral,Neutral,Positive,Positive,Positive,False
@user  John Cusack needed a closer look 👀 #Mole#Davos,john cusack needed closer look moledavos,Neutral,Neutral,Neutral,Neutral,Neutral,True
@user @user no doubt ur a complete BIMBO.. trump made ur career anyway.. arrogant bitch,not doubt ur complete bimbo trump made ur career anyway arrogant bitch,Negative,Negative,Negative,Negative,Negative,True
.@JustinTrudeau just as much as selling women out for a perceived peace that doesn't really mean peace? @user @user @user,just as much as selling women out for perceived peace that doesn really mean peace,Negative,Negative,Negative,Neutral,Neutral,False
"@user it's delicious, but still not as good as Kim Jong-un's suave lisp. Yum.",it delicious but still not as good as kim jong un suave lisp yum,Positive,Negative,Negative,Negative,Negative,False
#Fracking & Drinking #Water Map Shows Where You Shouldn’t Drink Tap Water #NoDAPL #DakotaAccessPipeline #INDIGENOUS,fracking drinking water map shows where you shouldnt drink tap water nodapl dakotaaccesspipeline indigenous,Neutral,Neutral,Neutral,Neutral,Neutral,True
DemocRATs say tell want to give Trump a chance? While they secretly plan sabotage? GOP Congress is expected to fight & approve Trump cabinet,democrats say tell want to give trump chance while they secretly plan sabotage gop congress is expected to fight approve trump cabinet,Neutral,Negative,Negative,Negative,Negative,False
"wish people find other ways to make money than advertising, booze and fossil fuels, is that called moral economy ?",wish people find other ways to let money than advertising booze and fossil fuels is that called moral economy,Negative,Negative,Negative,Negative,Negative,True
@user Frank Jackson & Grayson Allen,frank jackson grayson allen,Neutral,Neutral,Neutral,Neutral,Neutral,True
"..migrants should pledge to follow British values Britain WILL be a muslim country by 2040, it's what the Govt wants",migrants should pledge to follow british values britain will be muslim country by it what the government wants,Neutral,Neutral,Negative,Neutral,Neutral,True
"#tech #summary:  #tesla  #model s can be located,  #un #locked,  #stolen by manipulating  #tesla  #apps",tech summary tesla model can be located un locked stolen by manipulating tesla apps,Negative,Neutral,Negative,Negative,Negative,True
You love Seattle! Lyft is giving new users TEN FREE RIDES!! Use Code: LINX #cheaptaxi #taxiapp #uber,you love seattle lyft is giving new users ten free rides use code linx cheaptaxi taxiapp uber,Positive,Positive,Positive,Positive,Positive,True
If I could be one male celebrity I would be Zac Efron. The dude has his life together.,if could be one male celebrity would be zac efron the dude has his life together,Positive,Neutral,Positive,Positive,Positive,True
The Left must stand with the Fourth World in our collective struggle. | The Indigenous Revolution,the left must stand with the fourth world in our collective struggle the indigenous revolution,Neutral,Neutral,Neutral,Neutral,Neutral,True
#gilmoregirlstop44. Babette3. Miss Patty2. Lorelai1. KirkColor me surprised at how many people don't know how to spell Kirk.,gilmoregirlstop babette miss patty lorelai kirkcolor me surprised at how many people has know how to spell kirk,Negative,Neutral,Neutral,Neutral,Neutral,False
If you have any specialty 3D printing needs reach out to my friend Siji at,if you have any specialty printing needs reach out to my friend siji at,Neutral,Positive,Neutral,Neutral,Neutral,True
"President-elect Trump could make big bucks from Dakota Access Pipeline, @user reports",president elect trump could let big bucks from dakota access pipeline reports,Negative,Neutral,Neutral,Negative,Negative,True
@user @user @user @user yeah Grayson Allen didn't exist last year or anything. K dude....,yeah grayson allen didn exist last year or anything dude,Negative,Neutral,Neutral,Neutral,Neutral,False
Reife Thai Girl #Friedrichshafen,reife thai girl friedrichshafen,Neutral,Positive,Negative,Neutral,Neutral,True
"@user @user jill, baby, thanks to your efforts we are going to force voter i.d. and will audit CA voter registration. TY!!",jill baby thanks to your efforts we are going to force voter and will audit ca voter registration ty,Positive,Positive,Positive,Positive,Positive,True
"#RE•WORK Deep Learning 101 with Oriol Vinyals, Research Scientist at DeepMind. Read Blog:",rework deep learning with oriol vinyals research scientist at deepmind read blog,Neutral,Neutral,Neutral,Neutral,Neutral,True
I LOVE CRISTIANO RONALDO BUT I HAVEN'T MONNEY FOR GO TO SEE ONE MATCH OF CRISTIANO,love cristiano ronaldo but haven monney for will to see one match of cristiano,Positive,Neutral,Neutral,Positive,Positive,True
Trump Can’t Make America Great If He Kicks the Medicare Can Down the Road,trump cant let america great if he kicks the medicare can down the road,Negative,Neutral,Negative,Negative,Negative,True
Intelligent analysis of possibilities:,intelligent analysis of possibilities,Neutral,Neutral,Neutral,Neutral,Neutral,True
"@user appears to have become another Michael Moore, but with zero sense of humor.",appears to have become another michael moore but with zero sense of humor,Negative,Neutral,Neutral,Negative,Negative,True
Explore the world without a plane ticket #VRhttps://t.co/EdIFpndTML,explore the world without plane ticket vr,Neutral,Neutral,Positive,Neutral,Neutral,True
@user @user Walker reminds me of Verlander.,walker reminds me of verlander,Neutral,Positive,Neutral,Neutral,Neutral,True
@user @user not clear what sanction will be for breaking this oath in favour of miniskirts & gay marriage.,not clear what sanction will be for breaking this oath in favour of miniskirts gay marriage,Negative,Negative,Neutral,Negative,Negative,True
Liberals say voter ID is racist because it is hard for brown/black people to get an ID card. Talk about the bigotry of low expectations!,liberals say voter id is racist because it is hard for brown black people to get an id card talk about the bigotry of low expectations,Negative,Negative,Negative,Negative,Negative,True
"When @user sets up his wall/fence on the Mexican border, I hope he’s going to include hedgehog highways.",when sets up his wall fence on the mexican border hope hes going to include hedgehog highways,Negative,Neutral,Negative,Neutral,Neutral,False
@user I'm surprised trump didn't offer   Putin a cabinet post or vice versa. Pretty soon Russian will be a required 2nd language here.,surprised trump didn offer putin cabinet post or vice versa pretty soon russian will be required nd language here,Neutral,Neutral,Negative,Neutral,Neutral,True
Donald Trump Ran on Protecting Social Security But Transition Team Includes Privatizershttps://t.co/ANstkkEIJj#socialsecurityTrump,donald trump ran on protecting social security but transition team includes privatizers,Neutral,Neutral,Neutral,Neutral,Neutral,True
@user Of course it is. #ScreamQueens,of course it is screamqueens,Neutral,Positive,Neutral,Neutral,Neutral,True
This year's hottest toy: #Hatchimals @user,this year hottest toy hatchimals,Positive,Positive,Positive,Positive,Positive,True
@user @user @user Brining this terrorist back will be red meat for Leftists. Media will make him a star just like Hicks,brining this terrorist back will be red meat for leftists media will let him star just like hicks,Negative,Negative,Negative,Negative,Negative,True
@user when that demon came to Alexandria Rick should have kill him with a bomb lol #thewalkingdead #twd,when that demon came to alexandria rick should have kill him with bomb lol thewalkingdead twd,Negative,Neutral,Negative,Neutral,Neutral,False
Cant stop watching David blaine beyond magic show 😋,cant stop watching david blaine beyond magic show,Positive,Negative,Positive,Positive,Positive,True
"Cutting tool maker Sandvik looks to software, 3D printing to stay ahead.. Related Articles:",cutting tool maker sandvik looks to software printing to stay ahead related articles,Neutral,Neutral,Neutral,Neutral,Neutral,True
@user @user a twat of white supremacists?,twat of white supremacists,Negative,Neutral,Negative,Negative,Negative,True
You've probably heard of the Galaxy Note 7 phones that have been catching fire & it all has to do with the battery:,you ve probably heard of the galaxy note phones that have been catching fire it all has to do with the battery,Negative,Positive,Neutral,Positive,Positive,False
@user Pelosi needs to resign @user,pelosi needs to resign,Negative,Neutral,Negative,Negative,Negative,True
"@user @user @user The more citizens who speak out/protest, harder it will be for Trump to suppress dissent",the more citizens who speak out protest harder it will be for trump to suppress dissent,Neutral,Neutral,Neutral,Negative,Negative,False
If you're still using Cabs I feel bad for you son. I got 99 problems but a ride ain't one... #Uber 😂😂😩,if you re still using cabs feel bad for you son got problems but ride ain one uber,Neutral,Neutral,Negative,Negative,Negative,False
Friday night date with this one @user  #fantasticbeasts #cinematime #nobettercompany 🎬😬🍿,friday night date with this one fantasticbeasts cinematime nobettercompany,Positive,Positive,Positive,Positive,Positive,True
"@user  ""A great man""...and you call conservatives backward?",great man and you call conservatives backward,Positive,Positive,Positive,Positive,Positive,True
I love Hybrids just not when I comes to my food. Tesla model S your next!,love hybrids just not when comes to my food tesla model your next,Positive,Positive,Positive,Positive,Positive,True
The truth is out there:  there is a wall on the US Mexico border. #truthBlog,the truth is out there there is wall on the us mexico border truthblog,Negative,Neutral,Neutral,Neutral,Neutral,False
"@user this is the truth.people must wake up & face the truth,you are being brainwashed by liberals.",this is the truth people must wake up face the truth you are being brainwashed by liberals,Neutral,Negative,Negative,Neutral,Neutral,True
So in April we get Persona 5 and Phantom Trigger 1 AND 2.,so in april we get persona and phantom trigger and,Neutral,Neutral,Neutral,Neutral,Neutral,True
If this doesn't convert people to vegetarianism nothing will,if this doesn convert people to vegetarianism nothing will,Neutral,Negative,Negative,Neutral,Neutral,True
🇺🇸The next Secretary of Education. 🇺🇸 #MAGA #UniteBlue #Dems #tcot,the next secretary of education maga uniteblue dems tcot,Neutral,Neutral,Neutral,Neutral,Neutral,True
"@user ah,  Tony Romo,  for the team looking for that special someone for their IR or PUP roster.",ah tony romo for the team looking for that special someone for their ir or pup roster,Neutral,Neutral,Neutral,Neutral,Neutral,True
"Checked out @user Fuck Donald Trump tour after reading about the riots in Portland, Ore. It's still #FDT.",checked out fuck donald trump tour after reading about the riots in portland ore it still fdt,Negative,Negative,Negative,Negative,Negative,True
@user @ Versailles City,versailles city,Neutral,Neutral,Neutral,Neutral,Neutral,True
@user @user Excuse me! Rajni gave India robots ok! 😆😂,excuse me rajni gave india robots ok,Neutral,Negative,Neutral,Neutral,Neutral,True
Just another effort by another #Clinton surrogate to steal the election. Mostly funded by George Soros who is no fr…,just another effort by another clinton surrogate to steal the election mostly funded by george soros who is not fr,Negative,Negative,Negative,Negative,Negative,True
Cubs should too,cubs should too,Neutral,Negative,Neutral,Neutral,Neutral,True
Alexandra Daddario on Working with Zac Efron and Dwayne Johnson on Baywatch #ZacEfron,alexandra daddario on working with zac efron and dwayne johnson on baywatch zacefron,Neutral,Neutral,Neutral,Neutral,Neutral,True
"also referring to vegetarianism as a diet is so dumb, it's a lifestyle n if u 'cheat' you're not a vegetarian, don't treat it like a diet! !",also referring to vegetarianism as diet is so dumb it lifestyle if cheat you re not vegetarian has treat it like diet,Negative,Positive,Negative,Negative,Negative,True
I love how conservatives say liberals are the biggest crybabies. Give me five minutes with a conservative and I'll have them crying,love how conservatives say liberals are the biggest crybabies give me five minutes with conservative and ll have them crying,Negative,Negative,Negative,Negative,Negative,True
"Same day registration does nothing 2prevent ""voter fraud"" as Repubs say.They say these new laws R needed cause of c…",same day registration does nothing prevent voter fraud as repubs say they say these new laws needed cause of,Negative,Neutral,Negative,Neutral,Neutral,False
"@user Der ,what do you think is the FN ,in france going to do ,? Marine -Le-pen is clear <so FRANCE EXIT! FREXIT!",der what do you think is the fn in france going to do marine le pen is clear so france exit frexit,Neutral,Neutral,Neutral,Neutral,Neutral,True
"Found: My missing Social Security Card, my car title, and a $8.46 un-cashed check. Still Missing: A $50 key fob,...",found my missing social security card my car title and un cashed check still missing key fob,Neutral,Neutral,Neutral,Neutral,Neutral,True
@user Incentive of popular vote is enough but I do agree.,incentive of popular vote is enough but do agree,Neutral,Neutral,Neutral,Neutral,Neutral,True
"@user poor Moore made 2 movies to defeat the GOP candidate for Prez an he's now 0-2 lost both, Trump movie bombe…",poor moore made movies to defeat the gop candidate for prez an he now lost both trump movie bombe,Negative,Neutral,Negative,Negative,Negative,True
@user #Obama #Trump #love #Hillary #Bernie this is what's going on in the Obama Admin continue with Hillary…,obama trump love hillary bernie this is what going on in the obama admin continue with hillary,Neutral,Negative,Negative,Neutral,Neutral,True
@user @user @user @user Obama admin. didnt tell us they'd found BinLaden either; not a peep. Secrecy necessary smtimes,obama admin didnt tell us they found binladen either not peep secrecy necessary smtimes,Neutral,Negative,Negative,Negative,Negative,False
Got my mom hooked on #ThisIsUs. Binge watch weekend. ❤️,got my mom hooked on thisisus binge watch weekend,Positive,Positive,Positive,Positive,Positive,True
Comedic buffoonish Marxist dictator Maduro in Venezuela sings along while country burns...let them eat cake. Social…,comedic buffoonish marxist dictator maduro in venezuela sings along while country burns let them eat cake social,Negative,Neutral,Negative,Negative,Negative,True
"Why not ""Made in USA""? Oh yes, too expensive and why bother giving the american people jobs. Let them just suffer m…",why not made in usa oh yes too expensive and why bother giving the american people jobs let them just suffer,Negative,Negative,Negative,Negative,Negative,True
Debating ignorance isn't worth the timeor usefulTRUMP won!Suck it up buttercup!NO GUN CONTROL FOR YOU!@Blogsbloke @user,debating ignorance isn worth the timeor usefultrump won suck it up buttercup not gun control for you,Neutral,Negative,Negative,Negative,Negative,False
@user why don't you prove you didn't kill Michael Jackson?  Or Fidel Castro.  This is equally outrageous,why has you prove you didn kill michael jackson or fidel castro this is equally outrageous,Negative,Negative,Negative,Negative,Negative,True
"Pres. Trump, work with Ben Carson.  He is smart, a man of God, wise, faithful, loyal, not arrogant, honest.  He is wise council.",pres trump work with ben carson he is smart man of god wise faithful loyal not arrogant honest he is wise council,Positive,Negative,Positive,Positive,Positive,True
Black peoples reactions to David Blaine performances are the best lol,black peoples reactions to david blaine performances are the best lol,Positive,Positive,Positive,Positive,Positive,True
"'PICHICHI OF EUROPE"" Messi is top scorer in Liga and CL combined with 17 total #fcblive (@mundodeportivo)",pichichi of europe messi is top scorer in liga and cl combined with total fcblive,Positive,Positive,Neutral,Neutral,Neutral,False
The externalities when Linux Foundation joins #microsoft GNUOpponents of #swpatsVictims of Microsoft's patent extortion campaignTruth,the externalities when linux foundation joins microsoft gnuopponents of swpatsvictims of microsoft patent extortion campaigntruth,Negative,Neutral,Positive,Neutral,Neutral,False
Here is how a billionaire in Spain thanked his community for his success #UniteBlue,here is how billionaire in spain thanked his community for his success uniteblue,Positive,Neutral,Neutral,Positive,Positive,True
"Spectator Hotel guests take on the #mannequinchallenge in our lobby. While sipping champagne, naturally.🍾",spectator hotel guests take on the mannequinchallenge in our lobby while sipping champagne naturally,Neutral,Neutral,Neutral,Neutral,Neutral,True
Looks like Obama lost yet another ally to Putin's Russia! #ThankYouObama,looks like obama lost yet another ally to putin russia thankyouobama,Negative,Negative,Negative,Negative,Negative,True
"10/When Nazi scientists looked at options for creating a ""pure race,"" they turned to the experts in the Anglophone world who'd done the most",when nazi scientists looked at options for creating pure race they turned to the experts in the anglophone world who done the most,Negative,Neutral,Negative,Neutral,Neutral,False
Tony set to roam-o? Where will #Romo play next season? #Broncos +140 #Bears +500 #Jets +650 #49ers +1000 #Rams +1000,tony set to roam where will romo play next season broncos bears jets ers rams,Neutral,Neutral,Neutral,Neutral,Neutral,True
@user reports brush fire nearing community of Nataf in the #Jerusalem corridor. Some houses in Nataf went up in flames 4 days ago.,reports brush fire nearing community of nataf in the jerusalem corridor some houses in nataf went up in flames days ago,Neutral,Neutral,Neutral,Neutral,Neutral,True
"@user How many actual voters went from liberals to supporting a RW neofascist because of ""fake news"" or the Comey letter? None?",how many actual voters went from liberals to supporting rw neofascist because of fake news or the comey letter none,Negative,Negative,Negative,Negative,Negative,True
"@user December 19, 2016 the electoral college needs that's when it'll be official",december the electoral college needs that when it ll be official,Neutral,Neutral,Neutral,Neutral,Neutral,True
The #Earthquake Today | Latest Updates Stories via @user @user @user #fracking #tsunami,the earthquake today latest updates stories via fracking tsunami,Neutral,Neutral,Neutral,Neutral,Neutral,True
TV anchor with MS leaving Fox 2 to join medical marijuana fight via @user,tv anchor with ms leaving fox to join medical marijuana fight via,Neutral,Neutral,Neutral,Neutral,Neutral,True
my family was lit as hell when Chavez  died & it's a celebration now that Castro died & we not even Cuban...maduro when's your turn?,my family was lit as hell when chavez died it celebration now that castro died we not even cuban maduro when your turn,Negative,Negative,Negative,Negative,Negative,True
"@user @user Not to mention he used a racial slur at a nationally televised debate. ""Bad hombres"" -Donald Trump.",not to mention he used racial slur at nationally televised debate bad hombres donald trump,Negative,Negative,Negative,Negative,Negative,True
#mannequinchallenge before it was cool,mannequinchallenge before it was cool,Neutral,Positive,Positive,Positive,Positive,False
Having to work the day after Thanksgiving should be a crime smh,having to work the day after thanksgiving should be crime smh,Negative,Negative,Negative,Negative,Negative,True
"Something to fight for: Schumer, Pelosi throw down the gauntlet on @user plan to privatize, voucherize Med…",something to fight for schumer pelosi throw down the gauntlet on plan to privatize voucherize med,Positive,Neutral,Neutral,Neutral,Neutral,False
"Microsoft—yes, Microsoft—joins the Linux Foundation",microsoftyes microsoftjoins the linux foundation,Neutral,Positive,Neutral,Neutral,Neutral,True
@user surprise CFPD donated $50K to Clinton..you sanction abortion so you should enjoy watching Trump gut your precious baby.,surprise cfpd donated to clinton you sanction abortion so you should enjoy watching trump gut your precious baby,Neutral,Negative,Positive,Positive,Positive,False
"As Venezuela sinks deeper into political crisis, its economy is close to collapse. With #Business #SAbiz",as venezuela sinks deeper into political crisis its economy is close to collapse with business sabiz,Negative,Neutral,Negative,Negative,Negative,True
200 Palestinians travel from the #Gaza Strip to #AlAqsa for Friday prayers via…,palestinians travel from the gaza strip to alaqsa for friday prayers via,Neutral,Neutral,Neutral,Neutral,Neutral,True
@user @user @user @user @user @user Yup&Comey #FBITrumpland should've been stopped&PutinHack takenSerious,yup comey fbitrumpland should ve been stopped putinhack takenserious,Negative,Neutral,Negative,Negative,Negative,True
I wonder if Trump is considering JEB! for a position in his cabinet: the Dept of Low Energy,wonder if trump is considering jeb for position in his cabinet the dept of low energy,Neutral,Neutral,Neutral,Negative,Negative,False
. @user has invited the leaders of progressive and socialist parties across the EU to #London on eve of #Brexit talks !,has invited the leaders of progressive and socialist parties across the eu to london on eve of brexit talks,Neutral,Neutral,Neutral,Neutral,Neutral,True
RePost: I do not support building a Wall on the Mexican Border nor rounding up millions of innocent economic migrants in the U.S.,repost do not support building wall on the mexican border not rounding up millions of innocent economic migrants in the,Negative,Negative,Negative,Negative,Negative,True
Who's better than Grayson Allen or josh Jackson 😂😂😂😂😂,who better than grayson allen or josh jackson,Neutral,Positive,Neutral,Positive,Positive,False
Self-driving cars are the self-regulating banks of inanimate objects.,self driving cars are the self regulating banks of inanimate objects,Neutral,Neutral,Neutral,Neutral,Neutral,True
The world needs to know that The Other Guys did the first #mannequinchallenge,the world needs to know that the other guys did the first mannequinchallenge,Neutral,Neutral,Neutral,Neutral,Neutral,True
Microsoft has invented a reprogrammable chip that may accelerate the speed and flexibility of deep learning and AI,microsoft has invented reprogrammable chip that may accelerate the speed and flexibility of deep learning and ai,Positive,Neutral,Neutral,Positive,Positive,True
"Anyone else praying the recount shows an error in voting in PA, WI, MI and they flip for Hillary??? #StillWithHer",anyone else praying the recount shows an error in voting in pa wi mi and they flip for hillary stillwithher,Neutral,Neutral,Neutral,Neutral,Neutral,True
What do you call an egg type person sitting on a wall that they just built on the Mexican border?- Humpty Trumpty,what do you call an egg type person sitting on wall that they just built on the mexican border humpty trumpty,Negative,Neutral,Negative,Negative,Negative,True
@user buy Persona 5. Pre-order it on Amazon,buy persona pre order it on amazon,Positive,Positive,Positive,Neutral,Neutral,False
The latest The Rabeeya S. Siddiqui Daily! #westworld,the latest the rabeeya siddiqui daily westworld,Neutral,Neutral,Neutral,Neutral,Neutral,True
When People Laughed At The Idea Of #Trump Actually Being Elected President Compilationhttps://t.co/b8thk2Kp22 #MSM #uniteblue #maga #tcot,when people laughed at the idea of trump actually being elected president compilation msm uniteblue maga tcot,Neutral,Neutral,Neutral,Neutral,Neutral,True
Listen to MNOO#6 about film #HAVRESC Stand On Courage #Armenian village in #Iraq fighting #ISIS w guest Dr. Mike…,listen to mnoo about film havresc stand on courage armenian village in iraq fighting isis guest dr mike,Neutral,Neutral,Neutral,Neutral,Neutral,True
"@user @user @user @user hear,frustration?😀#Yemen#Iraq#Syria#Nigeria#BokoHaram #ISIS#Ansar#Hamas in #Gaza",hear frustration yemeniraqsyrianigeriabokoharam isisansarhamas in gaza,Neutral,Neutral,Neutral,Neutral,Neutral,True
From #CristianoRonaldo to #LeBronJames - Top 15 most-followed athletes on #Instagram,from cristianoronaldo to lebronjames top most followed athletes on instagram,Neutral,Positive,Positive,Neutral,Neutral,True
My teeth hurt,my teeth hurt,Negative,Negative,Negative,Negative,Negative,True
Ashley Graham shows off her hourglass ... - #Ashley-Graham #Dailymail #Divas-Holiday,ashley graham shows off her hourglass ashley graham dailymail divas holiday,Neutral,Neutral,Neutral,Neutral,Neutral,True
Are you a Jay Cutler or a Tony Romo? via @user,are you jay cutler or tony romo via,Neutral,Neutral,Neutral,Neutral,Neutral,True
@user traduce D:,traduce,Neutral,Neutral,Neutral,Neutral,Neutral,True
"@user @user Therefore, we can say that an embargo should have been put on Chile...not cuba",therefore we can say that an embargo should have been put on chile not cuba,Neutral,Neutral,Negative,Neutral,Neutral,True
"#podesta#pizzagate#clintons#Obama#pelosi#harryreid#Cnn#Msm#radicalislam#spiritcookingTHIS IS EVIL AMERICA, LOOK AT IT AND KNOW IT.",podestapizzagateclintonsobamapelosiharryreidcnnmsmradicalislamspiritcookingthis is evil america look at it and know it,Negative,Positive,Negative,Negative,Negative,True
#Uber #rolls out new #features in its #rider and #driver #app,uber rolls out new features in its rider and driver app,Positive,Positive,Positive,Positive,Positive,True
@user  News story.  Steven Crain is actually innocent.,news story steven crain is actually innocent,Neutral,Negative,Neutral,Neutral,Neutral,True
"@user @user Got that covered, too.",got that covered too,Neutral,Negative,Negative,Neutral,Neutral,True
"Where was Lega Nord, Golden Dawn and People's Party reps?",where was lega nord golden dawn and people party reps,Neutral,Neutral,Neutral,Neutral,Neutral,True
@user D.Rose taking a page out of Tim Duncan's book off the glass in the clutch #KNICKSonMSG,rose taking page out of tim duncan book off the glass in the clutch knicksonmsg,Neutral,Neutral,Neutral,Neutral,Neutral,True
I see that Jill Stein filed to have a vote recount in Wisconsin. I wonder how much she received from the Clinton foundation for her service,see that jill stein filed to have vote recount in wisconsin wonder how much she received from the clinton foundation for her service,Neutral,Neutral,Negative,Neutral,Neutral,True
Yet Satanyahu claim Palestinians started it!! It's #PalestineBurning the Occupied #Palestine NOT #IsraelIsBurning,yet satanyahu claim palestinians started it it palestineburning the occupied palestine not israelisburning,Negative,Neutral,Neutral,Neutral,Neutral,False
By missing #NationalFastFoodDay yesterday I celebrated eating @user twice today #goals #noshame,by missing nationalfastfoodday yesterday celebrated eating twice today goals noshame,Neutral,Neutral,Positive,Positive,Positive,False
"Notion that Gigi Hadid 'racist' for mocking Melania stealing Obama speech ridic! If she was American same joke applies, different accent!",notion that gigi hadid racist for mocking melania stealing obama speech ridic if she was american same joke applies different accent,Negative,Neutral,Negative,Negative,Negative,True
"#TrumpTransitionTeam issues #Statement...Clearly, they never Met #Trump.",trumptransitionteam issues statement clearly they never met trump,Neutral,Neutral,Negative,Neutral,Neutral,True
Picture: Lionel Messi during Adidas event. #fcblive,picture lionel messi during adidas event fcblive,Neutral,Positive,Neutral,Neutral,Neutral,True
@user The fact that youre CLOSE to Medicare means you have the advantage over those who are 30 years away. THEY are the screwed ones.,the fact that youre close to medicare means you have the advantage over those who are years away they are the screwed ones,Negative,Negative,Negative,Negative,Negative,True
#FF @user @user and last but definitely not least @user these are my people! #TheWalkingDead,ff and last but definitely not least these are my people thewalkingdead,Positive,Negative,Positive,Positive,Positive,True
@user I wish to be there lovely bro Sami💐Wishing you a successful wonderful and concert in Dubai lots of love…,wish to be there lovely bro samiwishing you successful wonderful and concert in dubai lots of love,Positive,Positive,Positive,Positive,Positive,True
"Dear Electoral College. You can't, seriously.",dear electoral college you can seriously,Negative,Negative,Negative,Negative,Negative,True
"#French terror suspects took orders from #ISIS, prosecutor says",french terror suspects took orders from isis prosecutor says,Neutral,Neutral,Neutral,Neutral,Neutral,True
"@user I've been getting a deluge of liberals & other cappies coming at me for speaking. Uhg, I think I'll sleep",ve been getting deluge of liberals other cappies coming at me for speaking uhg think ll sleep,Negative,Neutral,Negative,Negative,Negative,True
when somebody says #russia is #bombing #isis? ITS NOT!,when somebody says russia is bombing isis its not,Negative,Negative,Negative,Neutral,Neutral,False
@user @user @user expect a lot this from the revered wwc when Medicare gets flushed,expect lot this from the revered wwc when medicare gets flushed,Neutral,Neutral,Negative,Neutral,Neutral,True
Ludicrous road trip: Tesla Model S P90D from London to Berlin #Tesla #Models #car #Automotive #cars #Autos,ludicrous road trip tesla model from london to berlin tesla models car automotive cars autos,Positive,Neutral,Neutral,Neutral,Neutral,False
"Sure, it looks like I'm sleeping off that Thanksgiving Day meal, but I'm actually taking the #MannequinChallenge ri…",sure it looks like sleeping off that thanksgiving day meal but actually taking the mannequinchallenge ri,Positive,Positive,Neutral,Neutral,Neutral,False
@user vaccines and smartphone radiation,vaccines and smartphone radiation,Neutral,Neutral,Neutral,Neutral,Neutral,True
I really like the iPad. I think that's pretty cool.... #JustinVerlander #aphorisms,really like the ipad think that pretty cool justinverlander aphorisms,Positive,Positive,Positive,Positive,Positive,True
.@wikileaks publishes more #Yemen files - incl. evidence of US training Yemeni forces & arms procurement #ArmsTreaty,publishes more yemen files incl evidence of us training yemeni forces arms procurement armstreaty,Neutral,Neutral,Neutral,Neutral,Neutral,True
Don't ask from that one..I need that one that's the point .. ivsucceed and earned social security.. So I got this one because I can't,has ask from that one need that one that the point ivsucceed and earned social security so got this one because can,Neutral,Neutral,Neutral,Neutral,Neutral,True
#jerusalem with @user,jerusalem with,Neutral,Neutral,Neutral,Neutral,Neutral,True
"Anyone admit ""was going to vote for Clinton until the Comey letter switched me to a far-right wing supporter of fascism.""",anyone admit was going to vote for clinton until the comey letter switched me to far right wing supporter of fascism,Negative,Neutral,Negative,Negative,Negative,True
ASHLEY GRAHAM,ashley graham,Neutral,Neutral,Neutral,Neutral,Neutral,True
<-Chinese Wife Gets Hubby Off #tits #boob #memek #bispak  #onedirection,chinese wife gets hubby off tits boob memek bispak onedirection,Neutral,Neutral,Neutral,Neutral,Neutral,True
Jasmin Guy! (I don't know what that dance was) #ThankYouObama,jasmin guy has know what that dance was thankyouobama,Positive,Positive,Positive,Positive,Positive,True
2014 Tesla Model S P85 now in stock.,tesla model now in stock,Neutral,Neutral,Neutral,Positive,Positive,False
Yep. Ben Carson is a Clarence Thomas type pick. @user @user,yep ben carson is clarence thomas type pick,Positive,Neutral,Positive,Positive,Positive,True
Just back from @user and the film was absolutely mind-blowing! Thank you @user for this perfect gift! ❤️ #FantasticBeasts,just back from and the film was absolutely mind blowing thank you for this perfect gift fantasticbeasts,Positive,Positive,Positive,Positive,Positive,True
What Clinton or Trump Would Mean for Trade via @user,what clinton or trump would mean for trade via,Neutral,Neutral,Neutral,Neutral,Neutral,True
most of the fires were caused by extreme wind gusts and drought … #Israel #Palestine @user,most of the fires were caused by extreme wind gusts and drought israel palestine,Negative,Negative,Negative,Neutral,Neutral,False
"The fact that mike pence thinks there's a ""cure"" for being gay is absolutely the most ridiculous statement I have ever heard in my life",the fact that mike pence thinks there cure for being gay is absolutely the most ridiculous statement have ever heard in my life,Negative,Negative,Negative,Negative,Negative,True
A transient night with strangers can be held forever in music. Leonard Cohen on the inspiration behind song:…,transient night with strangers can be held forever in music leonard cohen on the inspiration behind song,Positive,Neutral,Positive,Positive,Positive,True
#BaseBall #Buzz Justin Verlander #35 #Detroit #Tigers Majestic Player T-shirt Boys Large #Forsale #Deals,baseball buzz justin verlander detroit tigers majestic player shirt boys large forsale deals,Neutral,Neutral,Neutral,Neutral,Neutral,True
Me and the incredibly talented @user at #BeautyAndTheBeast #sitzprobe yesterday. Opens next Friday. Eek!…,me and the incredibly talented at beautyandthebeast sitzprobe yesterday opens next friday eek,Positive,Neutral,Neutral,Positive,Positive,True
@user @user @user You all need to find a spot in your ADMIN for @user he has class/would be great asset!,you all need to find spot in your admin for he has class would be great asset,Positive,Neutral,Positive,Positive,Positive,True
I liked a @user video Donald Trump Prepare Cabinet - SNL (Cold Open),liked video donald trump prepare cabinet snl cold open,Positive,Neutral,Positive,Positive,Positive,True
2 medical marijuana users sue to force Arizona to reduce fees - Arizona Daily Star,medical marijuana users sue to force arizona to reduce fees arizona daily star,Negative,Neutral,Neutral,Negative,Negative,True
"@user no wonder Kim Jong Un wrote a letter saying ""what about meeee?! I cannot be haxx0r?""",not wonder kim jong un wrote letter saying what about meeee cannot be haxx,Neutral,Negative,Negative,Negative,Negative,False
@user @user @user @user good thing he's not taking up baseball like #MichaelJordan 😂,good thing he not taking up baseball like michaeljordan,Neutral,Negative,Positive,Neutral,Neutral,True
"Ethics by Nielsen ratings! Was there already a @user episode about this, or am I thinking The Running Man?…",ethics by nielsen ratings was there already episode about this or am thinking the running man,Neutral,Neutral,Neutral,Neutral,Neutral,True
"@user ""Patriotism is the last resort to which a scoundrel clings."" - Bob Dylan",patriotism is the last resort to which scoundrel clings bob dylan,Neutral,Positive,Neutral,Neutral,Neutral,True
@user @user @user @user @user He signed it. what he supports the #NDAA2012 and drone strikes kids,he signed it what he supports the ndaa and drone strikes kids,Neutral,Neutral,Neutral,Neutral,Neutral,True
"@user California has Disneyland, Apple, and a bunch of lettuce farms and stuff. It's totally worth dealing with President Pelosi.",california has disneyland apple and bunch of lettuce farms and stuff it totally worth dealing with president pelosi,Positive,Neutral,Positive,Positive,Positive,True
@user Farron disgusts me I voted Brexit for a much brighter future for our young people I voted #Brexit @user respect democracy,farron disgusts me voted brexit for much brighter future for our young people voted brexit respect democracy,Negative,Negative,Negative,Neutral,Neutral,False
#GilmoreGirlsTop4Richard GilmoreRichard GilmoreRichard GilmoreRichard Gilmore,gilmoregirlstop richard gilmorerichard gilmorerichard gilmorerichard gilmore,Neutral,Neutral,Neutral,Neutral,Neutral,True
@user ah ah ah heros??? Are you sure? Do you want to win the best story to next oscar?,ah ah ah heros are you sure do you want to win the best story to next oscar,Neutral,Positive,Neutral,Neutral,Neutral,True
The Medicare Killers #TrumpTransitionTeam #trumpeffect #StopBannon #TrumpsFirstOrder #trumpprotests,the medicare killers trumptransitionteam trumpeffect stopbannon trumpsfirstorder trumpprotests,Negative,Neutral,Negative,Negative,Negative,True
"@user @user I pretty much got it now while I have the money so I won't have to worry when Persona 5 comes out lol, I'm pathetic",pretty much got it now while have the money so won have to worry when persona comes out lol pathetic,Neutral,Positive,Positive,Positive,Positive,False
@user Hillary got quite a few more votes but your man won the electoral college vote. It doesn't follow that Repubs 'crushed' Dems,hillary got quite few more votes but your man won the electoral college vote it doesn follow that repubs crushed dems,Negative,Neutral,Neutral,Negative,Negative,True
Louie 😍♥ #onedirection  #MPN & #MtvStarsNiallHoran,louie onedirection mpn mtvstarsniallhoran,Positive,Neutral,Positive,Positive,Positive,True
@user If evolution is bullshit then how do we develop vaccines????,if evolution is bullshit then how do we develop vaccines,Neutral,Negative,Negative,Negative,Negative,False
(Video) Powerful message from Tony Romo. Might as well be titled 'How to be a good teammate' @user,video powerful message from tony romo might as well be titled how to be good teammate,Positive,Positive,Positive,Positive,Positive,True
Donald Trump lied?  What?  Never!  Donald Trump never says anything without having seriously meant it! *Sarcasm!De…,donald trump lied what never donald trump never says anything without having seriously meant it sarcasm de,Negative,Negative,Negative,Negative,Negative,True
@user Kind of like Kim Jong Un...,kind of like kim jong un,Negative,Negative,Negative,Negative,Negative,True
"It's time to denounce fake news!And while we're at it, maybe we can stop referring to Michael Moore movies as documentaries.Sound good?",it time to denounce fake news and while we re at it maybe we can stop referring to michael moore movies as documentaries sound good,Negative,Neutral,Negative,Negative,Negative,True
@user Cracks me up that these *intellectuals* support the EC as long as it confirms popular vote. Then what's the point of having EC!,cracks me up that these intellectuals support the ec as long as it confirms popular vote then what the point of having ec,Neutral,Neutral,Neutral,Negative,Negative,False
"Head of #Ukraine's National Bank, accuses populists (#Saakashvili, #Tymoshenko) of undermining ""fragile stability""https://t.co/cXZGSyahtB",head of ukraine national bank accuses populists saakashvili tymoshenko of undermining fragile stability,Negative,Neutral,Neutral,Negative,Negative,True
#IAmTinaToo Stop #Cuadrilla from #fracking  #BankruptCuadrilla #ECOCIDE,iamtinatoo stop cuadrilla from fracking bankruptcuadrilla ecocide,Neutral,Neutral,Neutral,Neutral,Neutral,True
It's amazing that Clinton will still win the popular vote by 2M votes considering what the FBI/KGB and Wikileaks did to lose her the race.,it amazing that clinton will still win the popular vote by votes considering what the fbi kgb and wikileaks did to lose her the race,Positive,Neutral,Negative,Positive,Positive,True
@user @user this is just disgusting. .trump needs to tell his deplorables the election is over & he represents everybody..,this is just disgusting trump needs to tell his deplorables the election is over he represents everybody,Negative,Negative,Negative,Negative,Negative,True
@user The people? Do you consider the people GEORGE SOROS? Do you think the people of this country are fucking stupid?,the people do you consider the people george soros do you think the people of this country are fucking stupid,Negative,Negative,Negative,Negative,Negative,True
@user the man in Black's real identity :o #Westworld,the man in black real identity westworld,Neutral,Positive,Neutral,Neutral,Neutral,True
"1/2@DunyaNews : Pak,Sartaj Aziz stopped@Amritsar Airport for40minutes by Indian officials b4granting immigration",pak sartaj aziz stopped airport for minutes by indian officials granting immigration,Negative,Neutral,Negative,Neutral,Neutral,False
"Conservative, old, white, privileged, christian, gawd fearing, white, privileged, old, conservative, white & dangerous.#TrumpTransitionTeam",conservative old white privileged christian gawd fearing white privileged old conservative white dangerous trumptransitionteam,Negative,Neutral,Negative,Negative,Negative,True
"College degree...no took down the website...copy Michelle speech..deny,deny....lying Melania…",college degree not took down the website copy michelle speech deny deny lying melania,Negative,Neutral,Negative,Negative,Negative,True
@user so an inbred neo-nazi wants to play too eh? Do You Dare?  @user @user @user @user @user,so an inbred neo nazi wants to play too eh do you dare,Negative,Negative,Negative,Neutral,Neutral,False
A Trump cabinet position is waiting for him when he gets back to the States.,trump cabinet position is waiting for him when he gets back to the states,Neutral,Negative,Neutral,Neutral,Neutral,True
"#Russia-ns are meeting with terror org of #Hezbollah , #America-ns are meeting with terror org of #PKK , meanwhile #KSA & #Turkey are +",russia ns are meeting with terror org of hezbollah america ns are meeting with terror org of pkk meanwhile ksa turkey are,Negative,Neutral,Negative,Negative,Negative,True
Will #TheWalkingDead’s Daryl Dixon make it to Season 8? #TWD @user -->,will thewalkingdeads daryl dixon let it to season twd,Neutral,Neutral,Neutral,Positive,Positive,False
"@user Bless your tact. You try to be delicate saying ""private parts."" Saakashvili boldly says, ""he wanted to hang me by my balls.""",bless your tact you try to be delicate saying private parts saakashvili boldly says he wanted to hang me by my balls,Negative,Neutral,Negative,Negative,Negative,True
O'Rourke supports Rep. Tim Ryan for House Minority Leader - KVIA via @user Pelosi and Reid have killed the Dems,rourke supports rep tim ryan for house minority leader kvia via pelosi and reid have killed the dems,Neutral,Neutral,Negative,Neutral,Neutral,True
"@user WE SUPPLY HIGH GRADE MEDICAL MARIJUANA.WEED,,PAIN PILLS..MMJ OIL..MMJ CARD.. HEMP OILS, THC OILS....CBD OIL.. AVAILABLE...",we supply high grade medical marijuana weed pain pills mmj oil mmj card hemp oils thc oils cbd oil available,Neutral,Neutral,Neutral,Neutral,Neutral,True
STOP ANIMAL TESTING AT OXFORD,stop animal testing at oxford,Negative,Neutral,Negative,Negative,Negative,True
This is what Oligarchy looks like. Democracy is dead and @user under Obama/Clinton(s)/Pelosi/Reid killed it.,this is what oligarchy looks like democracy is dead and under obama clinton pelosi reid killed it,Negative,Negative,Negative,Negative,Negative,True
@user has closely followed Saakashvili's attempt to reform Ukraine's Odesa region. Watch our interview:…,has closely followed saakashvili attempt to reform ukraine odesa region watch our interview,Neutral,Neutral,Neutral,Neutral,Neutral,True
"stephen colbert just called kim jong un ""kim fatty the third"" im goigng to throw up i cant stop laughing",stephen colbert just called kim jong un kim fatty the third im goigng to throw up cant stop laughing,Neutral,Negative,Negative,Neutral,Neutral,True
@user @user YES! Conservatives HATE facts!,yes conservatives hate facts,Negative,Negative,Negative,Negative,Negative,True
Saakashvili As Odessa Governor Insulted Ukrainians - Putin,saakashvili as odessa governor insulted ukrainians putin,Negative,Neutral,Negative,Negative,Negative,True
Time for art while watching David Blaine's show,time for art while watching david blaine show,Positive,Neutral,Neutral,Positive,Positive,True
I love waking up every day and Nancy Pelosi is still in charge of the Democrats.,love waking up every day and nancy pelosi is still in charge of the democrats,Positive,Positive,Positive,Positive,Positive,True
Public meeting discusses British involvement in war zoneshttps://t.co/bPdITmoFRW#Libya #News,public meeting discusses british involvement in war zones news,Neutral,Neutral,Neutral,Neutral,Neutral,True
If only there had been a sign...or 60.,if only there had been sign or,Neutral,Neutral,Negative,Neutral,Neutral,True
ICYMI: Unbiased Review: Rancho Luna Maduro Robusto - a solid value #cigar!#cigarlife…,icymi unbiased review rancho luna maduro robusto solid value cigar cigarlife,Neutral,Positive,Neutral,Neutral,Neutral,True
Just keep on tweeting Team Robots! :) EDVEN StillfAYTing,just keep on tweeting team robots edven stillfayting,Positive,Positive,Positive,Neutral,Neutral,False
3D Printing Fashion: How I 3D-Printed Clothes at Home via @user,printing fashion how printed clothes at home via,Neutral,Neutral,Neutral,Neutral,Neutral,True
@user Asking for identification isn't voter suppression.,asking for identification isn voter suppression,Neutral,Neutral,Neutral,Negative,Negative,False
#Russia says proposed #UN resolution on #Aleppo 'provocative step'https://t.co/g3s05O7hxK,russia says proposed un resolution on aleppo provocative step,Neutral,Neutral,Neutral,Neutral,Neutral,True
"@user @user the Michael Moore part? If so, I agree emphatically.",the michael moore part if so agree emphatically,Neutral,Neutral,Neutral,Neutral,Neutral,True
Poroshenko was allowed to fine the TV for separatism -,poroshenko was allowed to fine the tv for separatism,Neutral,Neutral,Neutral,Neutral,Neutral,True
@user and... I voted for Gore!  We need to bring back the popular vote!,and voted for gore we need to bring back the popular vote,Positive,Neutral,Neutral,Positive,Positive,True
"...""radical acceptance"", a rigorous mental determination to meet head on the most powerful negatives in our lives...",radical acceptance rigorous mental determination to meet head on the most powerful negatives in our lives,Negative,Neutral,Positive,Negative,Negative,True
@user The @user once labeled Dr. Ben Carson as an extremist which took away the little credibility they still had.,the once labeled dr ben carson as an extremist which took away the little credibility they still had,Negative,Neutral,Negative,Negative,Negative,True
"I will go so far to say s1 of westworld isn't just good, it's brilliant. A story within a story within a story about storytelling",will will so far to say of westworld isn just good it brilliant story within story within story about storytelling,Positive,Positive,Positive,Positive,Positive,True
"@user @user @user  What Trump & Ryan will do for them - take their Medicare, Social Security, and NOT create any jobs.",what trump ryan will do for them take their medicare social security and not create any jobs,Negative,Negative,Negative,Negative,Negative,True
🏀@KoponenPetteri is ready #fcblive #GSOFCB,is ready fcblive gsofcb,Neutral,Neutral,Neutral,Neutral,Neutral,True
Just making changes. #idmb is now tweeting. #idrivemybiz #uber #lyft,just making changes idmb is now tweeting idrivemybiz uber lyft,Neutral,Negative,Positive,Neutral,Neutral,True
Grayson Allen should have gone to the #NBA after last season. His stock wont ever b that high again and that's not a shot at him as a player,grayson allen should have gone to the nba after last season his stock wont ever that high again and that not shot at him as player,Neutral,Neutral,Neutral,Neutral,Neutral,True
Check out this item in my Etsy shop #Cinderella #OnceUponATime #BeautyAndTheBeast #TeenWolf #Hermione #HarryPotter,check out this item in my etsy shop cinderella onceuponatime beautyandthebeast teenwolf hermione harrypotter,Neutral,Positive,Neutral,Neutral,Neutral,True
@user Consentrate on shortening the work day and distributing labor and proper social security system like basic income for all.,consentrate on shortening the work day and distributing labor and proper social security system like basic income for all,Neutral,Positive,Neutral,Neutral,Neutral,True
CSG exploration and extraction is destroying our land and waterways. It is out of control and need to be stopped....,csg exploration and extraction is destroying our land and waterways it is out of control and need to be stopped,Negative,Negative,Negative,Negative,Negative,True
@user @user might as well go full Nazi now.,might as well will full nazi now,Negative,Negative,Negative,Negative,Negative,True
#isis France Foils ISIS Attack Planned for Next Week: Prosecutor -,isis france foils isis attack planned for next week prosecutor,Neutral,Neutral,Neutral,Neutral,Neutral,True
Young Sinatra singing Christmas music is the gold standard,young sinatra singing christmas music is the gold standard,Positive,Neutral,Neutral,Positive,Positive,True
"today, i'm pretty sure doctors who got Cs in medical school just became the doctors who hand out medical marijuana recs in california",today pretty sure doctors who got cs in medical school just became the doctors who hand out medical marijuana recs in california,Negative,Neutral,Negative,Negative,Negative,True
Liberals who think Castro was coolLook no further than the Cubans rejoicing in Miami They know Cuba,liberals who think castro was coollook not further than the cubans rejoicing in miami they know cuba,Negative,Negative,Negative,Negative,Negative,True
"#IAmThankfulFor @user theatre, @user @user William Shakespeare, @user @user & @user",iamthankfulfor theatre william shakespeare,Positive,Neutral,Neutral,Positive,Positive,True
Robots Augment by 2025https://t.co/GKpi8l0coR#Robotics 🤖,robots augment by,Neutral,Neutral,Neutral,Neutral,Neutral,True
"The fam. Well, most. Bam! #grateful #unitednations #abiggertable",the family well most bam grateful unitednations abiggertable,Positive,Positive,Positive,Positive,Positive,True
#RudyGiuliani took $millions from #Hamas #terror-sponsor #Qatar - this alone is disqualifying for #SecState,rudygiuliani took millions from hamas terror sponsor qatar this alone is disqualifying for secstate,Negative,Negative,Negative,Negative,Negative,True
"Animal testing is cruel, unnecessary, and inhumane.#StopAnimalTests",animal testing is cruel unnecessary and inhumane stopanimaltests,Negative,Negative,Negative,Negative,Negative,True
#Israel #Arson #Hamas - Terrorists have set Israel ablaze today.  #Hamas,israel arson hamas terrorists have set israel ablaze today hamas,Negative,Negative,Negative,Negative,Negative,True
idk where to start after my intro. im writing from a pro-raising-minimum-wage pov but I'm stuck ☹️,idk where to start after my intro im writing from pro raising minimum wage pov but stuck,Neutral,Neutral,Neutral,Neutral,Neutral,True
POWERFUL #AUDIO #TEACHINGS = #ConservativeReview #MarkLevin #CommonCore #Immigration #Conservatism #DanielHorowitz,powerful audio teachings conservativereview marklevin commoncore immigration conservatism danielhorowitz,Neutral,Neutral,Neutral,Neutral,Neutral,True
#DISEC Chair tries to silence DPRK. WE CAN NEVER BE SILENCED. PRAISE KIM JONG-UN #SydMUN16,disec chair tries to silence dprk we can never be silenced praise kim jong un sydmun,Negative,Negative,Negative,Negative,Negative,True
@user  death penalty for this dumb fawk,death penalty for this dumb fawk,Negative,Negative,Negative,Negative,Negative,True
@user above Thunder in the Western Conf. Feels good doesn't it?,above thunder in the western conf feels good doesn it,Positive,Positive,Positive,Positive,Positive,True
#Hezbollah hails “#LAF heroic operation” in #Arsal | | #Lebanon,hezbollah hails laf heroic operation in arsal lebanon,Neutral,Neutral,Neutral,Neutral,Neutral,True
"Bob Dylan performs the full version of his 9th highest charting single, Hurricane live and uncensored in 1975 -",bob dylan performs the full version of his th highest charting single hurricane live and uncensored in,Positive,Neutral,Positive,Positive,Positive,True
@user @user so you see conservatives praising liberals?,so you see conservatives praising liberals,Neutral,Negative,Negative,Neutral,Neutral,True
"Random photos from #NBAwards, mostly of poetry judges and poets.",random photos from nbawards mostly of poetry judges and poets,Positive,Neutral,Neutral,Positive,Positive,True
"@user Change happens at the margins. Australians aren't all like Dutton, Hanson, alt rightists",change happens at the margins australians aren all like dutton hanson alt rightists,Neutral,Neutral,Negative,Neutral,Neutral,True
The latest Stars News! #beautyandthebeast #moana,the latest stars news beautyandthebeast moana,Neutral,Neutral,Neutral,Neutral,Neutral,True
Epic pause moment. FINALLY. #Westworld @user,epic pause moment finally westworld,Positive,Positive,Positive,Positive,Positive,True
@user did of any good was kept Labour/Greens out for 3 years. He should have gone 4 an important rights legacy: #euthanasia,did of any good was kept labour greens out for years he should have gone an important rights legacy euthanasia,Negative,Negative,Negative,Negative,Negative,True
The Ep. Church stopped aid to Nigerian Eps. who refused to accept gay marriage just like Obama & Hillary did. But they would rather go,the ep church stopped aid to nigerian eps who refused to accept gay marriage just like obama hillary did but they would rather will,Negative,Negative,Negative,Negative,Negative,True
"SW & Richard Alderson discuss 1966 Live Recordings & Bob Dylan in America, NYC, 12/5, 6 pm",sw richard alderson discuss live recordings bob dylan in america nyc pm,Neutral,Neutral,Neutral,Neutral,Neutral,True
Actually bWAR does an adjustment for defense I think. Not a very good one. That was the essence of the Verlander/Porcello debate.,actually bwar does an adjustment for defense think not very good one that was the essence of the verlander porcello debate,Negative,Positive,Positive,Negative,Negative,True
Article 50 in 50 seconds - #solicitor #solicitorhour #thebarrister,article in seconds solicitor solicitorhour thebarrister,Neutral,Positive,Neutral,Positive,Positive,False
"Donald Trump Could Win 40 Percent of Minorities' Vote in 2020, Says Steve Bannon - Breitbarthttps://t.co/e4mYyJn2HO",donald trump could win percent of minorities vote in says steve bannon breitbart,Neutral,Neutral,Neutral,Neutral,Neutral,True
Pelosi broadens leadership team #outoftouch west coast liberal doesn't get it #reelectpelosi 👁👃🏻👁#floodtheswamp,pelosi broadens leadership team outoftouch west coast liberal doesn get it reelectpelosi floodtheswamp,Neutral,Neutral,Negative,Neutral,Neutral,True
"92 News HD Official - Samsung Galaxy Note 7 EXPLOSIONS have not damaged brand, says poll",news hd official samsung galaxy note explosions have not damaged brand says poll,Neutral,Neutral,Neutral,Neutral,Neutral,True
"@user sorry, do you have any proof of that?",sorry do you have any proof of that,Neutral,Neutral,Neutral,Neutral,Neutral,True
Love. #StillWithHer,love stillwithher,Positive,Positive,Positive,Positive,Positive,True
The anti-#Clinton riots might make the anti-#Trump riots look like picnics — because we all know how violent PAID…,the anti clinton riots might let the anti trump riots look like picnics because we all know how violent paid,Negative,Negative,Negative,Negative,Negative,True
#onedirection #niallhoran #harrystyles #WWATour best 2 lovely dance 😊❤️ them 👍,onedirection niallhoran harrystyles wwatour best lovely dance them,Positive,Positive,Positive,Positive,Positive,True
@user WHY Do YOU Illegal IGNORE #UnitedNations Findings Of YOUR Mistreatment Of #JulianAssange Regarding Violation Of NO Internet?!,why do you illegal ignore unitednations findings of your mistreatment of julianassange regarding violation of not internet,Negative,Negative,Negative,Negative,Negative,True
@user @user @user @user @user another -> it's a real good on…,another it real good on,Neutral,Positive,Positive,Positive,Positive,False
Jogadores que se aposentaram em 2016:Kobe BryantTim DuncanKevin GarnettMo WilliamsRay AllenKevin MartinElton Brand,jogadores que se aposentaram em kobe bryanttim duncankevin garnettmo williamsray allenkevin martinelton brand,Neutral,Positive,Neutral,Neutral,Neutral,True
"If a ""thing"" is accessible through the Internet, someone else can control it, exploit it, break it, or steal it.…",if thing is accessible through the internet someone else can control it exploit it break it or steal it,Negative,Neutral,Negative,Neutral,Neutral,False
LOOK: City estimates 5 million people attend Cubs World Series parade,look city estimates million people attend cubs world series parade,Neutral,Neutral,Neutral,Neutral,Neutral,True
#Kate_UptonKate Upton is not done criticizing the Cy Young voting processhttps://t.co/S1rPt4Zw8N,kate uptonkate upton is not done criticizing the cy young voting process,Neutral,Neutral,Neutral,Neutral,Neutral,True
Philippines 'should reject' reinstatement of death penalty,philippines should reject reinstatement of death penalty,Neutral,Neutral,Neutral,Neutral,Neutral,True
This community is sharing solar power with their neighbors and shifting away from fossil fuels…,this community is sharing solar power with their neighbors and shifting away from fossil fuels,Neutral,Negative,Negative,Negative,Negative,False
"Biogas from grass can supply all UK with gas, claims CEO of @user   #innovation #cleantech",biogas from grass can supply all uk with gas claims ceo of innovation cleantech,Neutral,Neutral,Neutral,Neutral,Neutral,True
"Ivanka Trump in '06: 'If he wasn't my father, I would spray him with Mace' #NotMyPresident #StillWithHer",ivanka trump in if he wasn my father would spray him with mace notmypresident stillwithher,Negative,Negative,Neutral,Neutral,Neutral,False
@user how many of them voted for Nationals who support mining and fracking ?!! and will again regardless !!? #idiots,how many of them voted for nationals who support mining and fracking and will again regardless idiots,Negative,Neutral,Negative,Negative,Negative,True
KRP #Barzani will visit #UAE & meet Sheikh Muhammed and some other officials to discuss #Peshmerga support vs #ISIS.,krp barzani will visit uae meet sheikh muhammed and some other officials to discuss peshmerga support vs isis,Neutral,Neutral,Neutral,Neutral,Neutral,True
"Even the Obama admin dismisses claims of election hacking, but it must be true since a couple computer nerds from M…",even the obama admin dismisses claims of election hacking but it must be true since couple computer nerds from,Neutral,Negative,Negative,Neutral,Neutral,True
David Blaine is incredible. Everyone needs to check out his special on Netflix #WOW,david blaine is incredible everyone needs to check out his special on netflix wow,Positive,Positive,Positive,Positive,Positive,True
These guys are no fools. 5 trains go into a multi-rail tunnel. 5 comes out. Which 1 is armed? OOPS. @user @user @user,these guys are not fools trains will into multi rail tunnel comes out which is armed oops,Neutral,Negative,Negative,Neutral,Neutral,True
Poroshenko says Trump asked to elaborate on Russian aggression,poroshenko says trump asked to elaborate on russian aggression,Neutral,Neutral,Neutral,Neutral,Neutral,True
Belgium minor first to be granted euthanasia,belgium minor first to be granted euthanasia,Negative,Negative,Negative,Neutral,Neutral,False
"@user But in the opinion of RMS, it is like vegetarianism. You either are a vegetarian or not.",but in the opinion of rms it is like vegetarianism you either are vegetarian or not,Neutral,Neutral,Neutral,Neutral,Neutral,True
"Abby *talking about the Hamilton soundtrack"": I heard Zac Efron had to wait like 8 months to get tickets, imagine me",abby talking about the hamilton soundtrack heard zac efron had to wait like months to get tickets imagine me,Positive,Positive,Neutral,Positive,Positive,True
Imagine being awake at 3am on a Saturday night doing a presentation on the legality of US drone strikes instead of getting fucking trollied,imagine being awake at am on saturday night doing presentation on the legality of us drone strikes instead of getting fucking trollied,Negative,Neutral,Negative,Negative,Negative,True
@user If she thinks that MA voters will forget her lapse she is sadly mistaken. @user @user @user,if she thinks that ma voters will forget her lapse she is sadly mistaken,Neutral,Positive,Negative,Neutral,Neutral,True
I liked a @user video Dak Prescott Responds to Tony Romo's Statement on Cowboys & QB Situation | NFL,liked video dak prescott responds to tony romo statement on cowboys qb situation nfl,Positive,Neutral,Positive,Positive,Positive,True
"DYK? Our soap is #crueltyfree & #vegan, which means absolutely no animal products or testing! #NoMoreDirtyHands",dyk our soap is crueltyfree vegan which means absolutely not animal products or testing nomoredirtyhands,Neutral,Neutral,Negative,Positive,Positive,False
@user @user @user @user Of course *smacks forehead* b/c white supremacists didn't support Trump throughout his campaign.,of course smacks forehead white supremacists didn support trump throughout his campaign,Neutral,Neutral,Negative,Negative,Negative,False
"@user @user  WE could add Henry Kissinger the Rothschild's, the Rockefeller's & George Soros !",we could add henry kissinger the rothschild the rockefeller george soros,Neutral,Neutral,Neutral,Positive,Positive,False
"She turns 65 next year, so she knows she will be covered by Medicare no matter what happens with Obamacare.Fuck th…",she turns next year so she knows she will be covered by medicare not matter what happens with obamacare fuck th,Negative,Negative,Negative,Negative,Negative,True
I am a hipster muppet who enjoys authoritarian fracking . Support our troops.,am hipster muppet who enjoys authoritarian fracking support our troops,Positive,Neutral,Neutral,Negative,Negative,False
@user @user what do these '1/2 naked pics' have to do with anything? They're not even like that.,what do these naked pics have to do with anything they re not even like that,Neutral,Neutral,Negative,Neutral,Neutral,True
This is @user 2034 1st round draft pick. Gonna be a strong RHP,this is st round draft pick gonna be strong rhp,Neutral,Negative,Positive,Positive,Positive,False
"@user Great looking, ""Alternative Robot"", robots should stop looking 100% mirrored, so they can have a unique human characteristics",great looking alternative robot robots should stop looking mirrored so they can have unique human characteristics,Positive,Positive,Positive,Positive,Positive,True
@user Spencer is even one of the softer alt-rightists. I guess Paul doesn't know much about shitposting and chan culture.,spencer is even one of the softer alt rightists guess paul doesn know much about shitposting and chan culture,Negative,Negative,Negative,Negative,Negative,True
Asia in 3 minutes: the Indian tycoon who dropped US$75m on daughter’s wedding & China blocks ‘Kim fatty the third’…,asia in minutes the indian tycoon who dropped us on daughters wedding china blocks kim fatty the third,Neutral,Negative,Neutral,Negative,Negative,False
"you know which republican had a tough night at the theater? Lincoln. now get back to transitioning, you lollygaggers!!! #TrumpTransitionTeam",you know which republican had tough night at the theater lincoln now get back to transitioning you lollygaggers trumptransitionteam,Negative,Neutral,Neutral,Neutral,Neutral,False
#NowPlaying Scream by Zac Efron ♫,nowplaying scream by zac efron,Neutral,Neutral,Neutral,Neutral,Neutral,True
You don’t need a weather man - to see which way the wind blows. —Bob Dylan,you dont need weather man to see which way the wind blows bob dylan,Neutral,Neutral,Neutral,Neutral,Neutral,True
And Newton is about 5 years overdue for that. Eclipses Cristiano Ronaldo as the biggest prima donna in sports.,and newton is about years overdue for that eclipses cristiano ronaldo as the biggest prima donna in sports,Neutral,Neutral,Positive,Neutral,Neutral,True
@user she'd claimed Thomistic view of ensoulment showed church's oppositon to abortion is recent develpmnt & Benedict wasn't having it,she claimed thomistic view of ensoulment showed church oppositon to abortion is recent develpmnt benedict wasn having it,Neutral,Neutral,Negative,Negative,Negative,False
Venezuela narcotics scandal heaps pressure on President Maduro.  Execute this drug scum!,venezuela narcotics scandal heaps pressure on president maduro execute this drug scum,Negative,Positive,Negative,Negative,Negative,True
@user @user your ignorance about the facts associated with euthanasia are utterly reprehensible and irresponsible. Shame on you.,your ignorance about the facts associated with euthanasia are utterly reprehensible and irresponsible shame on you,Negative,Negative,Negative,Negative,Negative,True
#twink sex pics zac efron and nude model,twink sex pics zac efron and nude model,Neutral,Neutral,Neutral,Neutral,Neutral,True
@user @user @user air pope respects the play 👏🏼👏🏼👏🏼,air pope respects the play,Neutral,Positive,Neutral,Positive,Positive,False
@user I met him once and commented it must be tough supporting Amnesty and being immigration minister. He didn't stop to chat...,met him once and commented it must be tough supporting amnesty and being immigration minister he didn stop to chat,Neutral,Negative,Negative,Neutral,Neutral,True
"Cover: ""Leo 100"" [md] #fcblive",cover leo md fcblive,Neutral,Neutral,Neutral,Neutral,Neutral,True
LOOPY LEFTY LIBERALS TAKE A THRASHING IN ITALY - When people have very little Wot have they got to lose! SIGN ARTICLE 50 NOW - BREXIT,loopy lefty liberals take thrashing in italy when people have very little wot have they got to lose sign article now brexit,Negative,Negative,Negative,Negative,Negative,True
"Makes me sick to think we, the American taxpayers will be paying for secret service detail for Trump & Melania for…",makes me sick to think we the american taxpayers will be paying for secret service detail for trump melania for,Negative,Neutral,Negative,Negative,Negative,True
@user @user #DrainTheSwamp doesn't seem to be working as planned,draintheswamp doesn seem to be working as planned,Negative,Negative,Negative,Negative,Negative,True
#Westworld: a hot bowl of meh.,westworld hot bowl of meh,Negative,Neutral,Positive,Neutral,Neutral,False
Muslim is always the target of the ethnic cleansing. #Rohingya #Palestine,muslim is always the target of the ethnic cleansing rohingya palestine,Negative,Neutral,Neutral,Neutral,Neutral,False
Michael Moore Predicts Donald Trump Will Win the Presidency via @user,michael moore predicts donald trump will win the presidency via,Neutral,Neutral,Neutral,Neutral,Neutral,True
"Feeling so emotional tonight b/c I'm thinking about these fires, the plane crash, Aleppo, my kids at work, etc 😭",feeling so emotional tonight thinking about these fires the plane crash aleppo my kids at work etc,Negative,Neutral,Negative,Negative,Negative,True
"@user @user George Soros Will Never Let The Inauguration Happen,The Time For Americans To Act, Peacefully is NOW,Or NWO..",george soros will never let the inauguration happen the time for americans to act peacefully is now or nwo,Neutral,Neutral,Neutral,Neutral,Neutral,True
"‣ All Aboard the Post-TPP World | ""A half-hearted near handshake between US President..."" | | @user",all aboard the post tpp world half hearted near handshake between us president,Neutral,Negative,Neutral,Neutral,Neutral,True
I have yet to see a photo of Steve Bannon without a headset on.,have yet to see photo of steve bannon without headset on,Neutral,Neutral,Neutral,Neutral,Neutral,True
#humanrights #UnitedNations  ♐️deporting israelis2 their original homes/BelfoureDeclaration !https://t.co/vJVk6EFLHD,humanrights unitednations deporting israelis their original homes belfouredeclaration,Negative,Neutral,Negative,Negative,Negative,True
Checking out this song on Sutros via @user,checking out this song on sutros via,Neutral,Neutral,Positive,Positive,Positive,False
"#occupiedpalestineisburning but the IOF & co will blame palestinians for the fires..meanwhile, rightists will claim that#IsraelIsBurning",occupiedpalestineisburning but the iof co will blame palestinians for the fires meanwhile rightists will claim thatisraelisburning,Negative,Neutral,Neutral,Negative,Negative,True
"Xi Jimping, Kim Jong Un, Nicolas Maduro, Robert Mugabe, Sisi, Bashar Al Assad all ""won"" their elections by 99% votes",xi jimping kim jong un nicolas maduro robert mugabe sisi bashar al assad all won their elections by votes,Neutral,Negative,Neutral,Neutral,Neutral,True
Kangen water restores the body to perfect health.⭕40 year track record⭕Gold standard of water…,kangen water restores the body to perfect health year track recordgold standard of water,Positive,Neutral,Neutral,Positive,Positive,True
Have a pesky relative that won't stop complaining about Trump? Check to see if they're registered to vote:https://t.co/ddJFVJrUZw,have pesky relative that won stop complaining about trump check to see if they re registered to vote,Neutral,Neutral,Negative,Negative,Negative,False
It has been a blessing for many with no Medicaid expansion in Florida. Most jobs don't offer insurance and many onl…,it has been blessing for many with not medicaid expansion in florida most jobs has offer insurance and many onl,Negative,Negative,Negative,Positive,Positive,False
Arizona Democrat: 'We have a duty to treat Trump like the threat he is' #NeverTrump #TrumpTransitionTeam,arizona democrat we have duty to treat trump like the threat he is nevertrump trumptransitionteam,Negative,Neutral,Negative,Negative,Negative,True
funny writerhttps://t.co/56RSYzQg9W,funny writer,Neutral,Neutral,Positive,Positive,Positive,False
the explanation as to why dems got blown out of the water in 2016 is full of tautologies,the explanation as to why dems got blown out of the water in is full of tautologies,Neutral,Negative,Negative,Neutral,Neutral,True
Trump's wall on the Mexican border is just copying what Dhul-Qarnayn did to the Yajjuj Majjuj. #islamicmythologyjokes,trump wall on the mexican border is just copying what dhul qarnayn did to the yajjuj majjuj islamicmythologyjokes,Neutral,Neutral,Negative,Negative,Negative,False
Pray for Aleppo! O God please help these people!  😔,pray for aleppo god please help these people,Neutral,Neutral,Neutral,Positive,Positive,False
@user It's hard to tell which are the stupid Americans & which are Putin's trolls. Birds of a feather. Fools together.,it hard to tell which are the stupid americans which are putin trolls birds of feather fools together,Negative,Neutral,Negative,Negative,Negative,True
I need to make a t-shirt that says 'Let's discuss Westworld!' and wear it practically daily.,need to let shirt that says let discuss westworld and wear it practically daily,Neutral,Neutral,Neutral,Neutral,Neutral,True
ISIS and The CIA What You Need To Know! #ISIS #falseflag #saudi #CIA #mossad #israel,isis and the cia what you need to know isis falseflag saudi cia mossad israel,Neutral,Negative,Neutral,Neutral,Neutral,True
Google Earth now available in VR #internet #feedly,google earth now available in vr internet feedly,Positive,Neutral,Neutral,Positive,Positive,True
@user it's what Bob Dylan sounds like at an amphitheater,it what bob dylan sounds like at an amphitheater,Positive,Neutral,Neutral,Neutral,Neutral,False
#Aleppo : Opposition killed 80 militiamen during violent battles for the village of #Al_Aziza.,aleppo opposition killed militiamen during violent battles for the village of al aziza,Neutral,Neutral,Neutral,Negative,Negative,False
@user Hate crimes against Trump supporters funded by YOU GEORGE SOROS @user UR SCUM Satan himself,hate crimes against trump supporters funded by you george soros ur scum satan himself,Negative,Neutral,Negative,Negative,Negative,True
.@AnnCoulter can @user federalise the California National Guard and purge San Francisco of all the bad hombres like @user,can federalise the california national guard and purge san francisco of all the bad hombres like,Negative,Neutral,Negative,Negative,Negative,True
@user @user @user @user  SAY NO TO @user   #NoToMittRomney. HELL NO!!!,say not to notomittromney hell not,Negative,Negative,Negative,Negative,Negative,True
The Electoral College Is Anything But Outdated,the electoral college is anything but outdated,Neutral,Neutral,Neutral,Neutral,Neutral,True
I agree wiv verifications and all but lets not forget its just a means of social security just to get ppl goinhttps://t.co/fMxBw0FCJW,agree wiv verifications and all but lets not forget its just means of social security just to get people goin,Positive,Negative,Neutral,Negative,Negative,False
3D Printing: 3D printable OpenRC Formula 1 car hits the track with NinjaFlex tires,printing printable openrc formula car hits the track with ninjaflex tires,Neutral,Neutral,Neutral,Neutral,Neutral,True
"#tech #summary: inside #expa #labs, #uber #co- #founder’s #take on the #startup accelerator",tech summary inside expa labs uber co founders take on the startup accelerator,Neutral,Neutral,Neutral,Neutral,Neutral,True
#BreakingNewslist of the terrorist groups at #Jordan meeting are..#Hamas #katabThawratAlAshreen #AlJaishAlislami #BaathParty & others,breakingnewslist of the terrorist groups at jordan meeting are hamas katabthawratalashreen aljaishalislami baathparty others,Negative,Negative,Neutral,Negative,Negative,True
Blow the #IslamicState #ISIS #hamas #MuslimBrotherhood #Taliban  OFF the FACE of the EARTH #Israel #IStandWithIsrael,blow the islamicstate isis hamas muslimbrotherhood taliban off the face of the earth israel istandwithisrael,Negative,Neutral,Negative,Negative,Negative,True
CIVILIANS FLEE ALEPPO BATTLE ON CNN: via @user,civilians flee aleppo battle on cnn via,Neutral,Neutral,Neutral,Neutral,Neutral,True
#Mercedes #AMG GT S Takes on the #Tesla Model S P85Dhttps://t.co/pVtlrxfkJP,mercedes amg gt takes on the tesla model,Neutral,Neutral,Neutral,Neutral,Neutral,True
WOW..@FHS_Girls_Hoops .New Fab 4 Plus Vets Fairmont 38 Tipp 28 @user  16pts @user @user,wow new fab plus vets fairmont tipp pts,Positive,Positive,Positive,Positive,Positive,True
Check our #MosulOffensive section to keep up to date with the latest in #Iraq,check our mosuloffensive section to keep up to date with the latest in iraq,Neutral,Neutral,Neutral,Neutral,Neutral,True
Mamadi Diakite WILL break some poor guy's nose this season with a blocked shot. If it happened to be Grayson Allen...,mamadi diakite will break some poor guy nose this season with blocked shot if it happened to be grayson allen,Negative,Neutral,Negative,Negative,Negative,True
"""Bob Dylan unable to attend Nobel ceremony Dec. 10 due to 'other commitments.'"" I was able to get hold of his sched…",bob dylan unable to attend nobel ceremony dec due to other commitments was able to get hold of his sched,Neutral,Neutral,Neutral,Neutral,Neutral,True
"Read that #Westworld may not be back til 2018 which is a big problem because it was a B+ show with neat ideas, but not all that fun to watch",read that westworld may not be back til which is big problem because it was show with neat ideas but not all that fun to watch,Neutral,Positive,Positive,Neutral,Neutral,True
"Moore claims people scared b/c Trump said he will deport convicted violent, criminals who are in the US illegally.",moore claims people scared trump said he will deport convicted violent criminals who are in the us illegally,Negative,Negative,Negative,Negative,Negative,True
@user @user @user LOL when Dems accuse other people of election rigging.,lol when dems accuse other people of election rigging,Neutral,Negative,Neutral,Negative,Negative,False
@user troy bolton the character is too young for mezac efron the person not actually v attractive imo,troy bolton the character is too young for mezac efron the person not actually attractive imo,Negative,Negative,Negative,Negative,Negative,True
@user Andrews your chance to set example.De criminalise euthanasia first in Australia,andrews your chance to set example de criminalise euthanasia first in australia,Neutral,Neutral,Neutral,Negative,Negative,False
"I might not stick to the facts, but I'll tell the truth. - @user #MiamiBookFair2016 #NBAwards",might not stick to the facts but ll tell the truth miamibookfair nbawards,Neutral,Neutral,Neutral,Neutral,Neutral,True
hands down best zac efron character,hands down best zac efron character,Positive,Positive,Positive,Positive,Positive,True
It is time the electoral college sit up and stand against it and revoke that declaration cause the world is watching. .the custodians,it is time the electoral college sit up and stand against it and revoke that declaration cause the world is watching the custodians,Neutral,Neutral,Neutral,Neutral,Neutral,True
Micro robots a les #nitslúdiques,micro robots les nitsldiques,Neutral,Positive,Neutral,Neutral,Neutral,True
@user and rightists are incapable of learning. Feeling. Or compassion.,and rightists are incapable of learning feeling or compassion,Negative,Neutral,Negative,Neutral,Neutral,False
2MB blocks mirror minimum wage problem: 1-time increase kicks the can down the road vs indexing to market#bitcoin,mb blocks mirror minimum wage problem time increase kicks the can down the road vs indexing to marketbitcoin,Neutral,Neutral,Negative,Negative,Negative,False
@user @user don't forget drone strikes 😳,has forget drone strikes,Neutral,Neutral,Negative,Negative,Negative,False
"No conflict of interest here, of course.",not conflict of interest here of course,Positive,Negative,Neutral,Positive,Positive,True
"Clinton, and again and Hillary has consequences.’” Politico: Comey’s decision to a lot of legal custom that a voter registration,",clinton and again and hillary has consequences politico comeys decision to lot of legal custom that voter registration,Neutral,Neutral,Neutral,Neutral,Neutral,True
@user @user oh slick!  Szilard have you fallen into the deep recurrent convolutional reinforcement trend learning biz lately?,oh slick szilard have you fallen into the deep recurrent convolutional reinforcement trend learning biz lately,Neutral,Neutral,Neutral,Negative,Negative,False
Maybe a generous sugar-daddy named George Soros? Just a thought...,maybe generous sugar daddy named george soros just thought,Neutral,Neutral,Neutral,Neutral,Neutral,True
More scary white supremacists trash talk!,more scary white supremacists trash talk,Negative,Neutral,Negative,Negative,Negative,True
.@WeNeedTrump  Eliminate #Obamacare √  Privatize #Medicare √  Privatize #SocialSecurity √  What #BlindTrust?√…,eliminate obamacare privatize medicare privatize socialsecurity what blindtrust,Negative,Negative,Negative,Negative,Negative,True
"@user Yeah, ima respect this Admin as much as they respected Obama's",yeah ima respect this admin as much as they respected obama,Negative,Negative,Negative,Negative,Negative,True
@user God bless you thank you for fighting bigoted Orange Hitler,god bless you thank you for fighting bigoted orange hitler,Positive,Positive,Positive,Positive,Positive,True
@user I'm liberal. These fuckwits make liberals look like conservatives. Their stupidity makes me so angry.,liberal these fuckwits let liberals look like conservatives their stupidity makes me so angry,Negative,Negative,Negative,Negative,Negative,True
@user @user Distant from the media since the results @user hasn't been celebrating Thanksgiving w/ her followers,distant from the media since the results hasn been celebrating thanksgiving her followers,Neutral,Neutral,Neutral,Neutral,Neutral,True
Presenting Seedo: World's First Fully-Automated Hydroponic Marijuana Grow System #MedicalCannabis #MedicalMarijuana,presenting seedo world first fully automated hydroponic marijuana grow system medicalcannabis medicalmarijuana,Neutral,Neutral,Positive,Neutral,Neutral,True
George Soros Exposed as Money Behind Anti-Trump Protests/Riots#tcot #pjnet #p2,george soros exposed as money behind anti trump protests riotstcot pjnet,Negative,Negative,Negative,Negative,Negative,True
"US Neo-Nazi Richard Spencer is married to @user from #Russia, who is Dugin's translator & pro#Kremlin trol…",us neo nazi richard spencer is married to from russia who is dugin translator prokremlin trol,Negative,Negative,Negative,Negative,Negative,True
Video: Neymar doing the special exercise #fcblive [via @user,video neymar doing the special exercise fcblive via,Neutral,Neutral,Neutral,Neutral,Neutral,True
Perbandingan antara Messi dan Michael Jordan. #fcblive [Sport]Just enjoy this Data.😀😀,perbandingan antara messi dan michael jordan fcblive sport just enjoy this data,Neutral,Neutral,Positive,Neutral,Neutral,True
L L L #ZacEfron #Fashion 2007 Magazine photo of Zac Efron (031812) #Actor #BestSeller,zacefron fashion magazine photo of zac efron actor bestseller,Neutral,Neutral,Neutral,Neutral,Neutral,True
Hey #Trump holes.. so he is try to drain swamp by putting up exclusive members only luxury condos,hey trump holes so he is try to drain swamp by putting up exclusive members only luxury condos,Negative,Negative,Negative,Negative,Negative,True
#Aleppo : Opposition have taken 25 Iranians prisoner including a high-ranking officer.,aleppo opposition have taken iranians prisoner including high ranking officer,Neutral,Neutral,Neutral,Neutral,Neutral,True
@user @user that's rich coming from Labour after the Medicare lies you shower of con men lying to the elderly for shame,that rich coming from labour after the medicare lies you shower of con men lying to the elderly for shame,Negative,Neutral,Negative,Negative,Negative,True
Use of HTC VIVE Virtual Reality-My Experience with Google Earth VR,use of htc vive virtual reality my experience with google earth vr,Neutral,Positive,Neutral,Neutral,Neutral,True
.Humans suffer too from the inaccuracies and delays of treatments due to animal testing #CambridgeKillers,humans suffer too from the inaccuracies and delays of treatments due to animal testing cambridgekillers,Negative,Negative,Negative,Negative,Negative,True
Just seen the season finale for westworld and wow... This show is…,just seen the season finale for westworld and wow this show is,Positive,Positive,Positive,Positive,Positive,True
@user @user As gay man I'm appalled at Democrats doing nothing. Gay marriage Hillary & Obama were against until it was safe,as gay man appalled at democrats doing nothing gay marriage hillary obama were against until it was safe,Negative,Negative,Negative,Negative,Negative,True
The latest Google Earth News! Thanks to @user @user @user #googlemaps #vr,the latest google earth news thanks to googlemaps vr,Neutral,Positive,Positive,Neutral,Neutral,True
The TPP is dead: we the People defeated transnational corporate power,the tpp is dead we the people defeated transnational corporate power,Negative,Negative,Negative,Negative,Negative,True
Justin Verlander Ultimate 2015 Highlights #MLB #Verlander,justin verlander ultimate highlights mlb verlander,Neutral,Neutral,Neutral,Positive,Positive,False
The US-led coalition forces launched 24 airstrikes against #ISIS sites in #Iraq and #Syria. ##MosulOps…,the us led coalition forces launched airstrikes against isis sites in iraq and syria mosulops,Neutral,Neutral,Neutral,Neutral,Neutral,True
@user Ben Carson hasn't mastered walking onstage after an introduction. Your bio domain is DOA.Muting...,ben carson hasn mastered walking onstage after an introduction your bio domain is doa muting,Negative,Neutral,Negative,Negative,Negative,True
@user You just complimented Kim Fatty the Third.,you just complimented kim fatty the third,Neutral,Negative,Negative,Neutral,Neutral,True
ICYMI: Obamacare: Selling of the 'Cadillac Tax' - The Biggest Health Scam in US History #tcot #ccot #tlot #lnyhbt #J,icymi obamacare selling of the cadillac tax the biggest health scam in us history tcot ccot tlot lnyhbt,Negative,Neutral,Negative,Negative,Negative,True
"President Poroshenko awarded 56 ATO participants, most-posthumously",president poroshenko awarded ato participants most posthumously,Neutral,Negative,Negative,Positive,Positive,False
This is no time for unity -- Trump must be confronted with relentless protest,this is not time for unity trump must be confronted with relentless protest,Negative,Negative,Negative,Negative,Negative,True
"""Trump leadership picks just get worse and worse"" With Trump’s selection of Breitbart News darling Steve Bannon as…",trump leadership picks just get worse and worse with trumps selection of breitbart news darling steve bannon as,Negative,Neutral,Negative,Negative,Negative,True
@user Being gay isn't a choice!!!!! A panel of gays including Anderson Cooper and Ricky Martin decide your fate,being gay isn choice panel of gays including anderson cooper and ricky martin decide your fate,Negative,Neutral,Neutral,Negative,Negative,True
SputnikInt: .NicolasMaduro puts responsibility for #Venezuela's currency drop on US,sputnikint nicolasmaduro puts responsibility for venezuela currency drop on us,Neutral,Neutral,Neutral,Negative,Negative,False
Fact 4:Trump is adding white supremacists to his teamFact 5: Trump is attacking the fundamental right of freedom o…,fact trump is adding white supremacists to his teamfact trump is attacking the fundamental right of freedom,Negative,Negative,Negative,Negative,Negative,True
On Air: Bob Dylan - Everything Is Broken. Listen now AAC: or MP3:,on air bob dylan everything is broken listen now aac or mp,Neutral,Neutral,Negative,Neutral,Neutral,True
Pelosi Dear Colleague: Update on Conversations About Our Path Moving Forward via @user,pelosi dear colleague update on conversations about our path moving forward via,Neutral,Neutral,Neutral,Neutral,Neutral,True
Interesting juxtaposition of story & image as Kim Jong-un has just demanded more involuntary volunteer work from Women's Union vs. sanctions,interesting juxtaposition of story image as kim jong un has just demanded more involuntary volunteer work from women union vs sanctions,Neutral,Neutral,Neutral,Neutral,Neutral,True
BREAKING: Paul Ryan & GOP Announce Plan To DRASTICALLY Cut Health Care (DETAILS),breaking paul ryan gop announce plan to drastically cut health care details,Negative,Neutral,Neutral,Negative,Negative,True
"He didn't fight anything, that's his excuse, just like it was Chávez's excuse and it's Maduro's excuse.",he didn fight anything that his excuse just like it was chvez excuse and it maduro excuse,Negative,Negative,Negative,Negative,Negative,True
"@user Sir, if you look into where this money is coming from. It's probably from George Soros. Trying to steal the election.",sir if you look into where this money is coming from it probably from george soros trying to steal the election,Negative,Negative,Negative,Negative,Negative,True
Sure! Carson could do the job worse than anyone! More controversy means more eyeballs!,sure carson could do the job worse than anyone more controversy means more eyeballs,Negative,Neutral,Negative,Negative,Negative,True
@user @user @user pesky nukes. Don't forget Trump skirted embargo in Cuba. Sad!,pesky nukes has forget trump skirted embargo in cuba sad,Negative,Negative,Negative,Negative,Negative,True
it makes me so mad that I didn't realize it wasn't Zac efron's voice in HSM,it makes me so mad that didn realize it wasn zac efron voice in hsm,Negative,Positive,Neutral,Negative,Negative,True
From the Turing Test to #deeplearning: Artificial #Intelligence Goes Mainstreamhttps://t.co/VAvp2zVyE3,from the turing test to deeplearning artificial intelligence goes mainstream,Neutral,Neutral,Neutral,Neutral,Neutral,True
@user @user Fake news like FBI director Comey put out right before the election.,fake news like fbi director comey put out right before the election,Negative,Neutral,Negative,Negative,Negative,True
Very dense fog and some icy patches on roads in North Tipp and Offaly tonight #drivecarefully,very dense fog and some icy patches on roads in north tipp and offaly tonight drivecarefully,Neutral,Neutral,Positive,Negative,Negative,False
"""Steve Bannon and Identity Politics""  #law+ policy #feedly",steve bannon and identity politics law policy feedly,Neutral,Neutral,Neutral,Neutral,Neutral,True
@user @user soooo nice 😍,soooo nice,Positive,Positive,Positive,Positive,Positive,True
@user @user English was anti gay marriage 3 years agoThat's not that long agoI'd want to know his attitudes have changed,english was anti gay marriage years agothat not that long agoi want to know his attitudes have changed,Neutral,Negative,Neutral,Neutral,Neutral,True
Classic Homeopathic Medicine & the Treatment of #Eczemaby Robert J. Signorehttps://t.co/AVbTNVIeQr#Homeopathy,classic homeopathic medicine the treatment of eczemaby robert signore,Neutral,Neutral,Neutral,Neutral,Neutral,True
#MuhammadAli MUHAMMAD ALI AUTOGRAPHED #PhotoGRAPH with Earnie Shavers - Double COA's Included #Legend #Boxer,muhammadali muhammad ali autographed photograph with earnie shavers double coa included legend boxer,Neutral,Neutral,Neutral,Neutral,Neutral,True
"RT @user When they're literally doing a Nazi salute you don't have to fudge and call them ""alt right""",when they re literally doing nazi salute you has have to fudge and call them alt right,Neutral,Negative,Negative,Negative,Negative,False
Trump has been the recipient of generous political contributions from Energy Transfer chief executive Kelcy Warren.,trump has been the recipient of generous political contributions from energy transfer chief executive kelcy warren,Neutral,Neutral,Neutral,Neutral,Neutral,True
"""who's the most wiped out white boy? Zac Efron! Zac Efron!""",who the most wiped out white boy zac efron zac efron,Neutral,Neutral,Neutral,Neutral,Neutral,True
Part of @user history w/ Cuba #hypocrite @user,part of history cuba hypocrite,Negative,Neutral,Neutral,Negative,Negative,True
You Can’t Take an Uber Home From These Airports #traveltips #travel #uber,you cant take an uber home from these airports traveltips travel uber,Neutral,Neutral,Negative,Neutral,Neutral,True
Microsoft is extending it's reach and joining the Linux Foundation. Read about it here!,microsoft is extending it reach and joining the linux foundation read about it here,Neutral,Positive,Neutral,Negative,Negative,False
"@user I am angry coz there's way to 100% clean ALL fracking H20 gas oil spills, abandoned wells but Sioux refused to hear about it",am angry coz there way to clean all fracking gas oil spills abandoned wells but sioux refused to hear about it,Negative,Neutral,Negative,Negative,Negative,True
LIAAAAAM OMG!!  🔥🔥🔥I JIST CAN'T.. I'M LOSING MY SHIT HERE OHSSKXVSJSB#LiamPayne #OneDirection #1D…,liaaaaam omg jist can losing my shit here ohsskxvsjsbliampayne onedirection,Positive,Negative,Negative,Negative,Negative,False
Homeopathy gave my triplets allergies!,homeopathy gave my triplets allergies,Negative,Positive,Neutral,Neutral,Neutral,False
Alsace Township planners add medical marijuana rules,alsace township planners add medical marijuana rules,Neutral,Neutral,Neutral,Neutral,Neutral,True
"""Microsoft has joined the Linux Foundation as a Platinum member.""https://t.co/nomXpaUr73via @user",microsoft has joined the linux foundation as platinum member,Neutral,Positive,Neutral,Neutral,Neutral,True
"@user Here's evidence that the neocon elite don't like Steve Bannon. If he did what Henry Kissinger wanted, you'd change tack.",here evidence that the neocon elite has like steve bannon if he did what henry kissinger wanted you change tack,Neutral,Neutral,Neutral,Neutral,Neutral,True
Feeling some Leonard Cohen tonight,feeling some leonard cohen tonight,Neutral,Neutral,Positive,Positive,Positive,False
Half the time I want to let the conservatives get everything they want so they can't blame anybody but themselves when it all goes to shit,half the time want to let the conservatives get everything they want so they can blame anybody but themselves when it all goes to shit,Negative,Negative,Negative,Negative,Negative,True
3D Printed Robots Walk Their Way to Success:,printed robots walk their way to success,Positive,Negative,Positive,Positive,Positive,True
“Pharmaceutical companies are being affected by these lower numbers in so many states across the country.”,pharmaceutical companies are being affected by these lower numbers in so many states across the country,Negative,Negative,Negative,Negative,Negative,True
"Remember, it always comes in three's ... Florence Henderson, Fidel Castro and the next will be .......Cross your fi…",remember it always comes in three florence henderson fidel castro and the next will be cross your fi,Negative,Neutral,Neutral,Neutral,Neutral,False
WRONG MAN for U.S.A.!!! #NotWhatWeVotedFor #NeverRomney @user @user @user,wrong man for notwhatwevotedfor neverromney,Negative,Positive,Negative,Negative,Negative,True
"Super-simple Google Earth VR ""tour"" generator, for marking locations into GEVR before you …",super simple google earth vr tour generator for marking locations into gevr before you,Neutral,Positive,Neutral,Neutral,Neutral,True
Good to see Microsoft supporting the open source community,good to see microsoft supporting the open source community,Positive,Positive,Positive,Positive,Positive,True
ask them what they'd feel if Brexit was called off now...,ask them what they feel if brexit was called off now,Neutral,Negative,Negative,Neutral,Neutral,True
Trump Himself Is A Conflict Of Interest & Not Just His Business. Trump's On A Honeymoon Now With His Transition Team & Everything Looks Rosy,trump himself is conflict of interest not just his business trump on honeymoon now with his transition team everything looks rosy,Negative,Neutral,Negative,Negative,Negative,True
@user #hatchimals #BlackFriday My daughter would love this 😂,hatchimals blackfriday my daughter would love this,Positive,Positive,Positive,Positive,Positive,True
Anyone who bothered to find out anything about #Brexit knew there would be a legal process. It's not a 'threat to the people's voice',anyone who bothered to find out anything about brexit knew there would be legal process it not threat to the people voice,Neutral,Negative,Negative,Neutral,Neutral,True
It could all be true and @user  @user Drone strikes & flying around on Air Force 1 has caused it!,it could all be true and drone strikes flying around on air force has caused it,Negative,Neutral,Negative,Negative,Negative,True
I just added replica 2016 Gold Cup and NAG BMX plates to the website.  They can be ordered as a standard pvc...,just added replica gold cup and nag bmx plates to the website they can be ordered as standard pvc,Neutral,Neutral,Neutral,Neutral,Neutral,True
I really want to exempt my History final but this essay I wrote sucks worst than Melania Trump's speech 😭😭😭,really want to exempt my history final but this essay wrote sucks worst than melania trump speech,Negative,Negative,Negative,Negative,Negative,True
Okay but the one drummer looked a lot like Justin Verlander. #OnePride #Lionshalftime,okay but the one drummer looked lot like justin verlander onepride lionshalftime,Neutral,Neutral,Neutral,Positive,Positive,False
#Breaking #ISIS#IraqiForces #Mosul #IraqRepelled #Rafidi Mobilization Attempt to Advance on #Masayid Village Nort…,breaking isisiraqiforces mosul iraqrepelled rafidi mobilization attempt to advance on masayid village nort,Neutral,Neutral,Neutral,Neutral,Neutral,True
"@user So has Barrack Obama in 2012, pope Francis in 2013, Angela Markel in 2015, oh Mamata Banerjee 2012 Time 100: most influntl prson.",so has barrack obama in pope francis in angela markel in oh mamata banerjee time most influntl prson,Neutral,Negative,Negative,Neutral,Neutral,True
THAT CALIFORNIA GOLDEN STATE WANTS THE GOLD STANDARD BACK NOT A PRIVATELY RUN DEBT COLLECTOR @user,that california golden state wants the gold standard back not privately run debt collector,Neutral,Neutral,Neutral,Negative,Negative,False
"YOUNG MAN SEEKS EUTHANASIA FOR MENTAL ILLNESS PAIN. WILL CBD HELP? November 28, 2016, Adam Maier-Clayton posts...",young man seeks euthanasia for mental illness pain will cbd help november adam maier clayton posts,Negative,Neutral,Negative,Negative,Negative,True
@user daughter swears he's almost 10. I don't believe n euthanasia for ppl.As a nurse I've seen too much death not to believe that,daughter swears he almost has believe euthanasia for people as nurse ve seen too much death not to believe that,Neutral,Negative,Negative,Negative,Negative,False
"Published on Nov 18, 2016Speech by Stephen K. Bannon (Steve Bannon), Donald Trump's senior strategic advisor and...",published on nov speech by stephen bannon steve bannon donald trump senior strategic advisor and,Neutral,Neutral,Neutral,Neutral,Neutral,True
#Libya: Tribes in Sabha agree a 72-hour truce#Arab24 #عرب٢٤https://t.co/bRg5H3UPjA,libya tribes in sabha agree hour trucearab,Neutral,Neutral,Neutral,Neutral,Neutral,True
"Yay, avocado smashers!!! make gun control tight tight tight!!!!!",yay avocado smashers let gun control tight tight tight,Neutral,Neutral,Neutral,Positive,Positive,False
Kim Fatty the Third??? The same guy who fed his family to dogs?,kim fatty the third the same guy who fed his family to dogs,Negative,Negative,Negative,Negative,Negative,True
shitty but litty thanksgiving w mel 💘 @user,shitty but litty thanksgiving mel,Negative,Neutral,Positive,Negative,Negative,True
"so if the Electoral College goes with Clinton, all the #Trump folks will have their turn to hypocritically whine, complain, and protest...",so if the electoral college goes with clinton all the trump folks will have their turn to hypocritically whine complain and protest,Negative,Neutral,Negative,Negative,Negative,True
@user I had some of Persona 5 ruined by a YT comment too. At least I think I did. I don't fancy googling it.,had some of persona ruined by yt comment too at least think did has fancy googling it,Negative,Neutral,Negative,Negative,Negative,True
@user it's gotta be Grayson Allen. Has Redick hateability and makes goofy schyer-face.,it gotta be grayson allen has redick hateability and makes goofy schyer face,Negative,Neutral,Neutral,Negative,Negative,True
Tiger Bites 2016 Highlights: Justin Verlander's Season Highlights (HD) -,tiger bites highlights justin verlander season highlights hd,Neutral,Neutral,Neutral,Neutral,Neutral,True
$ADVT NEWS COMING- Signs Distribution Agreement with California's Largest Medical Marijuana Delivery Service #MJhttps://t.co/L9Om9QLvRh,advt news coming signs distribution agreement with california largest medical marijuana delivery service mj,Neutral,Neutral,Neutral,Neutral,Neutral,True
Kim fatty the third 😂😂😂 @ CSIS | Center for Strategic & International Studies,kim fatty the third csis center for strategic international studies,Negative,Negative,Negative,Negative,Negative,True
People relate with people like them.They share ideologies and philosophies!#StillWithHer,people relate with people like them they share ideologies and philosophies stillwithher,Positive,Negative,Positive,Positive,Positive,True
"Ok. We're supposed to be door mats and let the likes of Donald Trump, Steve Bannon, and Jeff Sessions walk all over us.",ok we re supposed to be door mats and let the likes of donald trump steve bannon and jeff sessions walk all over us,Negative,Neutral,Negative,Negative,Negative,True
@user News from the US The statues of liberty has left the country in protest against Trump.,news from the us the statues of liberty has left the country in protest against trump,Negative,Neutral,Negative,Neutral,Neutral,False
Happy #Spanksgiving from the #Bitangstaz-- you know we had to do the #mannequinchallenge lol!…,happy spanksgiving from the bitangstaz you know we had to do the mannequinchallenge lol,Positive,Positive,Positive,Positive,Positive,True
@user @user @user @user @user dose is the key here. Tin foil hats are more evil.,dose is the key here tin foil hats are more evil,Negative,Negative,Negative,Negative,Negative,True
Lets watch this #FantasticBeasts,lets watch this fantasticbeasts,Neutral,Positive,Positive,Positive,Positive,False
POTUS You mean all the ones you created through your illegal wars & genocide across the Middle East?#Libya #Syria #Yemen,potus you mean all the ones you created through your illegal wars genocide across the middle east libya syria yemen,Negative,Negative,Negative,Negative,Negative,True
I liked a @user video Andrea Gibson- I Do (Gay [Queer] Marriage Poem),liked video andrea gibson do gay queer marriage poem,Positive,Positive,Positive,Positive,Positive,True
I hate when companies create a #falsedemand; this is a #marketing ploy often utilized this time of yr. Examples: #Hatchimals & #NintendoNES,hate when companies create falsedemand this is marketing ploy often utilized this time of yr examples hatchimals nintendones,Neutral,Negative,Neutral,Negative,Negative,False
@user @user @user Traitor closet 👳🏿🖕🏻🐍Obama Sends Sickening Surprise to Town That Rejected Mosque #tcot,traitor closet obama sends sickening surprise to town that rejected mosque tcot,Negative,Neutral,Negative,Negative,Negative,True
Watched @user interview on the @user show. He's such a amazing human being and so grounded. He's demeanour moved me😢,watched interview on the show he such amazing human being and so grounded he demeanour moved me,Positive,Neutral,Positive,Positive,Positive,True
He gets on my nerves,he gets on my nerves,Negative,Negative,Negative,Negative,Negative,True
"Social science in action, case study: Oregon voting. Opt-out, not opt-in, to achieve high rates of participation.",social science in action case study oregon voting opt out not opt in to achieve high rates of participation,Neutral,Neutral,Neutral,Neutral,Neutral,True
"OK it's Friday, time for some end of the week fun. Try the #mannequinchallenge & strike a pose…",ok it friday time for some end of the week fun try the mannequinchallenge strike pose,Positive,Positive,Positive,Positive,Positive,True
@user hey did you hear that the popular vote is up 2MM for Hillary and it doesn't mean shit?,hey did you hear that the popular vote is up mm for hillary and it doesn mean shit,Negative,Negative,Negative,Negative,Negative,True
(Global News):#Hatchimals craze causes frustration as demand outstrips supply : The..,global news hatchimals craze causes frustration as demand outstrips supply the,Negative,Neutral,Negative,Negative,Negative,True
THE FRAY: Bibi vs BG  #Netanyahu #Obama #BibiNetanyahu #BarackObama #Gaza #Hezbollah #Israel #Palestinian,the fray bibi vs bg netanyahu obama bibinetanyahu barackobama gaza hezbollah israel palestinian,Neutral,Negative,Neutral,Neutral,Neutral,True
Israel 'directly targeted' children in drone strikes on Gaza: rights group  #gaza #palestine #israel #BDS,israel directly targeted children in drone strikes on gaza rights group gaza palestine israel bds,Negative,Neutral,Neutral,Neutral,Neutral,False
Here's hoping Victoria heeds the call this week. #assisteddying #voluntary #euthanasia,here hoping victoria heeds the call this week assisteddying voluntary euthanasia,Neutral,Neutral,Neutral,Neutral,Neutral,True
Yep arrogance and the Guardian writes a truth.Hooray!,yep arrogance and the guardian writes truth hooray,Neutral,Neutral,Neutral,Neutral,Neutral,True
"The utterly brilliant @user #Bromley do the #MannequinChallenge, all for @user",the utterly brilliant bromley do the mannequinchallenge all for,Positive,Positive,Positive,Positive,Positive,True
Google Earth VR – Our World as a Virtual Reality Playground and Resource #inst525,google earth vr our world as virtual reality playground and resource inst,Positive,Neutral,Neutral,Neutral,Neutral,False
Learning about deep learning is a deep learning.,learning about deep learning is deep learning,Neutral,Neutral,Neutral,Neutral,Neutral,True
Why do parents refuse to vaccinate their children? #AndrewWakefield,why do parents refuse to vaccinate their children andrewwakefield,Negative,Negative,Negative,Negative,Negative,True
Introduction to 3D Printing #3D #Printing,introduction to printing printing,Neutral,Neutral,Neutral,Neutral,Neutral,True
tax relief under #PEOTUS. is this what you're fighting liberals? or is it your access to #abortion? #tcot,tax relief under peotus is this what you re fighting liberals or is it your access to abortion tcot,Neutral,Neutral,Negative,Neutral,Neutral,True
"More on ""voter suppression operations"" and ""Facebook dark posts"".",more on voter suppression operations and facebook dark posts,Negative,Negative,Neutral,Negative,Negative,True
Note 5 ve Galaxy Tab S2 Android 7.0 Alacak! -,note ve galaxy tab android alacak,Neutral,Neutral,Neutral,Neutral,Neutral,True
@user @user She's hard to get rid of. Deplorables are sticky little devils.,she hard to get rid of deplorables are sticky little devils,Negative,Neutral,Negative,Negative,Negative,True
#Rich 15 Stunning Photos Of A Young Melania Trump,rich stunning photos of young melania trump,Positive,Neutral,Neutral,Positive,Positive,True
#onedirection #doctorwho #harrystyles Doctor Who London Telephone Booth Poster,onedirection doctorwho harrystyles doctor who london telephone booth poster,Neutral,Neutral,Neutral,Neutral,Neutral,True
@user @user same excuses & reactions for fracking.,same excuses reactions for fracking,Neutral,Neutral,Neutral,Neutral,Neutral,True
Dr. Tim Robinson Believes that Integrating #Homeopathy into His Medical Practice has Made Him a Better Doctorhttps://t.co/eCGIdN2xRL,dr tim robinson believes that integrating homeopathy into his medical practice has made him better doctor,Positive,Neutral,Neutral,Positive,Positive,True
Obviously the elite's and media's enemies now are:.conservatives on the right wing.pro-freedom self thinkers on t…,obviously the elite and media enemies now are conservatives on the right wing pro freedom self thinkers on,Negative,Neutral,Negative,Negative,Negative,True
Vitamin C proven to cure over 30 major diseaseshttps://t.co/1ajqtxMeXu#conservatives #survivlaist #survivalsituation,vitamin proven to cure over major diseases survivlaist survivalsituation,Neutral,Neutral,Neutral,Neutral,Neutral,True
How The Booming Fake News Biz Proves That Liberals Are Just Smarter Than Conservatives,how the booming fake news biz proves that liberals are just smarter than conservatives,Negative,Negative,Negative,Negative,Negative,True
HIGHLIGHT: #NCAAM Grayson Allen leads Duke past William & Mary #WMvsDUKE,highlight ncaam grayson allen leads duke past william mary wmvsduke,Neutral,Neutral,Neutral,Neutral,Neutral,True
New Low for Dems-@pattonoswalt encourages Terrorists to attack PresidentElect's properties @user @user,new low for dems encourages terrorists to attack presidentelect properties,Negative,Positive,Negative,Negative,Negative,True
@user @user Depressing how many people deluded that Supreme Court are deciding whether Brexit referendum is overturned,depressing how many people deluded that supreme court are deciding whether brexit referendum is overturned,Negative,Negative,Negative,Negative,Negative,True
"@user @user @user @user @user I wouldn't know about any rightists in gov, cucks yes, but no rightists",wouldn know about any rightists in gov cucks yes but not rightists,Negative,Neutral,Negative,Neutral,Neutral,False
Here's our #BeautyAndTheBeast trailer breakdown:,here our beautyandthebeast trailer breakdown,Positive,Positive,Neutral,Neutral,Neutral,False
"Robots, radioactive waste - what happens next at Chernobyl",robots radioactive waste what happens next at chernobyl,Negative,Positive,Neutral,Negative,Negative,True
@user @user @user @user You mean like Nancy Pelosi making millions on insider trading from her House sources?,you mean like nancy pelosi making millions on insider trading from her house sources,Neutral,Neutral,Neutral,Neutral,Neutral,True
@user @user the video wasn't aimed about gun control rather mental issues that this young boy struggle w/,the video wasn aimed about gun control rather mental issues that this young boy struggle,Negative,Neutral,Negative,Negative,Negative,True
"@user Fossil fuels are as problematic,but as they are finite it makes sense to improve on other sources that are not. #JustConversing",fossil fuels are as problematic but as they are finite it makes sense to improve on other sources that are not justconversing,Neutral,Negative,Neutral,Negative,Negative,False
"#UsefulNewVerb  You can't come up with your own speech, so you Melania somebody else's speech.",usefulnewverb you can come up with your own speech so you melania somebody else speech,Negative,Negative,Negative,Negative,Negative,True
"Fires near 'Abu Ghosh', northwest of occupied Jerusalem.#israelisburning #Palestine",fires near abu ghosh northwest of occupied jerusalem israelisburning palestine,Neutral,Neutral,Neutral,Neutral,Neutral,True
Spider-Man: Top 5 Actors To Play Kraven The Hunter -,spider man top actors to play kraven the hunter,Neutral,Neutral,Neutral,Neutral,Neutral,True
@user I'm out of ideas... Please help me with a cart for a #Hatchimals 😳,out of ideas please help me with cart for hatchimals,Neutral,Neutral,Neutral,Neutral,Neutral,True
There's a lot of birthdays this week. Happy Valentines Day!!!!,there lot of birthdays this week happy valentines day,Positive,Positive,Positive,Positive,Positive,True
Mommy's here #FBNewt #FantasticBeasts,mommy here fbnewt fantasticbeasts,Positive,Neutral,Positive,Positive,Positive,True
Buy VAMAA 3D Printing Pen 1.75mm ABS Filament 10m (0.25*40 Strands) (Snow White) at Rs. 299.00,buy vamaa printing pen mm abs filament strands snow white at rs,Neutral,Neutral,Neutral,Neutral,Neutral,True
"Giving Thanks for Foster Campbell,  We need 1 more Dem in the Senate to save Soc Sec,   Medicare & Medicaid .https://t.co/34UILEKTS1  VOTE!",giving thanks for foster campbell we need more them in the senate to save soc sec medicare medicaid vote,Positive,Neutral,Negative,Neutral,Neutral,False
#ThankYouObama 4everything!This @user special's giving me so much happiness in this moment. Beyond that I'm a mess;anxious &already grieving!,thankyouobama everything this special giving me so much happiness in this moment beyond that mess anxious already grieving,Positive,Positive,Positive,Positive,Positive,True
"@user The dividing lines that these new fascists draw around themselves are bizarre, but they do exist:",the dividing lines that these new fascists draw around themselves are bizarre but they do exist,Negative,Neutral,Neutral,Negative,Negative,True
Samsung SDI Lost After Galaxy Note 7 Recall #Samsung SDI,samsung sdi lost after galaxy note recall samsung sdi,Negative,Neutral,Negative,Negative,Negative,True
man that westworld finale. it only took 10+ hours but i can finally say i know the plot of the show.,man that westworld finale it only took hours but can finally say know the plot of the show,Positive,Neutral,Neutral,Positive,Positive,True
tony romo would have made that throw,tony romo would have made that throw,Positive,Neutral,Neutral,Neutral,Neutral,False
"OmTime magazine named Mahatma Gandhi Person of the year in 1930,Pope Francis in 2013,.A Person who has done good o…",omtime magazine named mahatma gandhi person of the year in pope francis in person who has done good,Neutral,Neutral,Neutral,Neutral,Neutral,True
@user Debugging and testing AI and deep learning systems!,debugging and testing ai and deep learning systems,Neutral,Neutral,Neutral,Neutral,Neutral,True
Here's Obama legacy; we started his presidency with 3 wars and we end it with 7! & drone strikes; & Hillary wanted…,here obama legacy we started his presidency with wars and we end it with drone strikes hillary wanted,Negative,Negative,Negative,Negative,Negative,True
"""When we’re supposed to be talking about diversity for women, it feels purpose-defeating."" —@theashleygraham",when were supposed to be talking about diversity for women it feels purpose defeating,Neutral,Negative,Negative,Neutral,Neutral,True
Fuck you and your bougie dog you nazi,fuck you and your bougie dog you nazi,Negative,Negative,Negative,Negative,Negative,True
Read more about our 'Orange' initiative in today's Khaleej Times edition!#SpeakUpae #OrangeTheWorld #16Days…,read more about our orange initiative in today khaleej times edition speakupae orangetheworld days,Neutral,Positive,Neutral,Neutral,Neutral,True
"Celine sing again, please#BeautyAndTheBeast",celine sing again pleasebeautyandthebeast,Positive,Positive,Neutral,Positive,Positive,True
when u start eating thanksgiving dinner before u say grace & ur grandma catches u,when start eating thanksgiving dinner before say grace ur grandma catches,Positive,Neutral,Positive,Positive,Positive,True
Conservatives and liberals alike hate science. Y'all really do. Y'all believe in homeopathy and chiropractic but not in vaccines,conservatives and liberals alike hate science all really do all believe in homeopathy and chiropractic but not in vaccines,Negative,Negative,Negative,Negative,Negative,True
Tesla Model S named 'Most important car of the last 20 years' by The Telegraph,tesla model named most important car of the last years by the telegraph,Positive,Neutral,Positive,Positive,Positive,True
i just got a twitter thats seriously upset over fidel castro's son,just got twitter thats seriously upset over fidel castro son,Negative,Neutral,Negative,Negative,Negative,True
Ricktatorship by TheMeeDes #art #illustration #popculture #coolpopsart #popart #thewalkingdead #rickgrimes,ricktatorship by themeedes art illustration popculture coolpopsart popart thewalkingdead rickgrimes,Neutral,Neutral,Neutral,Neutral,Neutral,True
Discussing Catholic Faith and Pope Francis Live On Radio... #catholic,discussing catholic faith and pope francis live on radio catholic,Neutral,Neutral,Neutral,Neutral,Neutral,True
@user #isis and #BlackLivesMatter beware. It's now legal for #americans to protect themselves in this…,isis and blacklivesmatter beware it now legal for americans to protect themselves in this,Negative,Negative,Negative,Negative,Negative,True
#Lebanon halts construction of 'security wall' around Ain al-Hilweh refugee camp #Palestine,lebanon halts construction of security wall around ain al hilweh refugee camp palestine,Neutral,Neutral,Neutral,Neutral,Neutral,True
'Homeopathy is not about small white pills or placebo. It is a profound process where you will feel fully...,homeopathy is not about small white pills or placebo it is profound process where you will feel fully,Neutral,Negative,Neutral,Neutral,Neutral,True
"If Intel Community was aware of RUSSIA efforts to MANIPULATE election, Why COMEY didn't disclosed, but was eager to talk about Emails B.S.?",if intel community was aware of russia efforts to manipulate election why comey didn disclosed but was eager to talk about emails,Neutral,Neutral,Neutral,Negative,Negative,False
...it's called fake science. Corporations getting vaccines past the FDA because they lobby Congress. Start hanging…,it called fake science corporations getting vaccines past the fda because they lobby congress start hanging,Negative,Negative,Negative,Negative,Negative,True
Israeli demolition of Palestinian woman's home 'a double crime' via @user #gaza #palestine #israel #BDS,israeli demolition of palestinian woman home double crime via gaza palestine israel bds,Negative,Neutral,Negative,Neutral,Neutral,False
She totally Melania'd that speech #UsefulNewVerbs,she totally melania that speech usefulnewverbs,Negative,Neutral,Negative,Negative,Negative,True
The Spanish treasury plans to hold allegations against Cristiano Ronaldo appropriately. #reportingsporthttps://t.co/6ay95680OV,the spanish treasury plans to hold allegations against cristiano ronaldo appropriately reportingsport,Neutral,Neutral,Neutral,Neutral,Neutral,True
Microsoft and Linux. A match made in heaven.,microsoft and linux match made in heaven,Positive,Positive,Positive,Positive,Positive,True
#Best #Toy #Transformers Robots In Disguise One-Step Changers Autobot Drift #Figure #Toys…,best toy transformers robots in disguise one step changers autobot drift figure toys,Neutral,Positive,Positive,Neutral,Neutral,True
#BlackLivesmatter is it any wonder why cops are wary and ready to shoot first. It's not an easy job to protect the…,blacklivesmatter is it any wonder why cops are wary and ready to shoot first it not an easy job to protect the,Neutral,Negative,Neutral,Neutral,Neutral,True
"such sweet boys, don't you agree pope francis...you demonic fuck!",such sweet boys has you agree pope francis you demonic fuck,Negative,Positive,Negative,Negative,Negative,True
"CCFA thinks homeopathy and ""energy medicine"" are valid treatment options, go call them out",ccfa thinks homeopathy and energy medicine are valid treatment options will call them out,Neutral,Neutral,Neutral,Neutral,Neutral,True
MARINE Le Pen and a host of right-wing politicians have heaped praise upon Italy’s decision to reject Matteo Ren...,marine le pen and host of right wing politicians have heaped praise upon italys decision to reject matteo ren,Neutral,Neutral,Neutral,Neutral,Neutral,True
@user Since Pope Francis wrote AL he has every right to tell those who enquiry whether their interpretation is correct or not!,since pope francis wrote al he has every right to tell those who enquiry whether their interpretation is correct or not,Neutral,Negative,Neutral,Neutral,Neutral,True
#British firms warned of #ISIS chemical #drone strikes,british firms warned of isis chemical drone strikes,Neutral,Neutral,Negative,Neutral,Neutral,True
@user  When you #DrainTheswamp you will find Illegals swarming pile of Romney & hiding under every Bush,when you draintheswamp you will find illegals swarming pile of romney hiding under every bush,Negative,Negative,Negative,Negative,Negative,True
"#Palestinian ministry of health announces death of man shot earlier by #IsraeliForces in Shuafat #refugee camp, illegaly annexxed #Jerusalem",palestinian ministry of health announces death of man shot earlier by israeliforces in shuafat refugee camp illegaly annexxed jerusalem,Neutral,Neutral,Neutral,Neutral,Neutral,True
"Pope Francis reminds us that the time has come for us Catholics to bite the bullet, and prove our mettle.",pope francis reminds us that the time has come for us catholics to bite the bullet and prove our mettle,Neutral,Positive,Neutral,Neutral,Neutral,True
"Todd Staples: “We have an unprecedented level of energy security now."" #fracking #shale",todd staples we have an unprecedented level of energy security now fracking shale,Neutral,Neutral,Neutral,Neutral,Neutral,True
"Donald duck ,I mean to say,not my President. He's a hippocrite.He don't believe in Jesus,and he's a perpetrator.Wise up electoral college",donald duck mean to say not my president he hippocrite he has believe in jesus and he perpetrator wise up electoral college,Negative,Negative,Positive,Negative,Negative,True
The crazy thing is so many white leftists believe this bullshit,the crazy thing is so many white leftists believe this bullshit,Negative,Negative,Negative,Negative,Negative,True
@user You are a stand up guy and a Gentleman Vice President Pence,you are stand up guy and gentleman vice president pence,Positive,Negative,Positive,Positive,Positive,True
"@user I'm still with you 💯 and no matter what the networks say, you are a hero to all of us & the real winner #StillWithHer",still with you and not matter what the networks say you are hero to all of us the real winner stillwithher,Positive,Negative,Positive,Positive,Positive,True
@user George Soros needs to go with him.,george soros needs to will with him,Neutral,Neutral,Neutral,Neutral,Neutral,True
📸 | Messi presenting his new boots today. #FCBlive,messi presenting his new boots today fcblive,Neutral,Positive,Neutral,Neutral,Neutral,True
"Days before new Michigan medical marijuana laws, industry gets ready",days before new michigan medical marijuana laws industry gets ready,Neutral,Neutral,Neutral,Neutral,Neutral,True
@user @user loooooooooool yea if you're willing to fuck Roger Ailes for a job @user,loooooooooool yea if you re willing to fuck roger ailes for job,Negative,Positive,Negative,Negative,Negative,True
I'm sending the folks who gave a  Nobel prize for literature to Bob Dylan a cassette copy of The Great Adventures of Slick Rick.,sending the folks who gave nobel prize for literature to bob dylan cassette copy of the great adventures of slick rick,Neutral,Positive,Positive,Neutral,Neutral,True
@user #hatchimals yes please!,hatchimals yes please,Neutral,Positive,Neutral,Neutral,Neutral,True
@user lol Grayson Allen would outscore every guard on UK's team,lol grayson allen would outscore every guard on uk team,Neutral,Neutral,Neutral,Neutral,Neutral,True
@user @user @user @user no trump is pushing to get rid of most those fools hence #draintheswamp,not trump is pushing to get rid of most those fools hence draintheswamp,Neutral,Negative,Negative,Neutral,Neutral,True
@user #FreebieFriday #Hatchimals - need these to hatch today !,freebiefriday hatchimals need these to hatch today,Neutral,Neutral,Neutral,Neutral,Neutral,True
"Days after its launch in Bangladesh, #Uber gets branded as ""illegal"". Read more:",days after its launch in bangladesh uber gets branded as illegal read more,Neutral,Neutral,Neutral,Neutral,Neutral,True
4.) Michael Moore even warned the MSM that Trump's victory in a Michigan was a near certainty. They ignored him.,michael moore even warned the msm that trump victory in michigan was near certainty they ignored him,Negative,Negative,Negative,Negative,Negative,True
Deep Learning: Convolutional Neural Networks in Python☞,deep learning convolutional neural networks in python,Neutral,Neutral,Neutral,Neutral,Neutral,True
"#Valentine #Gift Island Alpaca 8"" #TeddyBear (Martha's Vineyard) NWT #Valentines #Gifts",valentine gift island alpaca teddybear martha vineyard nwt valentines gifts,Neutral,Neutral,Neutral,Neutral,Neutral,True
@user @user ...and @user as Steve Bannon.,and as steve bannon,Neutral,Neutral,Neutral,Neutral,Neutral,True
@user @user @user @user @user The NeoFascist Conservatives all cling to the fact that...,the neofascist conservatives all cling to the fact that,Negative,Neutral,Negative,Negative,Negative,True
Drill baby drill... and devaluate? #libya #mena #oil #politicalriskhttps://t.co/1iBbCebyKj,drill baby drill and devaluate libya mena oil politicalrisk,Neutral,Neutral,Neutral,Neutral,Neutral,True
@user awesome nite tonite,awesome nite tonite,Positive,Positive,Positive,Positive,Positive,True
The gov't quietly just approved this enormous oil pipeline #NoDakotaAccess #NoDAPL,the gov quietly just approved this enormous oil pipeline nodakotaaccess nodapl,Neutral,Neutral,Negative,Neutral,Neutral,True
we need a  Fidel Castro in Kenya  to gear up a revolution against a corrupt regime and have better health reforms #DoctorsStrike .,we need fidel castro in kenya to gear up revolution against corrupt regime and have better health reforms doctorsstrike,Positive,Positive,Neutral,Positive,Positive,True
Why condoms are ‘bad’ for you on Valentine’s Day,why condoms are bad for you on valentines day,Neutral,Negative,Negative,Negative,Negative,False
@user good thing donnie trump's coming to take them bad hombres out of here.,good thing donnie trump coming to take them bad hombres out of here,Positive,Negative,Negative,Negative,Negative,False
@user How are you still pretending there's a gold standard? Aren't you ashamed? @user @user @user @user,how are you still pretending there gold standard aren you ashamed,Negative,Neutral,Neutral,Negative,Negative,True
"@user doesn't seem likely that any reforms will take place w/ H1-B visas, what do you think?",doesn seem likely that any reforms will take place visas what do you think,Neutral,Neutral,Neutral,Neutral,Neutral,True
@user That looks like Trump's transition team.,that looks like trump transition team,Neutral,Neutral,Neutral,Neutral,Neutral,True
@user @user right wing nuts... has the media already looked up his voter registration for party affiliation?  You are pathetic!,right wing nuts has the media already looked up his voter registration for party affiliation you are pathetic,Negative,Neutral,Negative,Negative,Negative,True
Valentines don't fase me 😭🙄but wya 2017,valentines has fase me but wya,Neutral,Neutral,Neutral,Neutral,Neutral,True
@user Get rid of the old hag and her old men cohorts!!Pelosi is a tired old woman that makes looney statements!,get rid of the old hag and her old men cohorts pelosi is tired old woman that makes looney statements,Negative,Neutral,Negative,Negative,Negative,True
"You can't tell the difference between a BLM protest and an anti-Trump protest anymore. Same chants, same signs.",you can tell the difference between blm protest and an anti trump protest anymore same chants same signs,Negative,Negative,Negative,Neutral,Neutral,False
"@user #SYRIA Why should the good people of East #ALEPPO leave their homes under an Assad Regime ""Kneel or Starve"" campaign ?",syria why should the good people of east aleppo leave their homes under an assad regime kneel or starve campaign,Negative,Neutral,Negative,Negative,Negative,True
We used see-think-wonder to help us investigate the UNCRC. This week is the 25th anniversary of the UNCRC.…,we used see think wonder to help us investigate the uncrc this week is the th anniversary of the uncrc,Positive,Neutral,Neutral,Neutral,Neutral,False
"Between 1954 and 1963, close to 98 million Americans received polio vaccines contaminated w/ a carcinogenic monkey virus, known as SV40.",between and close to million americans received polio vaccines contaminated carcinogenic monkey virus known as sv,Negative,Negative,Neutral,Neutral,Neutral,False
THE A WORD #apartheid #gaza #palestine #israel #BDS,the word apartheid gaza palestine israel bds,Neutral,Neutral,Neutral,Neutral,Neutral,True
Trump aides mull asking Romney for APOLOGY so he can be sec. of state,trump aides mull asking romney for apology so he can be sec of state,Neutral,Neutral,Neutral,Negative,Negative,False
"I WANT TO GO SEE THE MOVIE ""LOVING""",want to will see the movie loving,Positive,Positive,Positive,Positive,Positive,True
"The deplorables will have an awesome four year long hangover, think salt and hemroids, head in a sack bar of (cont)",the deplorables will have an awesome four year long hangover think salt and hemroids head in sack bar of cont,Negative,Neutral,Negative,Negative,Negative,True
"Embargo on pesticides means that organic honey is a big export for Cuba, while our bee populations suffer",embargo on pesticides means that organic honey is big export for cuba while our bee populations suffer,Negative,Neutral,Neutral,Neutral,Neutral,False
"@user like abortion, gay marriage, and obamacare? @user",like abortion gay marriage and obamacare,Negative,Negative,Neutral,Negative,Negative,True
"@user @user if you want to do something viable, for your legacy, before you leave, bring back the death penalty for this puke!",if you want to do something viable for your legacy before you leave bring back the death penalty for this puke,Negative,Neutral,Negative,Negative,Negative,True
@user Pointless committee. No one needs rights. Just Kim Jong-un.,pointless committee not one needs rights just kim jong un,Neutral,Negative,Neutral,Negative,Negative,False
@user @user @user @user Of course instead of shutting her mouth...https://t.co/NQnLb09ZEU,of course instead of shutting her mouth,Neutral,Neutral,Negative,Neutral,Neutral,True
"@user He was a ""meh"" prime minister for me. No real highlights come to mind of his tenure. Maybe legalising gay marriage?",he was meh prime minister for me not real highlights come to mind of his tenure maybe legalising gay marriage,Neutral,Neutral,Neutral,Neutral,Neutral,True
"Unsurprisingly, both Marine Le Pen & Farage choose wishfully to interpret the #italyreferendum as action against #EU...",unsurprisingly both marine le pen farage choose wishfully to interpret the italyreferendum as action against eu,Neutral,Neutral,Neutral,Neutral,Neutral,True
Buckle Up For An Extended Midseason Finale Of #TheWalkingDead Season 7 - #TWD,buckle up for an extended midseason finale of thewalkingdead season twd,Neutral,Neutral,Neutral,Neutral,Neutral,True
galaxy allo dictionary of garbage note 7 fire ios exynos 🍆 🍆,galaxy allo dictionary of garbage note fire ios exynos,Negative,Neutral,Neutral,Negative,Negative,True
"Ironic that Trump supporters are angry at protestors when Trump was the ultimate ""protest vote""",ironic that trump supporters are angry at protestors when trump was the ultimate protest vote,Negative,Neutral,Negative,Negative,Negative,True
#duke Duke Highlight: Grayson Allen leads the way with 17 points in an 88-67 win over William & Mary Wednesday (ES…,duke duke highlight grayson allen leads the way with points in an win over william mary wednesday es,Neutral,Neutral,Positive,Neutral,Neutral,True
"Trump Stock In Dakota Access Oil Pipeline Raises Questions via @user And he was working on Carrier, Indians were hurt",trump stock in dakota access oil pipeline raises questions via and he was working on carrier indians were hurt,Neutral,Neutral,Neutral,Neutral,Neutral,True
I really like this remix of Yeah. #ThankYouObama,really like this remix of yeah thankyouobama,Positive,Positive,Positive,Positive,Positive,True
"Send all info to US attorneys, to @user to @user  PROTEST the fraud & corruption. Our country is what we…",send all info to us attorneys to to protest the fraud corruption our country is what we,Negative,Negative,Negative,Negative,Negative,True
Obamas Celebrate Their Last Thanksgiving At The White House #ThankYouObama,obamas celebrate their last thanksgiving at the white house thankyouobama,Positive,Neutral,Positive,Positive,Positive,True
@user  ... And I thought that only Nancy Pelosi @user was the craziest Democrat of them all . I guess I was wrong,and thought that only nancy pelosi was the craziest democrat of them all guess was wrong,Negative,Negative,Negative,Negative,Negative,True
Please don't consider donating to @user They'll just buy more euthanasia.,please has consider donating to they ll just buy more euthanasia,Negative,Negative,Neutral,Negative,Negative,True
@user @user I'm sure it is a NYT #1 best-seller for a reason.,sure it is nyt best seller for reason,Positive,Positive,Positive,Positive,Positive,True
i can't believe george soros personally murdered julian assange by force-feeding him money #rip #pizzagate,can believe george soros personally murdered julian assange by force feeding him money rip pizzagate,Negative,Negative,Negative,Negative,Negative,True
@user This is a very suggestive trend in AI. Even a high school student can use deep learning method.,this is very suggestive trend in ai even high school student can use deep learning method,Positive,Positive,Positive,Positive,Positive,True
When did #Thanksgiving turn into Valentines Day? So. Many. Couples. Pictures.,when did thanksgiving turn into valentines day so many couples pictures,Positive,Neutral,Positive,Neutral,Neutral,False
#Hamas leader: #Trump may be a #Jew,hamas leader trump may be jew,Negative,Neutral,Negative,Negative,Negative,True
What will it take for Democrats to woo the white working class? #StrongerTogether #StillWithHer #UniteBlue,what will it take for democrats to woo the white working class strongertogether stillwithher uniteblue,Neutral,Neutral,Neutral,Neutral,Neutral,True
"Mostly the 2006 interview.... Via @user #LeonardCohen On Poetry, Music And Why He Left The Zen Monastery  #freshair",mostly the interview via leonardcohen on poetry music and why he left the zen monastery freshair,Neutral,Neutral,Neutral,Neutral,Neutral,True
Bulking Up!  A Guide to Bulk Food Bargains and Storage  #tpp #pjnet #xcot,bulking up guide to bulk food bargains and storage tpp pjnet xcot,Neutral,Negative,Neutral,Neutral,Neutral,True
"Syrian Army Recaptures Half of Rebel-held Eastern Aleppo: More than 20 people, including…",syrian army recaptures half of rebel held eastern aleppo more than people including,Neutral,Neutral,Neutral,Neutral,Neutral,True
"Nobody woulda payed attention to Jim Brown or Muhammad Ali if they were Sub-par in their sports careers...Sad, but True.",nobody woulda payed attention to jim brown or muhammad ali if they were sub par in their sports careers sad but true,Negative,Neutral,Neutral,Negative,Negative,True
I'm just dying to get on board with Thanksgiving 😭🦃🙌🏻,just dying to get on board with thanksgiving,Neutral,Neutral,Neutral,Neutral,Neutral,True
I didn't think #ThisisUS would be this awesome. Officially addicted 💓,didn think thisisus would be this awesome officially addicted,Positive,Positive,Positive,Positive,Positive,True
@user @user perfect365 app does live makeup pics ☺ shiseido still animal testing 😐,perfect app does live makeup pics shiseido still animal testing,Negative,Neutral,Neutral,Negative,Negative,True
Good for Kate for recognizing that she needs to be happy with herself to be happy with Toby. #ThisIsUs,good for kate for recognizing that she needs to be happy with herself to be happy with toby thisisus,Positive,Positive,Positive,Positive,Positive,True
@user @user It all comes together if electors go with the popular vote. Dun dun DUNNNN!,it all comes together if electors will with the popular vote dun dun dunnnn,Neutral,Neutral,Positive,Neutral,Neutral,True
#victoriaderbyshire .. even the people who voted remain know what #brexit means .. #badlosers,victoriaderbyshire even the people who voted remain know what brexit means badlosers,Neutral,Negative,Neutral,Neutral,Neutral,True
"@user @user @user @user Meanwhile, it has been reported that Mavs owner and Trump antagonist MCuban had mtg in NYC w Steve Bannon!",meanwhile it has been reported that mavs owner and trump antagonist mcuban had mtg in nyc steve bannon,Neutral,Neutral,Negative,Neutral,Neutral,True
Some ole lady at thanksgiving was talmbout how she used to buy a zip for $40,some ole lady at thanksgiving was talmbout how she used to buy zip for,Positive,Neutral,Neutral,Negative,Negative,False
[Video] United Kingdom: Shia #Hezbollah militia march in military uniform in a... by #DioscorusBoles via @user,video united kingdom shia hezbollah militia march in military uniform in by dioscorusboles via,Neutral,Neutral,Neutral,Neutral,Neutral,True
"@user @user @user @user And vaccines, let's not forget vaccines...",and vaccines let not forget vaccines,Neutral,Negative,Neutral,Neutral,Neutral,True
"@user Mr. President,  I am an immigrant in CA & b4 I even had green card I got my voter registration & jury duty! Plz change that",mr president am an immigrant in ca even had green card got my voter registration jury duty plz change that,Neutral,Neutral,Neutral,Negative,Negative,False
"@user I have to, cuz Walmart has #TheWalkingDead season 6 for $10. Hopefully it's still there. 😑",have to cuz walmart has thewalkingdead season for hopefully it still there,Neutral,Neutral,Positive,Positive,Positive,False
@user Hill seeing money signs... we go as far as he takes us! Fat contract coming up!,hill seeing money signs we will as far as he takes us fat contract coming up,Positive,Negative,Negative,Neutral,Neutral,False
TOO. GOOD. TO. MISS @user #FantasticBeasts in 3D,too good to miss fantasticbeasts in,Positive,Positive,Positive,Positive,Positive,True
"@user Can you plse do fewer stories on victims and more hard hitting news like media bias, #blm, anti Trump riots, etc...",can you plse do fewer stories on victims and more hard hitting news like media bias blm anti trump riots etc,Negative,Negative,Negative,Negative,Negative,True
@user yaaay!!! tell me your feelings on it when you get around to watching bc you’re like… MY ONE WESTWORLD OUTLET,yaaay tell me your feelings on it when you get around to watching bc youre like my one westworld outlet,Positive,Positive,Positive,Positive,Positive,True
I'm making a PowerPoint on how vegetarianism isn't as unhealthy as people think,making powerpoint on how vegetarianism isn as unhealthy as people think,Negative,Neutral,Negative,Neutral,Neutral,False
@user @user that's like saying Lamarcus Aldridge is better than Tim Duncan,that like saying lamarcus aldridge is better than tim duncan,Neutral,Positive,Positive,Neutral,Neutral,True
"Your self worth isn't based on someone else's thoughts, opinion or threats. #StandUp! #SpeakUp!…",your self worth isn based on someone else thoughts opinion or threats standup speakup,Positive,Neutral,Neutral,Neutral,Neutral,False
"@user Bones, MLK, Muhammad Ali, Jesus Christ, and the list goes on.",bones mlk muhammad ali jesus christ and the list goes on,Neutral,Neutral,Positive,Neutral,Neutral,True
This is the solution to the rioters blocking stores  and attacking people on behalf of George Soros's…,this is the solution to the rioters blocking stores and attacking people on behalf of george soros,Negative,Neutral,Neutral,Negative,Negative,True
#Spurs #GoSpursGo 1997-98 #Topps ROOKIE of TIM DUNCAN #115 San Antonio Spurs RC HOF #TimDuncan #NBA,spurs gospursgo topps rookie of tim duncan san antonio spurs rc hof timduncan nba,Positive,Neutral,Positive,Positive,Positive,True
Low key... is that Verlander in the halftime show...?!?!,low key is that verlander in the halftime show,Neutral,Neutral,Neutral,Neutral,Neutral,True
"For CA Democrats, this is a type of voter registration drive.",for ca democrats this is type of voter registration drive,Neutral,Neutral,Neutral,Neutral,Neutral,True
WHY SHOULD I CARE?...What is #FRACKING ?& WHY is it Controversial?...STOP #GeoEngineering OUR PLANET #EARTH,why should care what is fracking why is it controversial stop geoengineering our planet earth,Negative,Negative,Negative,Negative,Negative,True
"4th day of ""Fighting the Flames"": #Jerusalem Region Deputy Director Felix Lotan reporting from 1 of the scenes:…",th day of fighting the flames jerusalem region deputy director felix lotan reporting from of the scenes,Neutral,Neutral,Neutral,Neutral,Neutral,True
#zac efron sex pic skins michelle sex,zac efron sex pic skins michelle sex,Neutral,Neutral,Neutral,Neutral,Neutral,True
@user cool story bro. I like the one were those women get degrees and figure out how to end our dependency on fossil fuels.,cool story bro like the one were those women get degrees and figure out how to end our dependency on fossil fuels,Neutral,Positive,Negative,Positive,Positive,False
@user I guess people like @user use #ISIS & #terrorism like @user use Islam - to get rich quick. #Pathetic,guess people like use isis terrorism like use islam to get rich quick pathetic,Negative,Negative,Negative,Negative,Negative,True
How did I miss #NationalFastFoodDay 😭😂😩,how did miss nationalfastfoodday,Neutral,Negative,Neutral,Neutral,Neutral,True
"@user @user @user @user @user @user Wait & See, but NEVER #CROOKEDHillary!",wait see but never crookedhillary,Negative,Positive,Neutral,Neutral,Neutral,False
@user @user Original Nazi Party used to be at zero too,original nazi party used to be at zero too,Negative,Neutral,Negative,Negative,Negative,True
"#CTMNEWS #MIAMI #NYC #HOUSTON  Donald Trump, Mike Pence’s Different ‘Hamilton’ Reactions | MSNBC",ctmnews miami nyc houston donald trump mike pences different hamilton reactions msnbc,Neutral,Neutral,Neutral,Neutral,Neutral,True
lol my moms making a second thanksgiving dinner bc she doesn't like that we didn't cook this year,lol my moms making second thanksgiving dinner bc she doesn like that we didn cook this year,Neutral,Positive,Positive,Positive,Positive,False
Trump picks:-Bannon (ran a white nationalist website)-Flynn (Putinphile/Islamophobe)-Sessions (rejected 4 judges…,trump picks bannon ran white nationalist website flynn putinphile islamophobe sessions rejected judges,Negative,Negative,Negative,Negative,Negative,True
@user they can build a wall on the Mexican border but they can never build a wall around your heart. haha.,they can build wall on the mexican border but they can never build wall around your heart haha,Neutral,Neutral,Neutral,Neutral,Neutral,True
@user @user I don't know but apparently they don't like  rad dudes or bad hombres.,has know but apparently they has like rad dudes or bad hombres,Neutral,Neutral,Negative,Negative,Negative,False
Grayson Allen Is Something Serious 💪🏀,grayson allen is something serious,Positive,Neutral,Neutral,Positive,Positive,True
"@user I think you leave out one important fact about Social Security, Social Security Disability, Medicare the are per paid for.",think you leave out one important fact about social security social security disability medicare the are per paid for,Negative,Positive,Negative,Negative,Negative,True
There are children that only know a black man as POTUS...my God! #ThankYouObama,there are children that only know black man as potus my god thankyouobama,Negative,Positive,Positive,Positive,Positive,False
@user mind the Caucescu end of life behind the wall,mind the caucescu end of life behind the wall,Neutral,Neutral,Neutral,Neutral,Neutral,True
"#architecture The Lily light &quot;paved the way for things to come in 3D printing&quot;, says Janne...…",architecture the lily light quot paved the way for things to come in printing quot says janne,Neutral,Neutral,Neutral,Neutral,Neutral,True
Time to celebrate for Indian Liberals?,time to celebrate for indian liberals,Negative,Neutral,Negative,Negative,Negative,True
#Hezbollah Martyr Qasim Shamkha 19yrs old from Burj Qalawiyeh pledging allegiance to Syeda Zainab (AS) in #Aleppo…,hezbollah martyr qasim shamkha yrs old from burj qalawiyeh pledging allegiance to syeda zainab as in aleppo,Neutral,Neutral,Neutral,Neutral,Neutral,True
lingerie for valentines,lingerie for valentines,Neutral,Neutral,Neutral,Positive,Positive,False
“Self-Portrait” by Leonard Cohen and “Self-Portrait” by GNAY via @user,self portrait by leonard cohen and self portrait by gnay via,Neutral,Neutral,Neutral,Neutral,Neutral,True
@user @user we should all refuse to let them call themselves this new cleaned up label They are NEO NAZI WHITE SUPREMACISTS . Evil,we should all refuse to let them call themselves this new cleaned up label they are neo nazi white supremacists evil,Negative,Negative,Negative,Negative,Negative,True
I didn't think that I would love it as much as I did but #FantasticBeasts has become one of my favourite movies 😊,didn think that would love it as much as did but fantasticbeasts has become one of my favourite movies,Positive,Positive,Positive,Positive,Positive,True
#UnitedNations planned #GunGrab. #NRA #SecondAmendment #MolonLabe #ComeAndTakeIt #MichaelBloomberg,unitednations planned gungrab nra secondamendment molonlabe comeandtakeit michaelbloomberg,Neutral,Neutral,Neutral,Neutral,Neutral,True
Step aside self-driving cars: #linksomnia,step aside self driving cars linksomnia,Neutral,Neutral,Neutral,Neutral,Neutral,True
#Microsoft Joins The #Linux Foundationhttps://t.co/uc7CbNo401,microsoft joins the linux foundation,Neutral,Neutral,Neutral,Neutral,Neutral,True
@user @user we are not giving Steve Bannon a pass!,we are not giving steve bannon pass,Negative,Neutral,Negative,Neutral,Neutral,False
Instead we must really reduce dependence on fossil fuels but then no one really cares...,instead we must really reduce dependence on fossil fuels but then not one really cares,Negative,Negative,Negative,Negative,Negative,True
No fan of McConnell; surprised at failure to respond to #ministerofpropaganda 7:27 in video.  Maybe he's human.,not fan of mcconnell surprised at failure to respond to ministerofpropaganda in video maybe he human,Neutral,Neutral,Neutral,Neutral,Neutral,True
How to Have Glowing #skins #skinnydip #skintight #BeautyAndTheBeast…,how to have glowing skins skinnydip skintight beautyandthebeast,Neutral,Positive,Neutral,Neutral,Neutral,True
This is  what democracy should look like.LIKE AND SHARE,this is what democracy should look like like and share,Positive,Negative,Negative,Positive,Positive,True
"@user what kind of natural disasters would such fossil fuels create, ex: contamination of the water streams it runs through",what kind of natural disasters would such fossil fuels create ex contamination of the water streams it runs through,Negative,Negative,Negative,Negative,Negative,True
"#whatif when #trump becomes prez, they brief him abt 9/11: he gets so pissed he blows th cover to the country. nazis & liberals be like WHOA",whatif when trump becomes prez they brief him abt he gets so pissed he blows th cover to the country nazis liberals be like whoa,Negative,Negative,Negative,Negative,Negative,True
"There's nothing new about the so-called ""alt right."" They're just the latest dressed up white supremacists.",there nothing new about the so called alt right they re just the latest dressed up white supremacists,Negative,Neutral,Negative,Negative,Negative,True
I can't even imagine why@realDonaldTrump would want  Romney when he promised to #draintheswamp,can even imagine why would want romney when he promised to draintheswamp,Negative,Negative,Negative,Negative,Negative,True
BREAKING: Nike Mercurial Superfly Discovery - The Making of Cristiano Ronaldo's New Boots in Italy:,breaking nike mercurial superfly discovery the making of cristiano ronaldo new boots in italy,Neutral,Neutral,Neutral,Neutral,Neutral,True
"""How do you do, fellow alt-Rightists? Say, any of you revolutionaries up for an op against a designated target late…",how do you do fellow alt rightists say any of you revolutionaries up for an op against designated target late,Negative,Neutral,Negative,Negative,Negative,True
NAZI Democrats will plant fake news with no videos-or audio recordings-for verification and claim they are true-they are not-its a strategy,nazi democrats will plant fake news with not videos or audio recordings for verification and claim they are true they are not its strategy,Negative,Negative,Negative,Negative,Negative,True
Assault on St. Valentines – a Reviewhttps://t.co/WPL4pr7qps #bookreview #politicallyincorrect,assault on st valentines review bookreview politicallyincorrect,Neutral,Positive,Positive,Neutral,Neutral,True
"The New Yorker, Nov 16, 2015:  ""The Hispanics love me,"" despite that he proposes building a wall on the Mexican border....#DonaldTrumpQuotes",the new yorker nov the hispanics love me despite that he proposes building wall on the mexican border donaldtrumpquotes,Neutral,Neutral,Neutral,Neutral,Neutral,True
@user @user That's the Galaxy Note 7. We don't speak of it.,that the galaxy note we has speak of it,Negative,Positive,Positive,Neutral,Neutral,False
Microsoft joins the Linux Foundation | Really glad to see this. Hopefully it bodes well for Window's future,microsoft joins the linuxfoundation really glad to see this hopefully it bodes well for window future,Positive,Positive,Positive,Positive,Positive,True
"#GilmoreGirlsTop4 4. Mrs. Kim 3. Emily 2. Luke 1. Paris, without a doubt!",gilmoregirlstop mrs kim emily luke paris without doubt,Neutral,Neutral,Neutral,Neutral,Neutral,True
"if it's any consolation - a lot of ""rank n file"" (lmao) alt-rightists seem furious at spencer right now",if it any consolation lot of rank file lmao alt rightists seem furious at spencer right now,Negative,Neutral,Neutral,Negative,Negative,True
Meanwhile in America...https://t.co/G8J9pAlq3m#TrumpLand,meanwhile in america,Neutral,Positive,Neutral,Neutral,Neutral,True
#jocox  supporter of #hamas and #fabian and #hoax death to try and stop #brexitthe #remain cancer lost,jocox supporter of hamas and fabian and hoax death to try and stop brexitthe remain cancer lost,Negative,Negative,Negative,Negative,Negative,True
@user @user Or why other civilised nations have incredibly tight gun control laws?,or why other civilised nations have incredibly tight gun control laws,Neutral,Neutral,Neutral,Neutral,Neutral,True
When fake Ua activist @user buys fake followers then has the cheek to call out fakers on @user,when fake ua activist buys fake followers then has the cheek to call out fakers on,Negative,Neutral,Negative,Negative,Negative,True
"@user  Seems he has a hand in treehugger shit, be it scam or otherwise.",seems he has hand in treehugger shit be it scam or otherwise,Negative,Neutral,Negative,Negative,Negative,True
"A pretty well-rounded article; Kim Jong-un is only interested in longevity, as i wrote here:",pretty well rounded article kim jong un is only interested in longevity as wrote here,Neutral,Neutral,Neutral,Neutral,Neutral,True
This car smells like piss 😷😷😷 #uber,this car smells like piss uber,Negative,Neutral,Negative,Negative,Negative,True
"Ireland's economic fortunes look good - but Brexit, EU tax rules and housing are wildcards",ireland economic fortunes look good but brexit eu tax rules and housing are wildcards,Neutral,Neutral,Neutral,Neutral,Neutral,True
DIANA LET ME BE THE ONE TO LIGHT A FIRE INSIDE THOSE EYES. #onedirection #3YearsofMidnightMemories,diana let me be the one to light fire inside those eyes onedirection yearsofmidnightmemories,Positive,Neutral,Neutral,Positive,Positive,True
Good article by @user about the theoretical difficulties of deep learning. #datascience #deeplearning #AI,good article by about the theoretical difficulties of deep learning datascience deeplearning ai,Positive,Positive,Positive,Positive,Positive,True
"#TrumpTransitionTeam no matter who get hired or what happens, GOD is still in control 🙏🙏🙏🙏🙏🙏🙏🙏🙏🙏🙏",trumptransitionteam not matter who get hired or what happens god is still in control,Neutral,Negative,Negative,Neutral,Neutral,True
I'm so happy right now. @user @user @user #FantasticBeasts,so happy right now fantasticbeasts,Positive,Positive,Positive,Positive,Positive,True
Then there is Ben Carson,then there is ben carson,Neutral,Neutral,Neutral,Neutral,Neutral,True
"@user @user @user @user Give these Deplorables an inch, they take the whole damn country...",give these deplorables an inch they take the whole damn country,Negative,Neutral,Negative,Negative,Negative,True
"morning, sluts. #ScreamQueens",morning sluts screamqueens,Negative,Positive,Positive,Positive,Positive,False
I am thankful that #ScreamQueens is back ... have 2 episodes to catch up on 😂🙃,am thankful that screamqueens is back have episodes to catch up on,Positive,Positive,Positive,Positive,Positive,True
Zionists sink the SS Patria in 1940 murdering 267 people #gaza #palestine #israel #BDS,zionists sink the ss patria in murdering people gaza palestine israel bds,Negative,Neutral,Negative,Negative,Negative,True
Looks like @user is still buying followers using #AuditTheVote as cover post election @user @user @user,looks like is still buying followers using auditthevote as cover post election,Neutral,Negative,Neutral,Neutral,Neutral,True
@user @user May u be blessed with all the happiness which would always elude my life. #TrueHero,may be blessed with all the happiness which would always elude my life truehero,Positive,Positive,Positive,Positive,Positive,True
Is it snowing in Cameron because Grayson Allen is wearing snow boots.,is it snowing in cameron because grayson allen is wearing snow boots,Neutral,Neutral,Neutral,Neutral,Neutral,True
"Black Friday, Steve Bannon yells, ""Not on my watch!""",black friday steve bannon yells not on my watch,Neutral,Positive,Neutral,Neutral,Neutral,True
Barcelona are considering a move for Chelsea's defender Ivanovic (32) in the winter market to reinforce the right-back side #fcblive [ser],barcelona are considering move for chelsea defender ivanovic in the winter market to reinforce the right back side fcblive ser,Neutral,Positive,Positive,Neutral,Neutral,True
"@user sorry but US friendship brings drone strikes, they forget that PAK played biggest role in Russia,s division.",sorry but us friendship brings drone strikes they forget that pak played biggest role in russia division,Neutral,Neutral,Negative,Negative,Negative,False
"Raul:"" I've played with Zidane Ronaldo Figo and Cristiano... But Messi is different. """,raul ve played with zidane ronaldo figo and cristiano but messi is different,Neutral,Neutral,Neutral,Neutral,Neutral,True
"Oh shit , we are playing against sociedad on Sunday at the anoeta 🤔😶#fcblive",oh shit we are playing against sociedad on sunday at the anoeta fcblive,Negative,Neutral,Neutral,Negative,Negative,True
I can't even imagine how difficult the decision to have an abortion is as the mother...,can even imagine how difficult the decision to have an abortion is as the mother,Neutral,Negative,Negative,Neutral,Neutral,True
"@user @user and a corruption crisis. Lives are no longer lives, left control, no individual! Ashamed!",and corruption crisis lives are not longer lives left control not individual ashamed,Negative,Negative,Negative,Negative,Negative,True
Liam...just...OMG!❤️😍 #ARIASONEDIRECTION #onedirection #LiamPayne #1DDayAnniversary #1DWeMissYouPleaseComeBack…,liam just omg ariasonedirection onedirection liampayne ddayanniversary dwemissyoupleasecomeback,Positive,Neutral,Positive,Positive,Positive,True
@user can't wait to see you as Gaston in #BeautyAndTheBeast in March #Isaywekillthebeast lol the trailer was awesome,can wait to see you as gaston in beautyandthebeast in march isaywekillthebeast lol the trailer was awesome,Positive,Positive,Positive,Positive,Positive,True
First Brexit! Now Italy! Next year Marine Le Pen? and Dutch elections? #EUfinished ?,first brexit now italy next year marine le pen and dutch elections eufinished,Neutral,Neutral,Neutral,Neutral,Neutral,True
"@user @user She fought MSM, GOP, Comey, racism, sexism, xenophobia and Russia and still won popular vote. It was a screw job.",she fought msm gop comey racism sexism xenophobia and russia and still won popular vote it was screw job,Negative,Negative,Negative,Negative,Negative,True
"@user @user it's a possibility but even pre-election the IDB/TIPP poll, which ended up being the most accurate, gave her 2%.",it possibility but even pre election the idb tipp poll which ended up being the most accurate gave her,Neutral,Negative,Neutral,Positive,Positive,False
same ppl protesting are overly emotional nu fags that had their life saved by a screamo band i hope they get run over #TrumpTransitionTeam,same people protesting are overly emotional nu fags that had their life saved by screamo band hope they get run over trumptransitionteam,Negative,Neutral,Negative,Negative,Negative,True
"I mean, the British left (and actually - most brown people) are using this line about white supremacists, but sure,…",mean the british left and actually most brown people are using this line about white supremacists but sure,Neutral,Negative,Negative,Neutral,Neutral,True
Animal Euthanasia- Helpful or Harmful,animal euthanasia helpful orharmful,Neutral,Neutral,Negative,Negative,Negative,False
@user Lets feed the #ISIS #invaders until they burst and the OLD and POOR die by malnutrition ??,lets feed the isis invaders until they burst and the old and poor die by malnutrition,Negative,Neutral,Negative,Negative,Negative,True
"Deeply flawed & elite centric GCC ws backd by UN & Intl Comunity.It kept Saleh n control&reshufled elite,ultimately…",deeply flawed elite centric gcc ws backd by un intl comunity it kept saleh control reshufled elite ultimately,Neutral,Neutral,Negative,Neutral,Neutral,True
"I’m a student of Sergei Eisenstein, Nazi propagandist Leni Riefenstahl.” - Steve Bannon .Propagandist in White House... brilliant #Trump",im student of sergei eisenstein nazi propagandist leni riefenstahl steve bannon propagandist in white house brilliant trump,Negative,Neutral,Negative,Negative,Negative,True
@user @user It needs a captivating tweeter who is cable sound bite ready or a James Comey espionage type. 2/2,it needs captivating tweeter who is cable sound bite ready or james comey espionage type,Neutral,Neutral,Neutral,Neutral,Neutral,True
#Twitter #Future Are we alone?https://t.co/eAkPaG1cYk #innovation Researchpreneur,twitter future are we alone innovation researchpreneur,Neutral,Neutral,Negative,Positive,Positive,False
All CSG and Fracking all around Australia is to cease and Mining Entities held Accountable! - Sign the Petition!,all csg and fracking all around australia is to cease and mining entities held accountable sign the petition,Neutral,Neutral,Neutral,Neutral,Neutral,True
@user @user Everyone with a sane mind. Because that's where gerrymandering and voter suppression comes from.,everyone with sane mind because that where gerrymandering and voter suppression comes from,Negative,Neutral,Negative,Negative,Negative,True
@user @user hahahahahahaha we won!!!! DEPLORABLES WON!!!! DEAL WITH IT OR LEAVE!!!,hahahahahahaha we won deplorables won deal with it or leave,Positive,Neutral,Negative,Neutral,Neutral,False
"""Microsoft joins The Linux Foundation"" #hellfreeze",microsoft joins the linux foundation hellfreeze,Positive,Neutral,Neutral,Neutral,Neutral,False
"Donald Trump Changes Course, Seems Open to Compromise on # #donaldtrump #foreign #news Updated Via @user",donald trump changes course seems open to compromise on donaldtrump foreign news updated via,Neutral,Neutral,Neutral,Neutral,Neutral,True
@user @user Jesus which one of us has to be Ricky Martin? Talk about drawing the short straw,jesus which one of us has to be ricky martin talk about drawing the short straw,Neutral,Positive,Neutral,Neutral,Neutral,True
“It’s such a futuristic idea. A world in which the descendants of slaves become poets.” ~ Terrance Hayes #NBAwards,its such futuristic idea world in which the descendants of slaves become poets terrance hayes nbawards,Neutral,Neutral,Neutral,Negative,Negative,False
@user I guess the world's super power putting a brutal economic embargo didn't hurt Cuba at all,guess the world super power putting brutal economic embargo didn hurt cuba at all,Neutral,Negative,Negative,Neutral,Neutral,True
@user @user @user Please retweet his tweets that dick blocked me,please retweet his tweets that dick blocked me,Negative,Negative,Negative,Negative,Negative,True
Anti-Donald Trump Protests and Riots | True News via @user,anti donald trump protests and riots true news via,Neutral,Negative,Negative,Neutral,Neutral,True
