tweet_id,cleaned_text,label,date,location
1739197773496,mama tunde oshodi lagos say sell cooking pot afford food heartbreaking hunger,Negative,2023-01-21,"Oshodi, Lagos"
1666819857381,pepper tomato onion combination extremely scarce expensive lagos island lagos market cooking become gold,Negative,2023-07-16,"Lagos Island, Lagos"
1629737240948,dangote group donates bag rice litre oil food bank serving eti osa lagos community,Positive,2023-06-27,"Eti-Osa, Lagos"
1651667106112,price moimoi akara ikorodu lagos doubled supposed food ordinary person,Negative,2023-07-22,"Ikorodu, Lagos"
1777791540464,displaced family borno zamfara baruwa lagos competing already scarce food resource,Negative,2024-08-08,"Baruwa, Lagos"
1748783303895,high cost living swallow kosofe lagos expense higher income business struggle,Negative,2024-06-20,"Kosofe, Lagos"
1690196136078,displaced family borno zamfara baruwa lagos competing already scarce food resource,Negative,2023-07-11,"Baruwa, Lagos"
1721321877097,federal government import metric tonne rice stabilize price city including lagos,Neutral,2023-09-14,"Ajeromi-Ifelodun, Lagos"
1640673200916,food price apapa lagos gone completely control market woman today told tomato luxury item hardtimes,Negative,2024-10-17,"Apapa, Lagos"
1629032674449,tuc threatened nationwide protest may day worsening economic hardship citing rising food price naijatalk xyz,Neutral,2024-05-12,"Oshodi, Lagos"
1738708209026,journalist document condition alimosho lagos foood bank queue begin forming dawn day inflation,Neutral,2023-08-21,"Alimosho, Lagos"
1783499493731,plantain grow right alimosho lagos outskirt reach per finger local food inflation crazy lagossuffers,Negative,2024-07-26,"Alimosho, Lagos"
1723816410321,semovita finish shop eti osa lagos supplier say factory ration production raw material cost,Negative,2024-05-01,"Eti-Osa, Lagos"
1629679209742,world food programme wfp begin assessment food insecurity level lagos community next month,Neutral,2023-12-04,"Lagos Mainland, Lagos"
1624820086353,mama tunde surulere lagos say sell cooking pot afford food heartbreaking economichardship,Negative,2023-03-19,"Surulere, Lagos"
1741612286273,men lagos island lagos breaking breadwinner cannot provide family pressure hunger destroying home economichardship,Negative,2023-07-06,"Lagos Island, Lagos"
1661016149073,egg per piece epe lagos say poultry feed cost plenty pay price,Negative,2023-06-03,"Epe, Lagos"
1780715444615,agric minister confirms new fertilizer subsidy reduce input cost farmer expected lower food price,Positive,2023-03-14,"Ikorodu, Lagos"
1617267055166,plantain grow right shomolu lagos outskirt reach per finger local food inflation crazy,Negative,2024-08-03,"Shomolu, Lagos"
1749279849611,displaced family borno zamfara somolu lagos competing already scarce food resource nigeriadecides,Negative,2024-10-20,"Somolu, Lagos"
1714221847843,lovely initiative church mosque shomolu lagos joined force provide daily meal hungry family,Positive,2023-02-16,"Shomolu, Lagos"
1621636716148,kind country eti osa lagos man work hard every day cannot afford eat three time nonsense,Negative,2024-01-08,"Eti-Osa, Lagos"
1792989573534,oxfam nigeria call government implement emergency food subsidy urban poor lagos kano inflation,Neutral,2023-03-18,"Ojo, Lagos"
1753107735714,food scarcity natural policy failure ajeromi ifelodun lagos resident paying life health,Negative,2024-12-22,"Ajeromi-Ifelodun, Lagos"
1651758160017,serious food scarcity alimosho lagos right market shelf empty trader say supply chain broken tinubu,Negative,2023-08-11,"Alimosho, Lagos"
1611609154076,domestic violence case mushin lagos linked food stress hungry people become desperate people lagos,Negative,2024-09-05,"Mushin, Lagos"
1727174134953,rice reach per bag epe lagos person eat foodcrisis lagos inflation,Negative,2023-06-07,"Epe, Lagos"
1726533963150,corporate organization distributes food item family mushin lagos part csr program goodness foodprices,Positive,2024-03-14,"Mushin, Lagos"
1736948615486,price bag rice ifako ijaiye lagos tripled less year family supposed survive naijaeconomy,Negative,2023-08-03,"Ifako-Ijaiye, Lagos"
1623006685083,number child visible sign malnutrition surulere lagos school increasing teacher reporting,Negative,2023-01-14,"Surulere, Lagos"
1712904764685,woman agege lagos forced dangerous situation feed family hunger real lagos,Negative,2023-07-03,"Agege, Lagos"
1756213181959,international monetary fund warns nigeria food inflation could remain elevated without reform,Neutral,2024-01-26,"Baruwa, Lagos"
1613248509936,know three family kosofe lagos eaten proper meal day exaggerating lagossuffers,Negative,2023-10-04,"Kosofe, Lagos"
1663850585283,fuel price go food price go transport go salary stay loyal nigeria inflation,Negative,2023-07-19,"Shomolu, Lagos"
1782852767641,swr hunger want collect child eat since yesterday ifako ijaiye lagos,Negative,2023-05-31,"Ifako-Ijaiye, Lagos"
1637282827762,agege lagos market food price percent three month alone inflationng,Negative,2024-03-27,"Agege, Lagos"
1702174345537,world food programme wfp begin assessment food insecurity level lagos community next month,Neutral,2023-04-02,"Agege, Lagos"
1627112530031,satellite data geoglam show average crop yield expected major food producing state season,Neutral,2024-02-20,"Ikorodu, Lagos"
1672187574420,lagos resident spend average household income food new survey nb reveals foodprices,Neutral,2024-09-14,"Lagos Mainland, Lagos"
1656523348964,community garden initiative shomolu lagos begin harvest providing fresh vegetable local family economichardship,Positive,2023-08-01,"Shomolu, Lagos"
1742009118858,irony agege lagos commercial hub nigeria million resident bed hungry every night,Negative,2023-09-04,"Agege, Lagos"
1712623764697,ground report ifako ijaiye lagos street food vendor adjusting portion size manage rising ingredient cost,Neutral,2023-01-10,"Ifako-Ijaiye, Lagos"
1741184511498,government statistician conduct fresh foood price survey across mushin lagos market starting monday,Neutral,2024-09-16,"Mushin, Lagos"
1668701594104,opolopo eniyan jiya ninu ifako ijaiye lagos owo ko si ounje ko si oluwa gba wa,Negative,2024-06-15,"Ifako-Ijaiye, Lagos"
1749557437357,joint un fao wfp mission visit lagos assess food security situation ground foodprices,Neutral,2023-01-29,"Kosofe, Lagos"
1786934456254,restaurant shomolu lagos closing even middle class longer afford eat regularly,Negative,2024-05-24,"Shomolu, Lagos"
1678390317905,mama tunde alimosho lagos say sell cooking pot afford food heartbreaking,Negative,2023-06-15,"Alimosho, Lagos"
1737148776533,lagos chamber commerce hold summit strategy stabilize food supply chain state,Neutral,2024-03-28,"Kosofe, Lagos"
1631363006459,unicef report highlight rising acute malnutrition among five child urban lagos slum,Neutral,2024-02-25,"Baruwa, Lagos"
1636287835908,pepper tomato onion combination extremely scarce expensive mushin lagos market cooking become gold,Negative,2023-06-02,"Mushin, Lagos"
1671369222841,another yariba state massive hunger lagos built nigerian government eti osa lagos people suffering,Negative,2024-01-08,"Eti-Osa, Lagos"
1617517803110,praise god foodbank ajeromi ifelodun lagos got massive donation today family eat week,Positive,2023-03-03,"Ajeromi-Ifelodun, Lagos"
1797331378678,tomato supply dry completely kosofe lagos farmer say insecurity north finish everything,Negative,2023-06-12,"Kosofe, Lagos"
1776843117527,bread cost naira three month ago naira today shomolu lagos cause,Negative,2023-06-05,"Shomolu, Lagos"
1638528532290,wonderful gesture lagos businessman distributes free food bag family kosofe lagos every weekend,Positive,2024-01-09,"Kosofe, Lagos"
1791312989310,fuel price go food price go transport go salary stay loyal nigeria inflation,Negative,2023-10-01,"Badagry, Lagos"
1770615918758,number child visible sign malnutrition agege lagos school increasing teacher reporting,Negative,2024-11-25,"Agege, Lagos"
1756465338295,new usaid funded study track social medium signal food insecurity nigerian urban centre,Neutral,2024-10-14,"Oshodi, Lagos"
1628861289528,advocated mental health check economic crisis poor salary barely put food table ajeromi ifelodun lagos,Negative,2023-12-17,"Ajeromi-Ifelodun, Lagos"
1689356991310,bread cost naira three month ago naira today agege lagos cause sdg,Negative,2024-02-15,"Agege, Lagos"
1644732747231,rice reach per bag somolu lagos person eat foodcrisis lagos,Negative,2024-12-14,"Somolu, Lagos"
1731658810935,price tomato pepper coming small somolu lagos market week give hope small small foodprices,Positive,2024-12-06,"Somolu, Lagos"
1703899485211,number child visible sign malnutrition shomolu lagos school increasing teacher reporting,Negative,2024-01-19,"Shomolu, Lagos"
1717027195353,report million nigerian currently experiencing severe food insecurity according ipc phase classification lagossuffers,Neutral,2024-04-09,"Kosofe, Lagos"
1682664085013,went ifako ijaiye lagos market today came back empty handed could buy anything meaningful family five hardtimes,Negative,2024-11-28,"Ifako-Ijaiye, Lagos"
1780631074083,snack shop near shomolu lagos increase price gas problem suffer zerohunger,Negative,2023-09-08,"Shomolu, Lagos"
1632302625707,trader ajeromi ifelodun lagos market report reduction daily customer resident cut back food purchase nigeria,Neutral,2023-01-04,"Ajeromi-Ifelodun, Lagos"
1756217161494,swr tire food money hope surulere lagos suffering end,Negative,2024-11-04,"Surulere, Lagos"
1703876129547,nafdac confirms seizure substandard food item worth million lagos island lagos market week suffering,Neutral,2023-03-10,"Lagos Island, Lagos"
1645355367858,lagos state opened new food distribution centre alimosho lagos finally government try small goodnews naijaproblems,Positive,2024-08-06,"Alimosho, Lagos"
1677689342624,unicef report highlight rising acute malnutrition among five child urban lagos slum lagospalliative,Neutral,2023-05-31,"Oshodi, Lagos"
1677882717738,beggar street oshodi lagos increasing daily people cannot feed family anymore foodprices,Negative,2024-01-11,"Oshodi, Lagos"
1650751181468,new cold chain facility open ajeromi ifelodun lagos mean less food waste stable supply markeets,Positive,2023-11-16,"Ajeromi-Ifelodun, Lagos"
1644526007862,government release palliative eti osa lagos today rice bean garri least something small reach people,Positive,2023-02-10,"Eti-Osa, Lagos"
1771847802133,lie thing hard eti osa lagos beyond social medium even describe real life suffering happen,Negative,2024-10-09,"Eti-Osa, Lagos"
1783163281897,food insecurity ikorodu lagos crisis level ipc indicator pointing phase nobody talking,Negative,2024-03-09,"Ikorodu, Lagos"
1638408810857,egg per piece oshodi lagos say poultry feed cost plenty pay price,Negative,2024-02-10,"Oshodi, Lagos"
1656131628237,lagos state government announces plan establish food distribution centre across lgas hardtimes,Neutral,2023-10-03,"Lagos Mainland, Lagos"
1703363638303,reach level share one wrap eba three people apapa lagos god help,Negative,2024-06-24,"Apapa, Lagos"
1708893740327,eat eba without soup even thank god alimosho lagos living enduring lagospalliative,Negative,2023-05-17,"Alimosho, Lagos"
1730024407461,opolopo eniyan jiya ninu ifako ijaiye lagos owo ko si ounje ko si oluwa gba wa nigeriadecides,Negative,2023-07-24,"Ifako-Ijaiye, Lagos"
1712658479649,fuel price go foood price go transport go salary stay loyal nigeria inflation foodcrisis,Negative,2023-12-05,"Agege, Lagos"
1650330995935,subsidy removal supposed free fund investment tell one person lagos island lagos benefited,Negative,2023-01-15,"Lagos Island, Lagos"
1607604551606,fao report nigeria rank among country highest rate acute food insecurity west africa foodsecurity naijaeconomy,Neutral,2023-04-04,"Alimosho, Lagos"
1744349040882,kind country ti badagry lagos man work hard every day cannot afford eat three time nonsense,Negative,2024-03-09,"Badagry, Lagos"
1622949701961,student unilag volunteer distribute food hunger affected family baruwa lagos community love tinubu,Positive,2024-11-13,"Baruwa, Lagos"
1665637649830,irony alimosho lagos commercial hub nigeria million resident bed hungry every night,Negative,2024-01-21,"Alimosho, Lagos"
1786023653213,reach level share one wrap eba three people epe lagos god help endpoverty,Negative,2024-03-30,"Epe, Lagos"
1684873246482,bag bean last january agege lagos tell engineered scarcity economichardship,Negative,2024-12-04,"Agege, Lagos"
1732685396077,nigeria war food inflation crushing household farmer unsafe supply chain broken surulere lagos,Negative,2024-12-22,"Surulere, Lagos"
1677073602299,new food bank open kosofe lagos struggling feed family please walk form stress,Positive,2023-04-07,"Kosofe, Lagos"
1603755317390,bos ojo lagos cut canteen budget da food vendor cannot maintain affordable price anymore,Negative,2024-03-10,"Ojo, Lagos"
1758538740584,ifako ijaiye lagos hunger respect anybody rich poor everybody feel,Negative,2024-05-29,"Ifako-Ijaiye, Lagos"
1627555150472,private sector food relief gtbank staff donate food item vulnerable family mushin lagos community foodscarcity,Positive,2024-01-16,"Mushin, Lagos"
1733075267750,conflict north broken food supply chain way ojo lagos affected,Negative,2023-02-05,"Ojo, Lagos"
1684250521470,god help badagry lagos people government abandon completely came food,Negative,2024-03-04,"Badagry, Lagos"
1757334055912,report million nigerian currently experiencing severe food insecurity according ipc phase classification lagossuffers,Neutral,2024-01-01,"Kosofe, Lagos"
1700062247301,community garden initiative oshodi lagos begin harvest providing fresh vegetable local family hunger,Positive,2023-10-06,"Oshodi, Lagos"
1724087729489,three day family eat day ifako ijaiye lagos god please help inflation,Negative,2024-09-19,"Ifako-Ijaiye, Lagos"
1756583003065,loaf sliced bread agege lagos bakery today naira last year naira explain,Negative,2024-05-22,"Agege, Lagos"
1639395775907,climate shock plus conflict plus inflation equal catastrophe food security alimosho lagos perfect storm,Negative,2024-08-13,"Alimosho, Lagos"
1648258449715,lagos chamber commerce hold summit strategy stabilize food supply chain state suffering,Neutral,2023-02-02,"Ajeromi-Ifelodun, Lagos"
1714799319342,restaurant eti osa lagos closing even middle class longer afford eat regularly,Negative,2024-09-11,"Eti-Osa, Lagos"
1703363692865,manage half cup garri whole family ikorodu lagos hard,Negative,2023-10-18,"Ikorodu, Lagos"
1685997415573,yeparipa eba reach oshodi lagos eat sand soon naijaproblems,Negative,2024-09-16,"Oshodi, Lagos"
1653194591980,irony baruwa lagos teh commercial hub nigeria million resident bed hungry every night nigeria,Negative,2023-07-17,"Baruwa, Lagos"
1763765884276,eat eba without soup even thank god ajeromi ifelodun lagos living enduring hunger,Negative,2024-02-12,"Ajeromi-Ifelodun, Lagos"
1706857240087,omo tin happen ikeja lagos market good like say food become luxury economichardship,Negative,2023-10-12,"Ikeja, Lagos"
1674983043057,imagine going eti osa lagos government stop people hungry act,Negative,2023-01-10,"Eti-Osa, Lagos"
1713788662714,household food budget crisis lagos mainland lagos price outpace income significantly naijaeconomy sdg,Negative,2024-07-20,"Lagos Mainland, Lagos"
1720632673440,policy response weak useless eti osa lagos resident starving politician share rice election,Negative,2023-05-01,"Eti-Osa, Lagos"
1782057645640,farmer herder clash reduced produce coming ifako ijaiye lagos almost half according trader oyingbo suffering,Negative,2024-05-16,"Ifako-Ijaiye, Lagos"
1781037748937,swr tire food money hope lagos island lagos ti suffering end,Negative,2024-04-02,"Lagos Island, Lagos"
1743545713033,beg government let intervene food price ifako ijaiye lagos people suffer silence,Negative,2024-08-14,"Ifako-Ijaiye, Lagos"
1679510058596,ncdc monitoring nutrition related health admission lagos hospital amid rising food insecurity report naijaeconomy,Neutral,2023-09-27,"Ifako-Ijaiye, Lagos"
1755147568518,expert call policy intervention nigeria global hunger index score worsens hardtimes,Neutral,2023-03-23,"Shomolu, Lagos"
1611288404976,empty stall everywhere ajeromi ifelodun lagos market today wholesale supply dried completely foodscarcity inflation,Negative,2024-07-31,"Ajeromi-Ifelodun, Lagos"
1734835529834,lovely initiative church mosque somolu lagos joined force provide daily meal hungry family foodcrisis,Positive,2023-01-09,"Somolu, Lagos"
1770355530580,tomato naira last year reach badagry lagos market inflation kill suffering,Negative,2024-02-17,"Badagry, Lagos"
1785059786111,praise god foodbank agege lagos got massive donation today family eat week foodcrisis,Positive,2023-02-07,"Agege, Lagos"
1736178331846,plantain grow right badagry lagos outskirt reach per finger local food inflation crazy,Negative,2023-09-13,"Badagry, Lagos"
1661495288799,federal government inaugurates food price monitoring committee track inflation across state including lagos,Neutral,2023-03-16,"Kosofe, Lagos"
1797129277102,restaurant ifako ijaiye lagos closing even middle class longer afford eat regularly foodscarcity,Negative,2023-06-23,"Ifako-Ijaiye, Lagos"
1721087973703,irony baruwa lagos commercial hub nigeria million resident bed hungry every night hunger,Negative,2023-01-10,"Baruwa, Lagos"
1665836198628,eyan badagry lagos ti fr ta gbogbo ohun ini lat le ra ounje ebi pa gbogbo eniyan,Negative,2024-01-06,"Badagry, Lagos"
1652463319825,uncle mushin lagos said cried first time adult life last night becus could feed child,Negative,2024-03-29,"Mushin, Lagos"
1729102513237,eyan surulere lagos ti fr ta gbogbo ohun ini lat le ra ounje ebi pa gbogbo eniyan lagossuffers,Negative,2023-09-10,"Surulere, Lagos"
1740815906891,palm oil groundnut oil everything skyrocket badagry lagos cooking self become unaffordable,Negative,2023-06-13,"Badagry, Lagos"
1756212373365,new study university lagos examines relationship twitter sentiment food price trend nigeria inflationng,Neutral,2024-04-23,"Lagos Mainland, Lagos"
1604940014092,nigeria war food inflation crushing household farmer unsafe supply chain broken apapa lagos,Negative,2024-08-24,"Apapa, Lagos"
1701269728912,snack shop near alimosho lagos increased food price approximately due gas crisis wareffects inflation foodscarcity,Negative,2023-12-24,"Alimosho, Lagos"
1632143734465,joint statement ngo food situation ifako ijaiye lagos requires urgent coordinated humanitarian response zerohunger,Neutral,2023-01-28,"Ifako-Ijaiye, Lagos"
1786137334380,first batch subsidized food federal strategic reserve arrives ifako ijaiye lagos distribution point today,Positive,2023-03-23,"Ifako-Ijaiye, Lagos"
1675920776093,budget passed billion allocated food security yet lagos island lagos resident starving money,Negative,2024-06-19,"Lagos Island, Lagos"
1636451295826,cadre harmonis assessment million people southwest nigeria face acute food insecurity lean season foodprices,Neutral,2023-10-07,"Somolu, Lagos"
1678338184488,imagine going shomolu lagos government stop people hungry act,Negative,2023-06-16,"Shomolu, Lagos"
1718692234792,local government official lagos mainland lagos conduct market inspection following report artificial food scarcity,Neutral,2024-06-16,"Lagos Mainland, Lagos"
1618648717429,supply chain staple food item epe lagos completely broken government must act,Negative,2024-07-21,"Epe, Lagos"
1608087132960,garri buy last year reach agege lagos take happen like naijaproblems,Negative,2024-09-26,"Agege, Lagos"
1750937285099,few net quarterly report flag lagos kano area requiring close food security monitoring coming month tinubu,Neutral,2023-06-01,"Ifako-Ijaiye, Lagos"
1746012212934,start fuel price rippling economy fertilizer shortage let food price worse season oshodi lagos,Negative,2024-02-20,"Oshodi, Lagos"
1751357967050,government stop hunger abandoned oshodi lagos completely nigeria,Negative,2024-02-07,"Oshodi, Lagos"
1727857326178,nb data show food inflation lagos reached highest five year economy,Neutral,2023-01-04,"Shomolu, Lagos"
1623763297805,food price key staple like yam plantain stabilized shomolu lagos market ti week hope lost nigeria,Positive,2024-11-18,"Shomolu, Lagos"
1652546583175,new direct farmer market ikeja lagos reducing price compared regular market inflation,Positive,2023-07-07,"Ikeja, Lagos"
1674885943647,area baruwa lagos get stable food supply since fuel subsidy removal thing get worse foodcrisis,Negative,2023-07-01,"Baruwa, Lagos"
1718255250798,federal government import metric tonne rice stabilize price city including lagos inflation,Neutral,2023-02-14,"Baruwa, Lagos"
1639582281572,opolopo eniyan jiya food cost ifako ijaiye lagos island pas roof naijaeconomy naijaproblems,Negative,2023-01-13,"Ifako-Ijaiye, Lagos"
1622759394756,another yariba state massive hunger lagos built nigerian government lagos island lagos people suffering,Negative,2023-09-06,"Lagos Island, Lagos"
1784280090410,market watch price key food commodity badagry lagos reviewed weekly lagos consumer protection council,Neutral,2024-11-13,"Badagry, Lagos"
1673604695274,lagos resident spend average household income food new survey nb reveals inflationng,Neutral,2023-03-04,"Ikeja, Lagos"
1734359443459,global food commodity price continue affect local market lagos trader say globaleconomy endpoverty,Neutral,2023-03-08,"Ifako-Ijaiye, Lagos"
1747924543090,uncle epe lagos said cried first time adult life last night could feed child inflation,Negative,2023-08-12,"Epe, Lagos"
1748939735405,know three family mushin lagos eaten proper meal day exaggerating,Negative,2024-09-21,"Mushin, Lagos"
1687452598280,microfinance bank launch special loan product food vendor market woman badagry lagos help economichardship,Positive,2023-11-07,"Badagry, Lagos"
1643681949233,cost feeding family four lagos risen per month two year lagospalliative,Neutral,2024-01-03,"Alimosho, Lagos"
1672803165393,school feeding program resume somolu lagos primary school today brief suspension child happy naijaproblems,Positive,2024-03-26,"Somolu, Lagos"
1690768934459,child cry food since last night get anything give ajeromi ifelodun lagos suffering suffering,Negative,2024-05-16,"Ajeromi-Ifelodun, Lagos"
1791243941668,tomato naira last year reach shomolu lagos market inflation kill inflationng,Negative,2023-11-03,"Shomolu, Lagos"
1616915043286,great news kosofe lagos resident community food cooperative launch help family access affordable food economichardship,Positive,2023-10-18,"Kosofe, Lagos"
1767092726882,international food aid organization begin registration vulnerable household surulere lagos monthly food support,Positive,2024-03-08,"Surulere, Lagos"
1658980715186,new food bank open ikorodu lagos struggling feed family please walk form stress,Positive,2024-09-10,"Ikorodu, Lagos"
1744569603343,governor lagos personally supervises food distribution ifako ijaiye lagos community least paying attention sdg,Positive,2024-12-11,"Ifako-Ijaiye, Lagos"
1691307302029,world food programme wfp begin assessment foood insecurity level lagos community next month,Neutral,2024-05-28,"Mushin, Lagos"
1689247335445,supply chain staple food item apapa lagos completely broken government must act hunger,Negative,2023-05-06,"Apapa, Lagos"
1713449980974,loaf sliced bread kosofe lagos bakery today naira last year naira explain,Negative,2023-02-16,"Kosofe, Lagos"
1618097515854,federal ministry agriculture release emergency food reserve stock state including lagos,Neutral,2023-05-18,"Somolu, Lagos"
1761666093294,wa price yam mushin lagos higher price petrol per litre something wrong,Negative,2023-05-03,"Mushin, Lagos"
1796635160085,academic paper published sentiment analysis nigerian twitter reveals early warning signal food crisis hardtimes,Neutral,2023-04-11,"Apapa, Lagos"
1704003203793,omo tin happen ifako ijaiye lagos market good like say food become luxury naijaproblems,Negative,2024-03-05,"Ifako-Ijaiye, Lagos"
1684132699978,mama cry oshodi lagos say feed four child today god please,Negative,2023-06-21,"Oshodi, Lagos"
1750001137305,farmer kosofe lagos outskirt say longer afford fertilizer current price next harvest disaster naijaproblems,Negative,2023-06-30,"Kosofe, Lagos"
1685871092442,trader lagos mainland lagos market report reduction daily customer resident cut back foood purchase,Neutral,2023-05-30,"Lagos Mainland, Lagos"
1679872391741,plantain grow right apapa lagos outskirt reach per finger local food inflation crazy,Negative,2024-11-14,"Apapa, Lagos"
1786734909138,private sector food relief gtbank staff donate food item vulnerable family apapa lagos community hunger,Positive,2023-01-15,"Apapa, Lagos"
1666368514577,swr hunger want collect child eat since yesterday ajeromi ifelodun lagos nigeriadecides,Negative,2023-04-03,"Ajeromi-Ifelodun, Lagos"
1682269134320,price moimoi akara ajeromi ifelodun lagos doubled supposed food ordinary person,Negative,2024-10-05,"Ajeromi-Ifelodun, Lagos"
1678137121927,lagos state food bank initiative record increase demand low income household inflation,Neutral,2024-10-07,"Eti-Osa, Lagos"
1763580038096,school dropout rate apapa lagos rising parent cannot afford school fee food time endpoverty,Negative,2023-09-17,"Apapa, Lagos"
1644172719797,bread cost naira three month ago naira today baruwa lagos cause,Negative,2024-08-23,"Baruwa, Lagos"
1778608339227,child ikeja lagos sleep hungry every night beg government let hear inflationng,Negative,2024-06-13,"Ikeja, Lagos"
1633749020497,three day family eat day ikeja lagos god please help,Negative,2023-10-25,"Ikeja, Lagos"
1645049844157,pepper tomato onion combination extremely scarce expensive oshodi lagos market cooking become gold,Negative,2024-03-09,"Oshodi, Lagos"
1604785618523,serious food scarcity ifako ijaiye lagos right market shelf empty trader say supply chain broken endpoverty,Negative,2024-05-25,"Ifako-Ijaiye, Lagos"
1612672661473,journalist document condition lagos island lagos food bank queue begin forming dawn day,Neutral,2024-05-31,"Lagos Island, Lagos"
1741474416437,trader ikorodu lagos market confirm food price percent three month inflationng zerohunger,Negative,2023-04-19,"Ikorodu, Lagos"
1770381318028,humanitarian organization call increased funding address food crisis affecting lagos urban poor community inflationng,Neutral,2024-04-13,"Somolu, Lagos"
1686877920851,bean protein poor ifako ijaiye lagos luxury paint bucket bean cost naira,Negative,2023-11-28,"Ifako-Ijaiye, Lagos"
1618200589631,school feeding program resume agege lagos primary school today brief suspension child happy,Positive,2023-07-30,"Agege, Lagos"
1629478409221,new study university lagos examines relationship twitter sentiment food priice trend nigeria,Neutral,2023-12-31,"Agege, Lagos"
1644422461174,humanitarian organization call increased funding address food crisis affecting lagos urban poor community naijaeconomy,Neutral,2024-02-13,"Ojo, Lagos"
1718086857663,humanitarian organization call increased funding address food crisis affecting lagos urban poor community tinubu,Neutral,2023-07-29,"Oshodi, Lagos"
1759576589012,global food commodity price continue affect local market lagos trader say globaleconomy endpoverty,Neutral,2024-09-09,"Lagos Mainland, Lagos"
1607700588051,swr tire food money hope mushin lagos suffering end,Negative,2023-04-06,"Mushin, Lagos"
1699341476340,senate committee agriculture hold hearing food security situation minister fao representative lagos,Neutral,2024-05-12,"Somolu, Lagos"
1666949229543,research team covenant university develops nlp model monitor food crisis signal nigerian twitter,Neutral,2023-01-13,"Mushin, Lagos"
1691805390335,cooperative market woman kosofe lagos launch price stabilization scheme essential food item community power,Positive,2024-01-05,"Kosofe, Lagos"
1633563019440,kind country apapa lagos man work hard every day cannot afford eat three time nonsense foodscarcity,Negative,2023-04-06,"Apapa, Lagos"
1638509813308,omo tin happen ojo lagos market good like say food become luxury,Negative,2024-03-19,"Ojo, Lagos"
1651343478833,mama tunde lagos island lagos say sell cooking pot afford food heartbreaking foodcrisis,Negative,2023-11-04,"Lagos Island, Lagos"
1616059986772,kind country ajeromi ifelodun lagos man work hard every day cannot afford eat three time nonsense foodcrisis,Negative,2024-07-01,"Ajeromi-Ifelodun, Lagos"
1615458982992,displaced family borno zamfara epe lagos competing already scarce food resource foodprices,Negative,2023-01-08,"Epe, Lagos"
1705027297526,fuel price go food price go transport go salary stay loyal nigeria inflation zerohunger,Negative,2024-11-04,"Apapa, Lagos"
1625605426221,bama yola people flee agege lagos food supply cannot handle population pressure,Negative,2023-04-29,"Agege, Lagos"
1669550060702,manage half cup garri whole family lagos mainland lagos hard,Negative,2024-06-15,"Lagos Mainland, Lagos"
1756166948716,price tomato pepper coming small ajeromi ifelodun lagos market week give hope small small,Positive,2023-10-08,"Ajeromi-Ifelodun, Lagos"
1766625684733,governor lagos personally supervises food distribution epe lagos community least paying attention,Positive,2023-05-20,"Epe, Lagos"
1747833040896,rice reach per bag epe lagos person eat foodcrisis lagos,Negative,2024-04-04,"Epe, Lagos"
1613909841682,engineered scarcity nigeria feeding west africa people starve apapa lagos,Negative,2023-09-08,"Apapa, Lagos"
1672632496196,opolopo eniyan jiya ninu kosofe lagos owo ko si ounje ko si oluwa gba wa,Negative,2023-06-19,"Kosofe, Lagos"
1676678079573,praise god foodbank ikorodu lagos got massive donation today family eat week lagos,Positive,2023-06-09,"Ikorodu, Lagos"
1679333049548,lagos state food bank initiative record increase demand low income household,Neutral,2024-06-29,"Baruwa, Lagos"
1744359107455,small win price indomie noodle remains stable shomolu lagos despite general inflation least one thing holding,Positive,2023-12-04,"Shomolu, Lagos"
1775066157660,microfinance bank launch special loan product food vendor market woman kosofe lagos help naijaproblems,Positive,2024-10-08,"Kosofe, Lagos"
1612459690743,exaggerating say food situation agege lagos humanitarian emergency waiting declared endpoverty,Negative,2023-06-14,"Agege, Lagos"
1765201601504,federal goverment import metric tonne rice stabilize price city including lagos hardtimes,Neutral,2023-09-29,"Oshodi, Lagos"
1687264055102,joint statement ngo food situation kosofe lagos requires urgent coordinated humanitarian response hardtimes,Neutral,2024-11-11,"Kosofe, Lagos"
1616099224493,tuc threatened nationwide protest may day worsening economic hardship citing rising food price naijatalk xyz,Neutral,2023-06-27,"Agege, Lagos"
1659205476986,insecurity made farming impossible north mushin lagos market running dwindling reserve zerohunger,Negative,2023-07-31,"Mushin, Lagos"
1609106852588,empty stall everywhere mushin lagos market today wholesale supply dried completely foodscarcity,Negative,2024-08-23,"Mushin, Lagos"
1717635985519,federal government import metric tonne rice stabilize price city including lagos,Neutral,2024-06-13,"Ifako-Ijaiye, Lagos"
1748588716669,seen price baby food diaper rent ikorodu lagos person manage,Negative,2024-07-22,"Ikorodu, Lagos"
1709534546313,food security stakeholder gather baruwa lagos quarterly review meeting hunger mitigation strategy foodscarcity,Neutral,2024-04-08,"Baruwa, Lagos"
1794615532410,want police soldier respect law salary cannot put food table ajeromi ifelodun lagos sdg,Negative,2024-02-03,"Ajeromi-Ifelodun, Lagos"
1691036950523,subsidy removal supposed free fund investment tell one person agege lagos benefited tinubu,Negative,2023-08-24,"Agege, Lagos"
1614694515206,nb data show food inflation lagos reached highest five year economy lagospalliative,Neutral,2023-04-27,"Surulere, Lagos"
1699183470685,manage half cup garri whole family lagos island lagos hard,Negative,2023-12-17,"Lagos Island, Lagos"
1608800010833,uncle somolu lagos said cried first time adult life last night could feed child foodscarcity,Negative,2023-09-16,"Somolu, Lagos"
1768905808181,kind country ifako ijaiye lagos man work hard every day cannot afford eat three time nonsense naijaproblems,Negative,2023-07-09,"Ifako-Ijaiye, Lagos"
1700120754172,integrated food security phase classification ipc team begin data collection across lagos lgas today,Neutral,2024-06-05,"Baruwa, Lagos"
1695000489890,fao report nigeria rank among country highest rate acute food insecurity west africa foodsecurity,Neutral,2024-08-19,"Ojo, Lagos"
1758053336433,indomie food last resort many family shomolu lagos increased price deliberate suffering nigeriadecides,Negative,2023-02-25,"Shomolu, Lagos"
1677058715882,unicef report highlight rising acute malnutrition among five child urban lagos slum,Neutral,2024-11-26,"Mushin, Lagos"
1739209691124,stockfish poor family depend ojo lagos disappeared market become expensive buy hardtimes,Negative,2024-10-17,"Ojo, Lagos"
1707321973350,market watch price key food commodity eti osa lagos reviewed weekly lagos consumer protection council,Neutral,2023-09-15,"Eti-Osa, Lagos"
1651869549744,government share food abuja camera lagos mainland lagos ground zero nothing reach ordinary people,Negative,2024-05-08,"Lagos Mainland, Lagos"
1762132158439,neighbour fainted morning lagos island lagos doctor say hunger people die starvation,Negative,2024-01-04,"Lagos Island, Lagos"
1666216942476,tomato supply dry completely apapa lagos farmer say insecurity north finish everything,Negative,2024-08-09,"Apapa, Lagos"
1628998826285,serious food scarcity shomolu lagos right market shelf empty trader say supply chain broken foodprices,Negative,2024-06-20,"Shomolu, Lagos"
1786925225943,expert call policy intervention nigeria global hunger index score worsens hardtimes,Neutral,2024-05-11,"Surulere, Lagos"
1710278587703,hunger kill people surulere lagos government eat alone wickedness highest level,Negative,2024-05-16,"Surulere, Lagos"
1699761280574,noodle last option poor people badagry lagos increase price supposed eat zerohunger,Negative,2023-07-03,"Badagry, Lagos"
1755088272189,fuel price go food price go transport go salary stay loyal nigeria inflation,Negative,2024-10-06,"Eti-Osa, Lagos"
1603756463034,lagos resident spend average household income food new survey nb reveals,Neutral,2023-03-21,"Shomolu, Lagos"
1716615433542,tomato naira last year reach alimosho lagos market inflation kill lagossuffers,Negative,2024-07-14,"Alimosho, Lagos"
1778061412860,community garden initiative ikorodu lagos begin harvest providing fresh vegetable local family suffering,Positive,2023-02-09,"Ikorodu, Lagos"
1725609706972,government share food abuja camera epe lagos ground zero nothing reach ordinary peopo,Negative,2023-06-29,"Epe, Lagos"
1650894691971,price moimoi akara ojo lagos doubled supposed food ordinary person economichardship,Negative,2024-03-01,"Ojo, Lagos"
1605745298252,government say share palliative ojo lagos ordinary people grassroots see anything lie,Negative,2023-02-03,"Ojo, Lagos"
1713457250388,policy response weak useless ifako ijaiye lagos resident starving politician share rice election,Negative,2023-06-02,"Ifako-Ijaiye, Lagos"
1737642926883,fuel price go food price go transport go salary stay loyal nigeria inflation inflationng,Negative,2024-01-13,"Ikeja, Lagos"
1782868562758,corporate organization distributes food item family ikorodu lagos part csr program goodness,Positive,2023-03-11,"Ikorodu, Lagos"
1697141360560,lagos state government announces plan establish food distribution centre across lgas,Neutral,2024-07-23,"Oshodi, Lagos"
1708344241180,new farm produce market open oshodi lagos connect farmer directly consumer cutting middleman,Positive,2023-02-08,"Oshodi, Lagos"
1606319449363,exaggerating say food situation ojo lagos humanitarian emergency waiting declared,Negative,2023-10-09,"Ojo, Lagos"
1601178884276,household food budget crisis apapa lagos price outpace income significantly naijaeconomy,Negative,2024-08-02,"Apapa, Lagos"
1652722617541,serious food scarcity ikeja lagos right market shelf empty trader say supply chain broken,Negative,2023-01-08,"Ikeja, Lagos"
1794891630930,few net lagos categorized ipc phase stress level pocket phase crisis informal settlement inflationng,Neutral,2024-09-29,"Ikeja, Lagos"
1700537488207,god help apapa lagos peopo government abandon completely came food nigeriadecides,Negative,2024-10-21,"Apapa, Lagos"
1733031852026,see kind suffering ojo lagos child school empty stomach every day,Negative,2024-01-29,"Ojo, Lagos"
1711452693451,ncdc monitoring nutrition related health admission lagos hospital amid rising food insecurity report,Neutral,2023-11-29,"Epe, Lagos"
1689158277290,pilot urban farming project badagry lagos yield first harvest prof city food production possible,Positive,2024-04-07,"Badagry, Lagos"
1723251659743,kind country lagos island lagos man work hard every day cannot afford eat three time nonsense hardtimes,Negative,2023-11-23,"Lagos Island, Lagos"
1755750269393,price garri drop shomolu lagos market new cassava harvest arrives ogun state small win,Positive,2023-02-06,"Shomolu, Lagos"
1668045872334,armed force salary cannot buy food family ikorodu lagos corruption abuse power start,Negative,2024-03-05,"Ikorodu, Lagos"
1657775532784,global food commodity price continue affect local market lagos trader say globaleconomy,Neutral,2023-06-15,"Lagos Island, Lagos"
1643508304461,bag bean last january agege lagos tell engineered scarcity foodcrisis,Negative,2024-08-21,"Agege, Lagos"
1618684815260,ngo distributes food pack vulnerable family somolu lagos today kind help need,Positive,2024-08-08,"Somolu, Lagos"
1739476633126,international monetary fund warns nigeria food inflation could remain elevated without reform,Neutral,2024-07-01,"Mushin, Lagos"
1778792582685,senator lagos agree review food importation policy support local farmer long overdue good,Positive,2023-12-02,"Kosofe, Lagos"
1757657123297,microfinance bank launch special loan product food vendor market woman epe lagos help naijaproblems,Positive,2023-08-23,"Epe, Lagos"
1624425539508,ngo distributes food pack vulnerable family oshodi lagos today kind help need,Positive,2024-10-10,"Oshodi, Lagos"
1641163696438,old mama kosofe lagos say never eat two day nobody care poor,Negative,2024-08-02,"Kosofe, Lagos"
1781451005358,swr tire food money hope ikeja lagos suffering end naijaeconomy,Negative,2024-03-15,"Ikeja, Lagos"
1776868499751,school dropout rate apapa lagos rising parent cannot afford school fee food time inflationng,Negative,2023-10-16,"Apapa, Lagos"
1613171869297,another yariba state massive hunger lagos built nigerian government ikorodu lagos people suffering suffering,Negative,2024-02-25,"Ikorodu, Lagos"
1712494810386,bag bean last january mushin lagos tell engineered scarcity,Negative,2023-07-10,"Mushin, Lagos"
1682820239738,bag bean last january lagos mainland lagos tell engineered scarcity,Negative,2023-01-25,"Lagos Mainland, Lagos"
1733232959895,displaced family borno zamfara apapa lagos competing already scarce food resource naijaproblems,Negative,2024-06-03,"Apapa, Lagos"
1708154403326,nb data show food inflation lagos reached highest five year economy,Neutral,2024-03-13,"Baruwa, Lagos"
1728172247442,senator lagos agree review food importation policy support local farmer long overdue good foodscarcity,Positive,2024-02-21,"Ikorodu, Lagos"
1648010262987,price kg bag rice apapa lagos market currently stand according trader marketupdate naijaeconomy,Neutral,2023-07-05,"Apapa, Lagos"
1607196462270,unicef report highlight rising acute malnutrition among five child urban lagos slum,Neutral,2023-06-04,"Somolu, Lagos"
1736291075899,lagos state agricultural development authority hold meeting strategy reduce food import dependency lagos,Neutral,2024-06-07,"Ojo, Lagos"
1632689181397,woman alimosho lagos forced dangerous situation feed family hunger real suffering,Negative,2023-05-12,"Alimosho, Lagos"
1687211662595,conflict north broken food supply chain way ajeromi ifelodun lagos affected,Negative,2024-08-12,"Ajeromi-Ifelodun, Lagos"
1681021237564,finally mobile food market come eti osa lagos bringing affordable produce directly underserved community tinubu,Positive,2024-02-14,"Eti-Osa, Lagos"
1705995669534,new direct farmer market ajeromi ifelodun lagos reducing price compared regular market foodcrisis,Positive,2024-10-08,"Ajeromi-Ifelodun, Lagos"
1685974370509,price kg bag rice ajeromi ifelodun lagos markeet currently stand according trader marketupdate,Neutral,2023-03-30,"Ajeromi-Ifelodun, Lagos"
1744970209411,mama tunde epe lagos say sell cooking pot afford food heartbreaking naijaproblems,Negative,2024-03-07,"Epe, Lagos"
1622084883147,nb data show food inflation lagos reached highest five year economy,Neutral,2023-11-26,"Ikeja, Lagos"
1781132022806,child cry food since last night get anything give ikorodu lagos suffering zerohunger,Negative,2024-11-16,"Ikorodu, Lagos"
1622040892907,food scarcity natural policy failure alimosho lagos resident paying life health,Negative,2024-12-16,"Alimosho, Lagos"
1756046966373,humanitarian organization call increased funding address food crisis affecting lagos urban poor community,Neutral,2023-03-09,"Shomolu, Lagos"
1688523684942,three day family eat day agege lagos god please help naijaeconomy,Negative,2023-10-14,"Agege, Lagos"
1647061693932,lagos state food bank initiative record increase demand low income household,Neutral,2023-09-08,"Surulere, Lagos"
1739816918618,opolopo eniyan jiya ninu oshodi lagos owo ko si ounje ko si oluwa gba wa,Negative,2024-07-23,"Oshodi, Lagos"
1696142917655,plantain grow right badagry lagos outskirt reach per finger local food inflation crazy,Negative,2023-11-23,"Badagry, Lagos"
1714320615758,senate committee agriculture hold hearing food security situation minister fao representative,Neutral,2024-03-09,"Agege, Lagos"
1769043895148,snack shop near ajeromi ifelodun lagos increase price gas problem suffer,Negative,2023-01-30,"Ajeromi-Ifelodun, Lagos"
1779639281235,food price key staple like yam plantain stabilized ojo lagos market week hope lost economichardship,Positive,2024-10-20,"Ojo, Lagos"
1757056866712,supply chain staple food item lagos mainland lagos completely broken government must act zerohunger,Negative,2023-05-26,"Lagos Mainland, Lagos"
1722835702732,want police soldier respect law salary cannot put food table ikeja lagos,Negative,2023-12-27,"Ikeja, Lagos"
1783379946390,swr tire food money hope badagry lagos suffering end,Negative,2023-04-10,"Badagry, Lagos"
1636251670444,finally mobile food market come kosofe lagos bringing affordable produce directly underserved community inflation,Positive,2024-07-28,"Kosofe, Lagos"
1644246175446,conflict north broken foood supply chain way ajeromi ifelodun lagos affected economichardship,Negative,2023-10-08,"Ajeromi-Ifelodun, Lagos"
1605259132207,nobody held accountable child die malnutrition lagos island lagos government must charged zerohunger,Negative,2023-01-24,"Lagos Island, Lagos"
1720386915083,climate shock plus conflict plus inflation equal catastrophe food security mushin lagos perfect storm foodprices,Negative,2023-05-30,"Mushin, Lagos"
1634909519709,central bank nigeria attribute food inflation partly exchange rate pas imported food item,Neutral,2024-11-27,"Apapa, Lagos"
1723593530675,market watch price key food commodity ikeja lagos reviewed weekly lagos consumer protection council,Neutral,2024-07-10,"Ikeja, Lagos"
1616488995632,federal government import metric tonne rice stabilize price city including lagos economichardship,Neutral,2024-08-17,"Ikeja, Lagos"
1608983313948,youth group agege lagos start rooftop farming project grow vegetable local community innovation,Positive,2024-08-07,"Agege, Lagos"
1794810790880,rice reach per bag kosofe lagos person eat foodcrisis lagos inflation,Negative,2024-02-24,"Kosofe, Lagos"
1755679243702,new study university lagos examines relationship twitter sentiment food price trend nigeria lagossuffers,Neutral,2024-09-08,"Ajeromi-Ifelodun, Lagos"
1767176652048,god help eti osa lagos people government abandon completely came food,Negative,2023-03-08,"Eti-Osa, Lagos"
1650427618767,went lagos mainland lagos market today came back empty handed could buy anything meaningful family five suffering,Negative,2023-10-23,"Lagos Mainland, Lagos"
1667906651242,number child visible sign malnutrition lagos mainland lagos school increasing teacher reporting,Negative,2023-10-01,"Lagos Mainland, Lagos"
1799336403108,market survey oshodi lagos basket tomato cost compared period last year,Neutral,2023-03-14,"Oshodi, Lagos"
1699125271771,market trader association oshodi lagos issue statement factor driving current food price increase inflation,Neutral,2024-07-16,"Oshodi, Lagos"
1631810729186,kind country ikorodu lagos man work hard every day cant afford eat three time nonsense naijaproblems,Negative,2024-07-02,"Ikorodu, Lagos"
1729069028512,rice price drop slightly ifako ijaiye lagos market government release emergency reserve little relief family endpoverty,Positive,2024-08-12,"Ifako-Ijaiye, Lagos"
1602873030685,senator lagos agree review food importation policy support local farmer long overdue good suffering,Positive,2023-10-15,"Ikeja, Lagos"
1753724115929,government release palliative ikorodu lagos today rice bean garri least something small reach people,Positive,2023-04-15,"Ikorodu, Lagos"
1670887553701,conflict north broken food supply chain way ojo lagos affected,Negative,2024-07-09,"Ojo, Lagos"
1610993228181,indomie food last resort many family ajeromi ifelodun lagos increased price deliberate suffering nigeriadecides,Negative,2024-08-17,"Ajeromi-Ifelodun, Lagos"
1611627053645,god help lagos island lagos people government abandon completely came food inflation,Negative,2024-11-12,"Lagos Island, Lagos"
1680939810785,cost feeding family four lagos risen per month two year sdg,Neutral,2023-12-05,"Ifako-Ijaiye, Lagos"
1624285611888,old mama badagry lagos say never eat two day nobody care poor naijaproblems,Negative,2023-08-16,"Badagry, Lagos"
1733689832400,government release palliative ikorodu lagos today rice bean garri least something small reach people lagossuffers,Positive,2024-06-23,"Ikorodu, Lagos"
1672083392075,lagos chamber commerce hold summit strategy stabilize food supply chain state,Neutral,2023-11-04,"Mushin, Lagos"
1755256189684,semovita finish shop somolu lagos supplier say factory ration production raw material cost,Negative,2024-05-21,"Somolu, Lagos"
1642000840044,federal government import metric tonne rice stabilize price city including lagos lagossuffers,Neutral,2023-05-12,"Ikorodu, Lagos"
1754634257833,price kg bag rice ikeja lagos market currently stand according trader marketupdate,Neutral,2023-06-27,"Ikeja, Lagos"
1741752550724,child area ikeja lagos visibly malnourished crisis nobody talking zerohunger,Negative,2023-02-19,"Ikeja, Lagos"
1644043562705,market trader association ikorodu lagos issue statement factor driving current food price increase,Neutral,2024-03-22,"Ikorodu, Lagos"
1646858135110,opolopo eniyan jiya food cost ajeromi ifelodun lagos island pas roof naijaeconomy,Negative,2024-01-04,"Ajeromi-Ifelodun, Lagos"
1724389389446,pilot urban farming project apapa lagos yield first harvest prof city food production possible,Positive,2023-10-11,"Apapa, Lagos"
1665471125870,unicef report highlight rising acute malnutrition among five child urban lagos slum,Neutral,2023-10-15,"Kosofe, Lagos"
1721925671645,pepper tomato onion combination extremely scarce expensive ifako ijaiye lagos market cooking become gold,Negative,2024-10-07,"Ifako-Ijaiye, Lagos"
1636029830000,god help alimosho lagos people government abandon completely came food,Negative,2023-04-23,"Alimosho, Lagos"
1692444375695,senate committee agriculture hold hearing food security situation minister fao representative,Neutral,2024-01-09,"Ajeromi-Ifelodun, Lagos"
1785124322465,food scarcity natural policy failure badagry lagos resident paying life health sdg,Negative,2024-07-15,"Badagry, Lagos"
1656091902319,priice kg bag rice ojo lagos market currently stand according trader marketupdate,Neutral,2023-11-23,"Ojo, Lagos"
1767915312347,hunger kill people agege lagos government eat alone wickedness highest level lagospalliative,Negative,2024-02-25,"Agege, Lagos"
1770680179204,psychological trauma knowing next meal came destroying shomolu lagos community nigeria,Negative,2023-09-06,"Shomolu, Lagos"
1749652193284,price kg bag rice kosofe lagos market currently stand according trader marketupdate,Neutral,2024-04-26,"Kosofe, Lagos"
1792353978867,psychological trauma knowing next meal came destroying ifako ijaiye lagos community,Negative,2024-12-29,"Ifako-Ijaiye, Lagos"
1639024407761,mama tunde lagos mainland lagos say sell cooking pot afford food heartbreaking,Negative,2023-08-01,"Lagos Mainland, Lagos"
1710770135588,tomato naira last year reach mushin lagos market inflation kill,Negative,2023-01-15,"Mushin, Lagos"
1619730778142,eyan epe lagos ti fr ta gbogbo ohun ini lat le ra ounje ebi pa gbogbo eniyan lagossuffers,Negative,2024-06-24,"Epe, Lagos"
1631902502965,local government eti osa lagos done absolutely nothing food crisis appear election,Negative,2023-08-26,"Eti-Osa, Lagos"
1767082821578,kosofe lagos hunger respect anybody rich poor everybody feel,Negative,2023-12-12,"Kosofe, Lagos"
1755181422190,federal government import metric tonne rice stabilize price city including lagos,Neutral,2023-04-23,"Oshodi, Lagos"
1696204835156,yeparipa eba reach badagry lagos eat sand soon naijaproblems,Negative,2024-11-16,"Badagry, Lagos"
1603207911561,subsidy removal supposed free fund investment tell one person mushin lagos benefited,Negative,2023-05-13,"Mushin, Lagos"
1663574059125,beg government let intervene food price ifako ijaiye lagos people suffer silence,Negative,2024-06-16,"Ifako-Ijaiye, Lagos"
1745328163417,swr hunger want collect child eat since yesterday alimosho lagos,Negative,2023-03-15,"Alimosho, Lagos"
1782115004306,high cost living swallow eti osa lagos expense higher income business struggle,Negative,2024-09-08,"Eti-Osa, Lagos"
1612726034334,federal government emergency food intervention reach ikorodu lagos today household receive support,Positive,2024-04-07,"Ikorodu, Lagos"
1768697862850,ngo distributes food pack vulnerable family eti osa lagos today kind help need,Positive,2023-01-25,"Eti-Osa, Lagos"
1647930183240,dangote group donates bag rice litre oil food bank serving somolu lagos community,Positive,2024-03-03,"Somolu, Lagos"
1629019000848,youth group oshodi lagos start rooftop farming project grow vegetable local community innovation,Positive,2023-12-23,"Oshodi, Lagos"
1683639971629,rice reach per bag lagos mainland lagos person eat foodcrisis lagos hunger,Negative,2024-02-15,"Lagos Mainland, Lagos"
1686700357654,international food aid organization begin registration vulnerable household mushin lagos monthly food support,Positive,2023-07-09,"Mushin, Lagos"
1682804985565,beg government let intervene food price ajeromi ifelodun lagos people suffer silence,Negative,2023-06-21,"Ajeromi-Ifelodun, Lagos"
1607100577390,household food budget crisis epe lagos prces outpace income significantly naijaeconomy,Negative,2023-02-03,"Epe, Lagos"
1667637443095,men ojo lagos breaking breadwinner cannot provide family pressure hunger destroying home tinubu,Negative,2024-11-30,"Ojo, Lagos"
1676765926430,manage half cup garri whole family lagos mainland lagos hard,Negative,2023-05-01,"Lagos Mainland, Lagos"
1601247437523,local government shomolu lagos done absolutely nothing food crisis appear election,Negative,2023-09-04,"Shomolu, Lagos"
1699907646453,eyan alimosho lagos ti fr ta gbogbo ohun ini lat le ra ounje ebi pa gbogbo eniyan inflationng,Negative,2024-06-09,"Alimosho, Lagos"
1686131879996,price tomato pepper coming small ajeromi ifelodun lagos market week give hope small small,Positive,2023-10-20,"Ajeromi-Ifelodun, Lagos"
1787605886082,wfp begun food distribution ifako ijaiye lagos community today family receiving assistance relief,Positive,2024-12-26,"Ifako-Ijaiye, Lagos"
1642995095149,last time bought cooking oil lagos mainland lagos market three month ago price gone,Negative,2024-03-03,"Lagos Mainland, Lagos"
1711097681777,policy response weak useless apapa lagos resident starving politician share rice election,Negative,2024-01-26,"Apapa, Lagos"
1646208590961,price kg bag rice kosofe lagos market currently stand according trader marketupdate hardtimes,Neutral,2023-07-23,"Kosofe, Lagos"
1791422462812,tuc threaten nationwide protest worsening economic hardship nigeria citing food price lagos hunger,Negative,2023-04-17,"Ifako-Ijaiye, Lagos"
1614483591814,government release palliative ajeromi ifelodun lagos today rice bean garri least something small reach people,Positive,2023-06-02,"Ajeromi-Ifelodun, Lagos"
1770781138370,snack shop near alimosho lagos increase price gas problem suffer lagossuffers,Negative,2024-08-24,"Alimosho, Lagos"
1619706637131,even sachet water shomolu lagos increase pure water naira reach naira going,Negative,2024-02-23,"Shomolu, Lagos"
1602303090267,budget passed billion allocated food security yet oshodi lagos resident starving money foodcrisis,Negative,2024-10-04,"Oshodi, Lagos"
1676077602247,child cry food since last night get anything give kosofe lagos suffering nigeria,Negative,2023-05-27,"Kosofe, Lagos"
1790284622725,hunger kill people lagos mainland lagos government eat alone wickedness highest level,Negative,2024-02-17,"Lagos Mainland, Lagos"
1651175267758,bama yola people flee badagry lagos food supply cannot handle population pressure,Negative,2023-03-18,"Badagry, Lagos"
1768784804472,cooperative market woman ikorodu lagos launch price stabilization scheme essential food item community power foodcrisis,Positive,2024-02-05,"Ikorodu, Lagos"
1796181992665,lagos state government announces plan establish food distribution centre across lgas hardtimes,Neutral,2024-03-04,"Kosofe, Lagos"
1760772614359,cooperative market woman oshodi lagos launch price stabilization scheme essential food item community power sdg,Positive,2023-02-12,"Oshodi, Lagos"
1797750409634,child area ojo lagos visibly malnourished crisis nobody talking suffering,Negative,2023-12-28,"Ojo, Lagos"
1733237103940,manage half cup garri thee whole family ikeja lagos hard,Negative,2024-02-06,"Ikeja, Lagos"
1607874882122,nigeria food import bill rose billion amid declining local agricultural productivity,Neutral,2023-11-09,"Oshodi, Lagos"
1744268408133,please let government came help ajeromi ifelodun lagos people ebi kill every day,Negative,2023-06-21,"Ajeromi-Ifelodun, Lagos"
1734840492626,irony apapa lagos commercial hub nigeria million resident bed hungry every night foodcrisis,Negative,2023-01-31,"Apapa, Lagos"
1719045266482,number child visible sign malnutrition lagos mainland lagos school increasing teacher reporting,Negative,2023-04-13,"Lagos Mainland, Lagos"
1708945361466,man collapsed hunger near somolu lagos today food hope country finish,Negative,2023-08-17,"Somolu, Lagos"
1768180674176,lagos state agricultural development authority hold meeting strategy reduce food import dependency,Neutral,2024-07-10,"Ajeromi-Ifelodun, Lagos"
1716417402979,tomato pepper onion ifako ijaiye lagos market today trader say truck kano cannot pas road,Negative,2024-01-06,"Ifako-Ijaiye, Lagos"
1633178750253,opolopo eniyan jiya food cost oshodi lagos island pas roof naijaeconomy,Negative,2023-07-04,"Oshodi, Lagos"
1619779167549,ground report baruwa lagos street food vendor adjusting portion size manage rising ingredient cost foodprices,Neutral,2023-09-02,"Baruwa, Lagos"
1641730271478,imagine going ifako ijaiye lagos government stop people hungry act inflationng,Negative,2024-07-07,"Ifako-Ijaiye, Lagos"
1633202016466,nobody held accountable child die malnutrition badagry lagos government must charged,Negative,2023-06-18,"Badagry, Lagos"
1761137211140,displaced family borno zamfara shomolu lagos competing already scarce food resource sdg,Negative,2024-11-04,"Shomolu, Lagos"
1624415451059,bean protein poor ikorodu lagos luxury paint bucket bean cost naira,Negative,2024-09-27,"Ikorodu, Lagos"
1681934822636,neighbour fainted morning lagos mainland lagos doctor say hunger people die starvation,Negative,2023-06-16,"Lagos Mainland, Lagos"
1692558213709,bag bean last january mushin lagos tell engineered scarcity,Negative,2023-12-27,"Mushin, Lagos"
1713158591730,mama tunde shomolu lagos say sell cooking pot afford food heartbreaking endpoverty,Negative,2023-06-28,"Shomolu, Lagos"
1673572884348,ncdc monitoring nutrition related health admission lagos hospital amid rising food insecurity report,Neutral,2023-03-20,"Oshodi, Lagos"
1680073841381,see kind suffering baruwa lagos child school empty stomach every day,Negative,2023-11-27,"Baruwa, Lagos"
1642323637545,three day famliy eat day somolu lagos god please help,Negative,2023-05-21,"Somolu, Lagos"
1615651441405,eat since morning wallet empty food house somolu lagos life become survival fittest naijaeconomy,Negative,2024-02-05,"Somolu, Lagos"
1700334567894,bama yola people flee eti osa lagos food supply cannot handle population pressure,Negative,2024-07-27,"Eti-Osa, Lagos"
1633413448856,even sachet water kosofe lagos increase pure water naira reach naira going,Negative,2023-08-29,"Kosofe, Lagos"
1752098656783,surulere lagos market food price percent three month alone inflationng,Negative,2024-07-24,"Surulere, Lagos"
1790943835326,cooperative market woman ikeja lagos launch price stabilization scheme essential food item community power,Positive,2024-10-19,"Ikeja, Lagos"
1665269079698,great news epe lagos resident community food cooperative launch help family access affordable food tinubu,Positive,2023-03-27,"Epe, Lagos"
1776477889984,government official eat million people die hunger badagry lagos shame,Negative,2024-08-10,"Badagry, Lagos"
1775369302758,new study university lagos examines relationship twitter sentiment food price trend nigeria foodscarcity,Neutral,2023-06-18,"Kosofe, Lagos"
1724330258686,new study university lagos examines relationship twitter sentiment food priice trend nigeria,Neutral,2024-07-28,"Kosofe, Lagos"
1727918356201,humanitarian organization call increased funding address food crisis affecting lagos urban poor community naijaproblems,Neutral,2024-01-09,"Oshodi, Lagos"
1748650673219,man collapsed hunger near baruwa lagos today food hope country finish,Negative,2024-05-19,"Baruwa, Lagos"
1734070432368,nigeria war food inflation crushing household farmer unsafe supply chain broken kosofe lagos,Negative,2023-10-26,"Kosofe, Lagos"
1707898129512,farmer herder clash reduced produce coming somolu lagos almost half according trader oyingbo foodcrisis,Negative,2024-01-18,"Somolu, Lagos"
1749864409117,went epe lagos market today came back empty handed could buy anything meaningful family five,Negative,2023-03-24,"Epe, Lagos"
1654299671031,old mama ifako ijaiye lagos say never eat two day nobody care poor,Negative,2024-08-26,"Ifako-Ijaiye, Lagos"
1720623584361,armed force salary cannot buy food family kosofe lagos corruption abuse power start,Negative,2024-03-24,"Kosofe, Lagos"
1628383113536,price garri drop baruwa lagos market new cassava harvest arrives ogun state small win,Positive,2024-12-26,"Baruwa, Lagos"
1616044819180,loaf sliced bread apapa lagos bakery today naira last year naira explain hardtimes,Negative,2023-07-03,"Apapa, Lagos"
1691026014876,area apapa lagos get stable food supply since fuel subsidy removal thing get worse,Negative,2024-03-23,"Apapa, Lagos"
1680424339189,nigeria war food inflation crushing household farmer unsafe supply chain broken ifako ijaiye lagos lagos,Negative,2023-09-15,"Ifako-Ijaiye, Lagos"
1764297211407,pepper tomato onion combination extremely scarce expensive surulere lagos market cooking become gold,Negative,2023-01-11,"Surulere, Lagos"
1741971808082,beggar street ajeromi ifelodun lagos increasing daily people cannot feed family anymore,Negative,2023-07-28,"Ajeromi-Ifelodun, Lagos"
1624761161953,microfinance bank launch special loan product food vendor market woman alimosho lagos help,Positive,2023-06-04,"Alimosho, Lagos"
1611074125208,corporate organization distributes food item family ikeja lagos part csr program goodness,Positive,2023-02-16,"Ikeja, Lagos"
1631883787622,yeparipa eba reach ajeromi ifelodun lagos eat sand soon naijaproblems zerohunger,Negative,2023-12-30,"Ajeromi-Ifelodun, Lagos"
1796522582843,advocated mental health check economic crisis poor salary barely put food table somolu lagos,Negative,2023-05-14,"Somolu, Lagos"
1652294581355,federal ministry agriculture release emergency food reserve stock state including lagos nigeria,Neutral,2023-05-11,"Apapa, Lagos"
1674391244809,expert call policy intervention nigeria global hunger index score worsens,Neutral,2024-11-20,"Alimosho, Lagos"
1784563805284,see kind suffering agege lagos child school empty stomach every day hunger,Negative,2023-07-11,"Agege, Lagos"
1643145028395,opolopo eniyan jiya ninu surulere lagos owo ko si ounje ko si oluwa gba wa,Negative,2024-06-30,"Surulere, Lagos"
1635916958498,displaced family borno zamfara eti osa lagos competing already scarce food resource,Negative,2024-03-28,"Eti-Osa, Lagos"
1706525552176,insecurity made farming impossible north eti osa lagos market running dwindling reserve,Negative,2023-04-03,"Eti-Osa, Lagos"
1742432858116,men apapa lagos breaking breadwinner cannot provide family pressure hunger destroying home,Negative,2023-08-30,"Apapa, Lagos"
1639485992680,see kind suffering shomolu lagos child school empty stomach every day economichardship,Negative,2024-12-31,"Shomolu, Lagos"
1631177571111,omo tin happen ikorodu lagos market good like say food become luxury lagossuffers,Negative,2023-10-25,"Ikorodu, Lagos"
1629491322802,bag bean last january baruwa lagos tell ti engineered scarcity,Negative,2024-01-25,"Baruwa, Lagos"
1775678781188,yeparipa eba reach alimosho lagos eat sand soon naijaproblems,Negative,2024-10-23,"Alimosho, Lagos"
1718502712936,eba vegetable soup used affordable meal ifako ijaiye lagos hustler even become expensive,Negative,2023-03-08,"Ifako-Ijaiye, Lagos"
1766336066617,nigeria food import bill rose billion amid declining local agricultural productivity,Neutral,2024-05-29,"Shomolu, Lagos"
1620183148970,nigeria war food inflation crushing household farmer unsafe supply chain broken mushin lagos tinubu,Negative,2024-01-20,"Mushin, Lagos"
1732490860713,policy response weak useless ifako ijaiye lagos resident starving politician share rice election,Negative,2024-11-11,"Ifako-Ijaiye, Lagos"
1680736643954,mama tunde badagry lagos say sell cooking pot afford food heartbreaking,Negative,2024-09-03,"Badagry, Lagos"
1613469159270,governor lagos personally supervises food distribution ikeja lagos community least paying attention,Positive,2024-10-06,"Ikeja, Lagos"
1761912247960,noodle last option poor people alimosho lagos increase price supposed eat,Negative,2023-07-09,"Alimosho, Lagos"
1712871648969,government say theey share palliative apapa lagos ordinary people grassroots see anything lie,Negative,2024-10-31,"Apapa, Lagos"
1636087307143,area surulere lagos get stable food supply since fuel subsidy removal thing get worse,Negative,2024-10-03,"Surulere, Lagos"
1670752713248,neighbour fainted morning kosofe lagos doctor say hunger people die starvation foodscarcity,Negative,2023-02-07,"Kosofe, Lagos"
1755089273873,lagos state food bank initiative record increase demand low income household,Neutral,2023-02-03,"Kosofe, Lagos"
1766807724532,new usaid funded study track social medium signal foood insecurity nigerian urban centre,Neutral,2023-11-25,"Badagry, Lagos"
1620289492746,actionaid nigeria release report impact food insecurity woman headed household mushin lagos hardtimes,Neutral,2024-06-24,"Mushin, Lagos"
1731682627084,household food budget crisis somolu lagos price outpace income significantly naijaeconomy,Negative,2024-07-16,"Somolu, Lagos"
1738936087538,neighbour fainted morning eti osa lagos doctor say hunger people die starvation zerohunger,Negative,2024-12-27,"Eti-Osa, Lagos"
1627047754390,restaurant ojo lagos closing even middle class longer afford eat regularly,Negative,2024-02-18,"Ojo, Lagos"
1693464923132,men somolu lagos breaking breadwinner cannot provide family pressure hunger destroying home,Negative,2024-05-09,"Somolu, Lagos"
1624820363391,food price ikorodu lagos gone completely control market woman today told tomato luxury item,Negative,2024-05-14,"Ikorodu, Lagos"
1616516355638,want police soldier respect law salary cannot put food table kosofe lagos,Negative,2023-06-01,"Kosofe, Lagos"
1607304630898,omo tin happen ikeja lagos market good like say food become luxury naijaeconomy,Negative,2024-02-08,"Ikeja, Lagos"
1674388554980,government stop hunger abandoned shomolu lagos completely naijaeconomy,Negative,2023-03-21,"Shomolu, Lagos"
1624354720593,lagos state agricultural development authority hold meeting strategy reduce food import dependency foodprices,Neutral,2024-08-13,"Ojo, Lagos"
1659670421902,government say share palliative lagos island lagos ordinary people grassroots see anything lie foodscarcity,Negative,2023-04-06,"Lagos Island, Lagos"
1643272074142,pain see eti osa lagos people suffer food government waste money,Negative,2023-01-03,"Eti-Osa, Lagos"
1620964841462,high cost living swallow ikorodu lagos expense higher income business struggle,Negative,2023-06-24,"Ikorodu, Lagos"
1778715263772,school feeding program resume shomolu lagos primary school today brief suspension child happy foodcrisis,Positive,2023-08-02,"Shomolu, Lagos"
1681016329670,bag bean last january alimosho lagos tell engineered scarcity,Negative,2024-06-09,"Alimosho, Lagos"
1647188915197,yeparipa eba reach somolu lagos eat sand soon naijaproblems,Negative,2024-05-18,"Somolu, Lagos"
1767007088090,food price ikeja lagos gone completely control market woman today told tomato luxury item,Negative,2024-08-08,"Ikeja, Lagos"
1728469529075,opolopo eniyan jiya ninu ikorodu lagos owo ko si ounje ko si oluwa gba wa,Negative,2023-10-19,"Ikorodu, Lagos"
1763264568218,trader oshodi lagos market confirm food price percent three month inflationng endpoverty,Negative,2023-10-07,"Oshodi, Lagos"
1672555197729,wa price yam surulere lagos higher price petrol per litre something wrong,Negative,2023-07-08,"Surulere, Lagos"
1754466431904,god help epe lagos people government abandon completely came food inflationng,Negative,2023-06-11,"Epe, Lagos"
1685660465688,noodle last option poor people agege lagos increase price supposed eat,Negative,2024-12-26,"Agege, Lagos"
1642754696325,lagos urban agriculture initiative training youth shomolu lagos grow food small plot inspiring work,Positive,2023-02-01,"Shomolu, Lagos"
1744389415737,beg government let intervene food price ifako ijaiye lagos people suffer silence,Negative,2024-05-01,"Ifako-Ijaiye, Lagos"
1736439980480,egg per piece alimosho lagos say poultry feed cost plenty pay price,Negative,2023-09-16,"Alimosho, Lagos"
1716989479595,great news mushin lagos resident community food cooperative launch help family access affordable food,Positive,2024-06-02,"Mushin, Lagos"
1611809891633,youth group eti osa lagos start rooftop farming project grow vegetable local community innovation economichardship,Positive,2024-01-28,"Eti-Osa, Lagos"
1723631726685,microfinance bank launch special loan product food vendor market woman ikeja lagos help,Positive,2024-08-29,"Ikeja, Lagos"
1674793349651,want police soldier respect law salary cannot put food table ikorodu lagos suffering,Negative,2023-08-09,"Ikorodu, Lagos"
1601962491159,neighbour fainted morning lagos island lagos doctor say hunger people die starvation,Negative,2023-05-28,"Lagos Island, Lagos"
1738000059904,ngo working shomolu lagos report increase demand emergency food assistance since january,Neutral,2023-04-06,"Shomolu, Lagos"
1765522942049,senate committee agriculture hold hearing food security situation minister fao representative nigeriadecides,Neutral,2024-11-07,"Epe, Lagos"
1707395460769,market survey eti osa lagos basket tomato cost compared period last year,Neutral,2023-08-15,"Eti-Osa, Lagos"
1782458934577,lagos state food bank initiative record increase demand low income household foodcrisis,Neutral,2023-07-30,"Somolu, Lagos"
1643993941939,engineered scarcity nigeria feeding west africa people starve ifako ijaiye lagos,Negative,2023-11-30,"Ifako-Ijaiye, Lagos"
1745444853832,cadre harmonis assessment million people southwest nigeria face acute food insecurity lean season endpoverty,Neutral,2023-10-26,"Oshodi, Lagos"
1684117828933,wa price yam ikeja lagos higher thee price petrol per litre something wrong economichardship,Negative,2024-05-20,"Ikeja, Lagos"
1633942494828,omo tin happen ikeja lagos market good like say food become luxury,Negative,2023-04-01,"Ikeja, Lagos"
1736084735984,number child visible sign malnutrition shomolu lagos school increasing teacher reporting,Negative,2024-03-01,"Shomolu, Lagos"
1752699880124,policy response weak useless ajeromi ifelodun lagos resident starving politician share rice election,Negative,2023-08-18,"Ajeromi-Ifelodun, Lagos"
1747569588145,tomato naira last year reach somolu lagos market inflation kill,Negative,2024-11-23,"Somolu, Lagos"
1709085408021,ngo working agege lagos report increase demand emergency food assistance since january,Neutral,2023-11-02,"Agege, Lagos"
1715798532779,depression anxiety rising agege lagos people struggle feed hunger mental health crisis,Negative,2024-04-17,"Agege, Lagos"
1629178706883,start fuel price rippling economy fertilizer shortage let food price worse thsi season ojo lagos naijaeconomy,Negative,2024-04-12,"Ojo, Lagos"
1715943099478,ifako ijaiye lagos market food price percent three month alone inflationng,Negative,2023-10-08,"Ifako-Ijaiye, Lagos"
1799860107850,see kind suffering alimosho lagos child school empty stomach every day economichardship,Negative,2023-06-07,"Alimosho, Lagos"
1738110303925,budget passed billion allocated food security yet eti osa lagos resident starving money,Negative,2023-02-27,"Eti-Osa, Lagos"
1624239538968,satellite data geoglam show average crop yield expected major food producing state season nigeria,Neutral,2024-06-21,"Ikorodu, Lagos"
1747062761691,first batch subsidized food federal strategic reserve arrives somolu lagos distribution point today hardtimes,Positive,2023-11-28,"Somolu, Lagos"
1696115838652,climate shock plus conflict plus inflation equal catastrophe food security eti osa lagos perfect storm,Negative,2024-07-13,"Eti-Osa, Lagos"
1727516607047,senate committee agriculture hold hearing food security situation minister fao representative nigeria,Neutral,2024-11-26,"Apapa, Lagos"
1704700549588,hunger kill people ojo lagos government eat alone wickedness thee highest level,Negative,2023-03-24,"Ojo, Lagos"
1639089797590,bag bean last january shomolu lagos tell engineered scarcity,Negative,2024-12-29,"Shomolu, Lagos"
1761220290761,unicef report highlight rising acute malnutrition among five kid urban lagos slum,Neutral,2023-04-04,"Shomolu, Lagos"
1748418058200,academic paper published sentiment analysis nigerian twitter reveals early warning signal food crisis,Neutral,2023-03-01,"Ikeja, Lagos"
1753590755264,eba vegetable soup used affordable meal ojo lagos hustler even become expensive,Negative,2024-07-08,"Ojo, Lagos"
1711896263455,food security stakeholder gather ojo lagos quarterly review meeting hunger mitigation strategy,Neutral,2024-10-19,"Ojo, Lagos"
1678332544578,government say dy share palliative epe lagos ordinary people grassroots see anything lie lagossuffers,Negative,2023-02-10,"Epe, Lagos"
1784216780339,went eti osa lagos market today came back empty handed could buy anything meaningful family five,Negative,2024-08-03,"Eti-Osa, Lagos"
1711207424533,lagos urban agriculture initiative training youth eti osa lagos grow food small plot inspiring work,Positive,2023-02-11,"Eti-Osa, Lagos"
1760137252038,small win price indomie noodle remains stable epe lagos despite general inflation least one thing holding,Positive,2024-09-21,"Epe, Lagos"
1654780137633,good news lagos mainland lagos local farmer cooperative report increase food production planting season,Positive,2024-09-15,"Lagos Mainland, Lagos"
1796684804286,kind country ojo lagos man work hard every day cannot afford eat three time nonsense,Negative,2023-03-01,"Ojo, Lagos"
1707885583872,local government official oshodi lagos conduct market inspection following report artificial food scarcity,Neutral,2024-07-11,"Oshodi, Lagos"
1749086231647,news emergency food aid distribution begin three kosofe lagos lgas targeted lagos state government today suffering,Neutral,2023-06-03,"Kosofe, Lagos"
1751037698011,lagos state government announces plan establish food distribution centre across lgas,Neutral,2024-10-21,"Lagos Island, Lagos"
1652437560320,price moimoi akara eti osa lagos doubled supposed food ordinary person,Negative,2023-05-16,"Eti-Osa, Lagos"
1696831941905,conflict da north broken food supply chain way kosofe lagos affected sdg,Negative,2023-12-21,"Kosofe, Lagos"
1660757054678,few net lagos categorized ipc phase stress level pocket phase crisis informal settlement,Neutral,2023-02-18,"Surulere, Lagos"
1728125195427,youth group apapa lagos start rooftop farming project grow vegetable local community innovation,Positive,2023-08-30,"Apapa, Lagos"
1704284296069,price kg bag rice ifako ijaiye lagos market currently stand according trader marketupdate,Neutral,2024-08-19,"Ifako-Ijaiye, Lagos"
1611295226877,nb data show food inflation lagos reached highest five year economy,Neutral,2024-12-05,"Oshodi, Lagos"
1618176686287,man collapsed hunger near lagos island lagos today food hope country finish,Negative,2023-08-31,"Lagos Island, Lagos"
1679584183736,manage half cup garri whole family kosofe lagos hard,Negative,2023-12-16,"Kosofe, Lagos"
1739148936228,eat since morning wallet empty food house somolu lagos life become survival fittest,Negative,2023-07-19,"Somolu, Lagos"
1707472785064,journalist document condition lagos island lagos food bank queue begin forming dawn day lagos,Neutral,2024-11-08,"Lagos Island, Lagos"
1772489017701,new usaid funded study track social medium signal food insecurity nigerian urban centre,Neutral,2024-09-19,"Somolu, Lagos"
1609861226149,cost feeding family four lagos risen per month two year endpoverty,Neutral,2024-09-13,"Badagry, Lagos"
1628311042688,nigeria food import bill rose billion amid declining local agricultural productivity,Neutral,2023-07-30,"Ojo, Lagos"
1711336250003,god help ojo lagos people government abandon completely came food economichardship,Negative,2024-03-19,"Ojo, Lagos"
1785736062449,empty stall everywhere mushin lagos market today wholesale supply dried completely foodscarcity foodscarcity,Negative,2024-09-09,"Mushin, Lagos"
1680888754192,agric minister confirms new fertilizer subsidy reduce input cost farmer expected lower food price,Positive,2023-03-23,"Shomolu, Lagos"
1765514750909,semovita finish shop badagry lagos supplier say factory ration production raw material cost suffering,Negative,2024-10-15,"Badagry, Lagos"
1698894960493,god help surulere lagos people goverment abandon completely came food foodscarcity,Negative,2023-07-28,"Surulere, Lagos"
1772531937623,snack shop near oshodi lagos increase price gas problem suffer inflation,Negative,2024-06-21,"Oshodi, Lagos"
1753384221962,garri buy last year reach epe lagos take happen like foodscarcity,Negative,2024-12-20,"Epe, Lagos"
1750680730724,tinubu government remove subsidy food price sky rocket somolu lagos poor people carry burden zerohunger,Negative,2023-01-13,"Somolu, Lagos"
1737887608271,ngo working shomolu lagos report increase demand emergency food assistance since january,Neutral,2024-02-07,"Shomolu, Lagos"
1703857019053,omo tin happen epe lagos market good like say food become luxury zerohunger,Negative,2024-05-10,"Epe, Lagos"
1737121479368,nobody held accountable child die malnutrition baruwa lagos government must charged,Negative,2024-10-25,"Baruwa, Lagos"
1764859965050,federal ministry agriculture release emergency food reserve stock state including lagos sdg,Neutral,2024-11-15,"Ifako-Ijaiye, Lagos"
1713333091166,government share food abuja camera lagos mainland lagos ground zero nothing reach ordinary people economichardship,Negative,2023-12-13,"Lagos Mainland, Lagos"
1604608464868,manage half cup garri whole family shomolu lagos hard,Negative,2024-08-24,"Shomolu, Lagos"
1682292956830,research team covenant university develops nlp model monitor food crisis signal nigerian twitter foodcrisis,Neutral,2024-04-19,"Ikeja, Lagos"
1737470511064,restaurant shomolu lagos closing even middle class longer afford eat regularly,Negative,2024-11-09,"Shomolu, Lagos"
1757662836942,pain see ikorodu lagos people suffer food government waste money lagospalliative,Negative,2023-11-03,"Ikorodu, Lagos"
1661589067563,nigeria war food inflation crushing household farmer unsafe supply chain broken alimosho lagos,Negative,2024-03-05,"Alimosho, Lagos"
1619693184131,know three family baruwa lagos eaten proper meal day exaggerating foodprices,Negative,2024-10-17,"Baruwa, Lagos"
1601179373563,cooperative market woman surulere lagos launch price stabilization scheme essential food item community power,Positive,2023-07-28,"Surulere, Lagos"
1705853974361,food security stakeholder gather agege lagos quarterly review meeting hunger mitigation strategy lagos,Neutral,2023-07-16,"Agege, Lagos"
1679601963843,integrated food security phase classification ipc team begin data collection across lagos lgas today foodcrisis,Neutral,2024-12-30,"Lagos Island, Lagos"
1745157859867,bag bean last january badagry lagos tell engineered scarcity,Negative,2023-09-13,"Badagry, Lagos"
1675742627407,government share food abuja camera ojo lagos ground zero nothing reach ordinary people,Negative,2023-05-28,"Ojo, Lagos"
1787017776196,displaced family borno zamfara shomolu lagos competing already scarce food resource,Negative,2023-07-11,"Shomolu, Lagos"
1663141961931,lasg governor approves billion food subsidy fund low income family across lagos lgas progress,Positive,2024-12-09,"Shomolu, Lagos"
1756928973883,federal government inaugurates food price monitoring committee track inflation across state including lagos lagos,Neutral,2024-12-14,"Baruwa, Lagos"
1775409299357,joint un fao wfp mission visit lagos assess food security situation ground,Neutral,2023-08-01,"Ikorodu, Lagos"
1792659480101,new usaid funded study track social medium signal food insecurity nigerian urban centre,Neutral,2024-12-17,"Ikeja, Lagos"
1715300038905,uncle somolu lagos said cried first time adult life last night could feed child inflationng,Negative,2023-08-15,"Somolu, Lagos"
1696282467710,small win price indomie noodle remains stable baruwa lagos despite general inflation least one thing holding,Positive,2024-06-13,"Baruwa, Lagos"
1729207159917,school dropout rate somolu lagos rising parent cannot afford school fee food time,Negative,2023-07-22,"Somolu, Lagos"
1767445006675,federal government inaugurates food price monitoring committee track inflation across state including lagos,Neutral,2024-12-04,"Eti-Osa, Lagos"
1689221738985,three day family eat day eti osa lagos god please help,Negative,2023-01-31,"Eti-Osa, Lagos"
1674724440781,government say share palliative agege lagos ordinary people grassroots see anything lie,Negative,2023-07-14,"Agege, Lagos"
1721208408377,displaced family borno zamfara ikorodu lagos competing already scarce food resource,Negative,2024-01-19,"Ikorodu, Lagos"
1697785681376,governor lagos personally supervises food distribution baruwa lagos community least paying attention,Positive,2024-10-18,"Baruwa, Lagos"
1642125297309,stockfish poor family depend apapa lagos disappeared market become expensive buy sdg,Negative,2024-07-03,"Apapa, Lagos"
1773610379847,swr tire food money hope apapa lagos suffering end,Negative,2024-09-19,"Apapa, Lagos"
1670768631807,community garden initiative epe lagos begin harvest providing fresh vegetable local family lagossuffers,Positive,2024-04-06,"Epe, Lagos"
1733458698122,cadre harmonis assessment million ppls southwest nigeria face acute food insecurity lean season,Neutral,2023-12-25,"Alimosho, Lagos"
1636187201410,irony oshodi lagos commercial hub nigeria million resident bed hungry every night,Negative,2023-09-18,"Oshodi, Lagos"
1764996211055,eat eba without soup even thank god somolu lagos living enduring,Negative,2024-09-02,"Somolu, Lagos"
1607963779249,wa price yam agege lagos higher price petrol per litre something wrong,Negative,2023-05-09,"Agege, Lagos"
1740118604745,journalist document condition badagry lagos food bank queue begin forming dawn day economichardship,Neutral,2023-11-08,"Badagry, Lagos"
1724131800670,market survey ojo lagos basket tomato cost compared period last year,Neutral,2023-12-17,"Ojo, Lagos"
1677426655718,seen price baby food diaper rent ajeromi ifelodun lagos person manage,Negative,2024-05-11,"Ajeromi-Ifelodun, Lagos"
1762391760492,school feeding program resume lagos mainland lagos primary school today brief suspension child happy,Positive,2023-09-28,"Lagos Mainland, Lagos"
1704532767487,world food programme wfp begin assessment food insecurity level lagos community next month lagos,Neutral,2023-04-28,"Lagos Mainland, Lagos"
1658328818921,senate committee agriculture hold hearing food security situation minister fao representative,Neutral,2024-03-15,"Epe, Lagos"
1711629040371,domestic violence case eti osa lagos linked food stress hungry people become desperate people,Negative,2023-05-06,"Eti-Osa, Lagos"
1648511592345,local government official baruwa lagos conduct market inspection following report artificial food scarcity naijaeconomy,Neutral,2024-06-17,"Baruwa, Lagos"
1774857599895,ncdc monitoring nutrition related health admission lagos hospital amid rising food insecurity report,Neutral,2024-02-04,"Alimosho, Lagos"
1603892537570,went baruwa lagos market today came back empty handed could buy anything meaningful family five,Negative,2024-06-20,"Baruwa, Lagos"
1781117445413,eyan ikorodu lagos ti fr ta gbogbo ohun ini lat le ra ounje ebi pa gbogbo eniyan,Negative,2023-03-28,"Ikorodu, Lagos"
1735292868438,neighbour fainted morning surulere lagos doctor say hunger people die starvation,Negative,2023-06-24,"Surulere, Lagos"
1644583779452,hunger kill people mushin lagos government eat alone wickedness highest level sdg,Negative,2023-02-25,"Mushin, Lagos"
1708240047849,ngo working kosofe lagos report increase demand emergency food assistance since january,Neutral,2024-09-14,"Kosofe, Lagos"
1782264062077,humanitarian organization call increased funding address food crisis affecting lagos urban poor community,Neutral,2023-11-08,"Badagry, Lagos"
1672663443303,governor lagos personally supervises food distribution ojo lagos community least paying attention endpoverty,Positive,2024-01-22,"Ojo, Lagos"
1645394390085,eat since morning wallet empty food house ojo lagos life become survival fittest,Negative,2023-09-15,"Ojo, Lagos"
1716299831022,yeparipa eba reach lagos island lagos eat sand soon naijaproblems,Negative,2024-04-23,"Lagos Island, Lagos"
1655709758852,market watch price key food commodity ojo lagos reviewed weekly lagos consumer protection council,Neutral,2024-02-26,"Ojo, Lagos"
1778976851634,bos ifako ijaiye lagos cut canteen budget thee food vendor cannot maintain affordable price anymore,Negative,2023-08-29,"Ifako-Ijaiye, Lagos"
1692372120078,tinubu government remove subsidy food price sky rocket badagry lagos poor people carry burden naijaeconomy,Negative,2023-10-10,"Badagry, Lagos"
1691755792654,supply chain staple food item alimosho lagos completely broken government must act,Negative,2023-11-30,"Alimosho, Lagos"
1791035576376,humanitarian organization call increased funding address food crisis affecting lagos urban poor community,Neutral,2023-04-11,"Badagry, Lagos"
1781761245449,noodle last option poor people baruwa lagos increase price supposed eat tinubu,Negative,2023-12-22,"Baruwa, Lagos"
1780888481727,old mama badagry lagos say never eat two day nobody care poor naijaeconomy,Negative,2024-07-21,"Badagry, Lagos"
1683278755332,three day family eat day oshodi lagos god please help,Negative,2023-08-23,"Oshodi, Lagos"
1718598608987,trader ajeromi ifelodun lagos market confirm food price percent three month inflationng lagossuffers,Negative,2024-03-17,"Ajeromi-Ifelodun, Lagos"
1727983449406,snack shop near lagos island lagos increase price gas problem suffer naijaproblems,Negative,2024-05-29,"Lagos Island, Lagos"
1619951647191,exaggerating say food situation shomolu lagos humanitarian emergency waiting declared foodcrisis,Negative,2024-01-03,"Shomolu, Lagos"
1667975269935,food price key staple like yam plantain stabilized agege lagos market week hope lost inflation,Positive,2024-08-19,"Agege, Lagos"
1628423994812,swr tire food money hope ifako ijaiye lagos suffering end,Negative,2023-01-30,"Ifako-Ijaiye, Lagos"
1796878430405,supply chain staple food item kosofe lagos completely broken government must act,Negative,2024-12-10,"Kosofe, Lagos"
1692132154196,new foood bank open ojo lagos struggling feed family please walk form stress,Positive,2024-05-26,"Ojo, Lagos"
1750702739174,market trader association badagry lagos issue statement factor driving teh current food price increase naijaeconomy,Neutral,2024-07-13,"Badagry, Lagos"
1774259101014,academic paper published sentiment analysis nigerian twitter reveals early warning signal food crisis,Neutral,2023-06-20,"Eti-Osa, Lagos"
1648123347875,bama yola people flee eti osa lagos food supply cannot handle population pressure,Negative,2023-04-26,"Eti-Osa, Lagos"
1731677885532,trader lagos island lagos market report reduction daily customer resident cut back food purchase naijaeconomy,Neutral,2024-12-09,"Lagos Island, Lagos"
1762721931937,eat since morning wallet empty food house apapa lagos life become survival fittest,Negative,2023-11-07,"Apapa, Lagos"
1670431792192,wa price yam epe lagos higher price petrol per litre something wrong foodprices,Negative,2023-02-25,"Epe, Lagos"
1618851841058,restaurant oshodi lagos closing even middle class longer afford eat regularly,Negative,2023-02-26,"Oshodi, Lagos"
1600430258498,eyan ikeja lagos ti fr ta gbogbo ohun ini lat le ra ounje ebi pa gbogbo eniyan hardtimes,Negative,2024-04-12,"Ikeja, Lagos"
1682615673587,number people begging mushin lagos street doubled last six month normal,Negative,2023-08-04,"Mushin, Lagos"
1633381216885,lagos state government announces plan establish food distribution centre across lgas tinubu,Neutral,2024-10-30,"Apapa, Lagos"
1717146858891,number child visible sign malnutrition oshodi lagos school increasing teacher reporting,Negative,2024-01-21,"Oshodi, Lagos"
1701768053888,actionaid nigeria release report impact food insecurity woman headed household baruwa lagos economichardship,Neutral,2024-08-30,"Baruwa, Lagos"
1741162406960,household food budget crisis somolu lagos priices outpace income significantly naijaeconomy,Negative,2023-02-20,"Somolu, Lagos"
1633692919468,mama tunde somolu lagos say sell cooking pot afford food heartbreaking,Negative,2024-03-31,"Somolu, Lagos"
1618473866767,few net quarterly report flag lagos kano area requiring close food security monitoring coming month foodcrisis,Neutral,2024-09-19,"Ifako-Ijaiye, Lagos"
1688385301004,men somolu lagos breaking breadwinner cannot provide family pressure hunger destroying home,Negative,2023-02-18,"Somolu, Lagos"
1743744179714,child ajeromi ifelodun lagos sleep hungry every night beg government let hear,Negative,2023-09-15,"Ajeromi-Ifelodun, Lagos"
1641170584623,ncdc monitoring nutrition related health admission lagos hospital amid rising foood insecurity report tinubu,Neutral,2023-03-15,"Oshodi, Lagos"
1707287393356,stockfish poor family depend oshodi lagos disappeared market become expensive buy nigeriadecides,Negative,2024-06-04,"Oshodi, Lagos"
1774712828322,even sachet water alimosho lagos increase pure water naira reach naira going,Negative,2024-01-31,"Alimosho, Lagos"
1768122443988,good news ojo lagos local farmer cooperative report increase food production planting season foodcrisis,Positive,2023-07-05,"Ojo, Lagos"
1728777307374,god help lagos mainland lagos people government abandon completely came food,Negative,2023-01-26,"Lagos Mainland, Lagos"
1702711895183,kid cry food since last night get anything give ajeromi ifelodun lagos suffering endpoverty,Negative,2024-12-15,"Ajeromi-Ifelodun, Lagos"
1668271995375,international food aid organization begin registration vulnerable household ikeja lagos monthly food support economichardship,Positive,2024-06-12,"Ikeja, Lagos"
1660742118345,lagos state food bank initiative record increase demand low income household endpoverty,Neutral,2023-01-01,"Badagry, Lagos"
1738850448940,woman baruwa lagos said mixing garri water child afford,Negative,2024-05-09,"Baruwa, Lagos"
1733736561722,eat eba without soup even thank god agege lagos living enduring nigeriadecides,Negative,2023-10-31,"Agege, Lagos"
1757668158192,joint statement ngo food situation shomolu lagos requires urgent coordinated humanitarian response,Neutral,2023-12-23,"Shomolu, Lagos"
1651336515978,expert call policy intervention nigeria global hunger index score worsens foodprices,Neutral,2024-02-08,"Mushin, Lagos"
1681599035033,food security stakeholder gather ojo lagos quarterly review meeting hunger mitigation strategy tinubu,Neutral,2023-06-23,"Ojo, Lagos"
1754545859575,rice reach per bag alimosho lagos person eat foodcrisis lagos,Negative,2023-05-13,"Alimosho, Lagos"
1612834155451,semovita finish shop shomolu lagos supplier say factory ration production raw material cost,Negative,2024-09-21,"Shomolu, Lagos"
1725804230125,ngo distributes food pack vulnerable family eti osa lagos today thee kind help need hunger,Positive,2024-05-09,"Eti-Osa, Lagos"
1785963736640,government stop hunger abandoned lagos mainland lagos completely,Negative,2024-10-25,"Lagos Mainland, Lagos"
1730679000744,garri buy last year reach mushin lagos take happen like lagossuffers,Negative,2023-03-04,"Mushin, Lagos"
1601044060736,food prces shomolu lagos gone completely control market woman today told tomato luxury item,Negative,2023-02-13,"Shomolu, Lagos"
1790776776048,ground report epe lagos street food vendor adjusting portion size manage rising ingredient cost,Neutral,2023-11-27,"Epe, Lagos"
1655580316077,market survey ikeja lagos basket tomato cost compared period last year,Neutral,2024-08-08,"Ikeja, Lagos"
1701309680625,lagos resident spend average household income food new survey nb reveals,Neutral,2023-10-12,"Lagos Island, Lagos"
1604041950526,domestic violence case shomolu lagos linked food stress hungry people become desperate people,Negative,2023-11-15,"Shomolu, Lagos"
1758503062206,semovita finish shop oshodi lagos supplier say factory ration production raw material cost,Negative,2023-05-10,"Oshodi, Lagos"
1604873105890,god help baruwa lagos people gov abandon completely came food,Negative,2023-04-12,"Baruwa, Lagos"
1737861112039,world food programme wfp begin assessment food insecurity level lagos community next month,Neutral,2023-05-18,"Lagos Island, Lagos"
1704037213118,omo tin happen ajeromi ifelodun lagos market good like say food become luxury,Negative,2024-04-18,"Ajeromi-Ifelodun, Lagos"
1737889556687,pepper tomato onion combination extremely scarce expensive oshodi lagos market cooking become gold inflation,Negative,2024-09-24,"Oshodi, Lagos"
1791940349412,psychological trauma knowing next meal came destroying apapa lagos community,Negative,2024-08-13,"Apapa, Lagos"
1787613793326,senate committee agriculture hold hearing food security situation minister fao representative,Neutral,2024-01-01,"Apapa, Lagos"
1767063308851,federal ministry agriculture release emergency food reserve stock state including lagos economichardship,Neutral,2024-06-23,"Agege, Lagos"
1673967343655,new cold chain facility open mushin lagos mean less food waste stable supply market,Positive,2024-10-15,"Mushin, Lagos"
1680247763115,good news ikeja lagos local farmer cooperative report increase food production planting season,Positive,2024-10-27,"Ikeja, Lagos"
1632334986875,woman agege lagos forced dangerous situation feed tehir family hunger real,Negative,2024-07-23,"Agege, Lagos"
1713989258797,government official eat million people die hunger eti osa lagos shame nigeria,Negative,2024-08-24,"Eti-Osa, Lagos"
1750441925624,central bank nigeria attribute food inflation partly exchange rate pas imported food item,Neutral,2024-12-07,"Oshodi, Lagos"
1685087915960,psychological trauma knowing next meal came destroying somolu lagos community nigeria,Negative,2023-04-05,"Somolu, Lagos"
1683370691500,woman ifako ijaiye lagos forced dangerous situation feed dair family hunger real,Negative,2024-03-29,"Ifako-Ijaiye, Lagos"
1705767391638,policy response weak useless oshodi lagos resident starving politician share rice election foodscarcity,Negative,2024-07-22,"Oshodi, Lagos"
1619377626926,bag bean last january lagos mainland lagos tell engineered scarcity tinubu,Negative,2023-04-14,"Lagos Mainland, Lagos"
1623458701809,world food programme wfp begin assessment food insecurity level lagos community next month,Neutral,2023-01-30,"Shomolu, Lagos"
1620157843459,conflict north broken food supply chain way eti osa lagos affected,Negative,2023-05-11,"Eti-Osa, Lagos"
1627522340165,child area ojo lagos visibly malnourished crisis nobody talking suffering,Negative,2023-01-27,"Ojo, Lagos"
1634629958770,farmer epe lagos outskirt say longer afford fertilizer current price next harvest disaster,Negative,2023-07-24,"Epe, Lagos"
1755897622874,few net quarterly report flag lagos kano area requiring close food security monitoring coming month,Neutral,2024-04-03,"Ikeja, Lagos"
1737480492760,food security stakeholder gather ikeja lagos quarterly review meeting hunger mitigation strategy,Neutral,2024-06-22,"Ikeja, Lagos"
1736222350310,woman lagos mainland lagos forced dangerous situation feed family hunger real,Negative,2023-05-28,"Lagos Mainland, Lagos"
1624162668390,news emergency food aid distribution begin three shomolu lagos lgas targeted lagos state government today hardtimes,Neutral,2024-08-21,"Shomolu, Lagos"
1778457314779,see kind suffering mushin lagos child school empty stomach every day,Negative,2023-05-22,"Mushin, Lagos"
1713975099207,agric minister confirms new fertilizer subsidy reduce input cost farmer expected lower food price foodscarcity,Positive,2024-10-12,"Mushin, Lagos"
1690576004609,farmer herder clash reduced produce coming ifako ijaiye lagos almost half according trader oyingbo,Negative,2023-12-27,"Ifako-Ijaiye, Lagos"
1772966499695,tomato supply dry completely eti osa lagos farmer say insecurity north finish everything foodscarcity,Negative,2023-02-11,"Eti-Osa, Lagos"
1711087827569,omo tin happen eti osa lagos market good like say food become luxury hardtimes,Negative,2023-03-02,"Eti-Osa, Lagos"
1623456874260,nb data show food inflation lagos reached highest five year economy foodprices,Neutral,2023-07-14,"Somolu, Lagos"
1601069780300,local government official surulere lagos conduct market inspection following report artificial foood scarcity,Neutral,2024-11-15,"Surulere, Lagos"
1716660286452,child area agege lagos visibly malnourished crisis nobody talking zerohunger,Negative,2024-06-25,"Agege, Lagos"
1712452521668,lovely initiative church mosque oshodi lagos joined force provide daily meal hungry family,Positive,2023-09-24,"Oshodi, Lagos"
1770032697187,new food bank open lagos mainland lagos struggling feed family please walk form stress suffering,Positive,2023-03-27,"Lagos Mainland, Lagos"
1675726053930,oxfam nigeria call government implement emergency food subsidy urban poor lagos kano,Neutral,2023-04-01,"Kosofe, Lagos"
1648806364243,price kg bag rice ajeromi ifelodun lagos markeet currently stand according trader marketupdate,Neutral,2024-06-13,"Ajeromi-Ifelodun, Lagos"
1691631892355,food insecurity somolu lagos crisis level ipc indicator pointing phase nobody talking,Negative,2024-10-25,"Somolu, Lagos"
1652882707904,armed force salary cannot buy food family mushin lagos corruption abuse power start nigeria,Negative,2023-06-13,"Mushin, Lagos"
1786983610600,swr tire food money hope shomolu lagos ti suffering end,Negative,2024-05-01,"Shomolu, Lagos"
1793968466179,bean protein poor ikeja lagos luxury paint bucket bean cost naira,Negative,2024-04-15,"Ikeja, Lagos"
1715258577011,fuel price go food price go transport go salary stay loyal nigeria inflation naijaeconomy,Negative,2024-07-05,"Lagos Island, Lagos"
1758030094766,supply chain staple food item lagos mainland lagos completely broken government must act sdg,Negative,2023-11-25,"Lagos Mainland, Lagos"
1747246182624,price garri drop ikeja lagos market new cassava harvest arrives ogun state small win,Positive,2024-09-08,"Ikeja, Lagos"
1673986800642,rice pric drop slightly ikorodu lagos market government release emergency reserve little relief family,Positive,2024-06-30,"Ikorodu, Lagos"
1781699112298,expert call policy intervention nigeria global hunger index score worsens,Neutral,2024-07-07,"Shomolu, Lagos"
1725864327467,mama tunde lagos mainland lagos say sell cooking pot afford food heartbreaking naijaproblems,Negative,2023-09-03,"Lagos Mainland, Lagos"
1710893310683,loaf sliced bread ikorodu lagos bakery today naira last year naira explain,Negative,2023-08-13,"Ikorodu, Lagos"
1611260383710,eu donates million food security program targeting urban poor community lagos including apapa lagos nigeria,Positive,2024-10-28,"Apapa, Lagos"
1726850834226,displaced family borno zamfara oshodi lagos competing already scarce food resource lagospalliative,Negative,2024-03-10,"Oshodi, Lagos"
1724508392853,mushin lagos market food price percent three month alone inflationng,Negative,2024-11-03,"Mushin, Lagos"
1719084450463,child epe lagos sleep hungry every night beg government let hear,Negative,2024-06-01,"Epe, Lagos"
1676418924080,international food aid organization begin registration vulnerable household mushin lagos monthly food support,Positive,2024-06-10,"Mushin, Lagos"
1642916610858,bean protein poor eti osa lagos luxury paint bucket bean cost naira tinubu,Negative,2024-12-12,"Eti-Osa, Lagos"
1639669874153,hunger kill people oshodi lagos government eat alone wickedness da highest level lagospalliative,Negative,2023-01-24,"Oshodi, Lagos"
1670484236010,climate shock plus conflict plus inflation equal catastrophe food security baruwa lagos perfect storm,Negative,2024-01-28,"Baruwa, Lagos"
1625945973095,government stop hunger abandoned ifako ijaiye lagos completely lagossuffers,Negative,2024-06-28,"Ifako-Ijaiye, Lagos"
1639769667722,ngo working ikorodu lagos report increase demand emergency food assistance since january,Neutral,2024-01-21,"Ikorodu, Lagos"
1600264048255,new study university lagos examines relationship twitter sentiment food price trend nigeria hardtimes,Neutral,2024-03-29,"Epe, Lagos"
1718596386217,unicef report highlight rising acute malnutrition among five child urban lagos slum foodcrisis,Neutral,2024-05-24,"Mushin, Lagos"
1608694840847,mama tunde epe lagos say sell cooking pot afford food heartbreaking,Negative,2023-09-08,"Epe, Lagos"
1794924817946,federal government inaugurates food price monitoring committee track inflation across state including lagos,Neutral,2023-07-11,"Ikeja, Lagos"
1761731862274,oxfam nigeria call government implement emergency food subsidy urban poor lagos kano endpoverty,Neutral,2024-06-05,"Ifako-Ijaiye, Lagos"
1707953898530,government statistician conduct fresh food price survey across alimosho lagos market starting monday,Neutral,2023-06-26,"Alimosho, Lagos"
1698820169548,food security stakeholder gather agege lagos quarterly review meeting hunger mitigation strategy lagossuffers,Neutral,2023-02-15,"Agege, Lagos"
1752740087173,area apapa lagos get stable food supply since fuel subsidy removal thing get worse,Negative,2024-07-10,"Apapa, Lagos"
1621834703421,few net quarterly report flag lagos kano area requiring close food security monitoring coming month,Neutral,2023-10-20,"Apapa, Lagos"
1632261316397,reach level share one wrap eba three people surulere lagos god help naijaproblems,Negative,2024-01-30,"Surulere, Lagos"
1775733683385,few net lagos categorized ipc phase stress level pocket phase crisis informal settlement,Neutral,2023-12-10,"Surulere, Lagos"
1715934711177,ngo distributes food pack vulnerable family ifako ijaiye lagos today kind help need,Positive,2023-07-24,"Ifako-Ijaiye, Lagos"
1623096662489,great news lagos island lagos resident community food cooperative launch help family access affordable food,Positive,2023-04-21,"Lagos Island, Lagos"
1770969594155,food price key staple like yam plantain stabilized oshodi lagos market week hope lost,Positive,2024-01-18,"Oshodi, Lagos"
1624080282487,fuel price go food price go transport go salary stay loyal nigeria inflation,Negative,2023-10-15,"Ikorodu, Lagos"
1710477498666,lagos resident spend average household income food new survey nb reveals,Neutral,2023-05-12,"Eti-Osa, Lagos"
1727545787758,trader apapa lagos market report reduction daily customer resident cut back food purchase,Neutral,2023-11-28,"Apapa, Lagos"
1607392855042,number child visible sign malnutrition surulere lagos school increasing teacher reporting suffering,Negative,2024-11-02,"Surulere, Lagos"
1759278443070,hunger kill people lagos island lagos government eat alone wickedness highest level,Negative,2023-04-08,"Lagos Island, Lagos"
1715843895975,pain see ikeja lagos people suffer food government waste money,Negative,2024-05-02,"Ikeja, Lagos"
1663658482763,food security stakeholder gather alimosho lagos quarterly review meeting hunger mitigation strategy,Neutral,2023-08-21,"Alimosho, Lagos"
1772532410525,seen price baby food diaper rent kosofe lagos person manage inflation,Negative,2023-10-26,"Kosofe, Lagos"
1778052289203,food price key staple like yam plantain stabilized shomolu lagos market week hope lost inflationng,Positive,2024-03-31,"Shomolu, Lagos"
1689884265069,nigeria war food inflation crushing household farmer unsafe supply chain broken shomolu lagos economichardship,Negative,2023-06-09,"Shomolu, Lagos"
1667783275504,conflict north broken food supply chain way ifako ijaiye lagos affected,Negative,2024-07-04,"Ifako-Ijaiye, Lagos"
1733220265344,wfp begun food distribution oshodi lagos community today family receiving assistance relief foodcrisis,Positive,2024-12-09,"Oshodi, Lagos"
1789135253733,eyan baruwa lagos ti fr ta gbogbo ohun ini lat le ra ounje ebi pa gbogbo eniyan,Negative,2023-10-29,"Baruwa, Lagos"
1679324654901,eba vegetable soup used affordable meal ojo lagos hustler even become expensive nigeriadecides,Negative,2024-11-23,"Ojo, Lagos"
1607813272857,mama tunde ajeromi ifelodun lagos say sell cooking pot afford food heartbreaking tinubu,Negative,2024-07-09,"Ajeromi-Ifelodun, Lagos"
1749261104272,three day family eat day alimosho lagos god please help,Negative,2023-02-19,"Alimosho, Lagos"
1765210803708,cost feeding family four lagos risen per month two year nigeria,Neutral,2023-05-10,"Eti-Osa, Lagos"
1689661446960,policy response weak useless apapa lagos resident starving politician share rice election,Negative,2024-08-15,"Apapa, Lagos"
1677452918146,food insecurity eti osa lagos crisis level ipc indicator pointing phase nobody talking,Negative,2023-01-21,"Eti-Osa, Lagos"
1684666471142,egg per piece surulere lagos say poultry feed cost plenty pay price,Negative,2024-02-13,"Surulere, Lagos"
1792296274624,price garri drop surulere lagos market new cassava harvest arrives ogun state small win endpoverty,Positive,2024-06-29,"Surulere, Lagos"
1686255388433,new cold chain facility open kosofe lagos mean less food waste stable supply market,Positive,2023-05-24,"Kosofe, Lagos"
1641938510968,cooperative market woman alimosho lagos launch price stabilization scheme essential food item community power foodscarcity,Positive,2024-04-13,"Alimosho, Lagos"
1690637298819,government release palliative surulere lagos today rice bean garri least something small reach people,Positive,2024-07-02,"Surulere, Lagos"
1652259113425,man collapsed hunger near ikorodu lagos today food hope country finish,Negative,2024-09-27,"Ikorodu, Lagos"
1641400484289,wonderful gesture lagos businessman distributes free foood bag family epe lagos every weekend,Positive,2023-06-26,"Epe, Lagos"
1628586822033,pilot urban farming project agege lagos yield first harvest prof city food production possible sdg,Positive,2024-05-16,"Agege, Lagos"
1640625459369,wa price yam ojo lagos higher price petrol per litre something wrong zerohunger,Negative,2023-09-29,"Ojo, Lagos"
1735417035600,budget passed billion allocated food security yet somolu lagos resident starving money,Negative,2024-04-18,"Somolu, Lagos"
1658250290808,humanitarian organization call increased funding address food crisis affecting lagos urban poor community,Neutral,2024-12-11,"Kosofe, Lagos"
1644777162830,bag bean last january ajeromi ifelodun lagos tell engineered scarcity hardtimes,Negative,2023-07-11,"Ajeromi-Ifelodun, Lagos"
1632068255497,nigeria war food inflation crushing household farmer unsafe supply chain broken ikorodu lagos,Negative,2023-10-01,"Ikorodu, Lagos"
1604243939720,mama tunde apapa lagos say sell cooking pot afford food heartbreaking,Negative,2024-11-04,"Apapa, Lagos"
1642881074329,kind country ifako ijaiye lagos man work hard every day cannot afford eat three time nonsense foodscarcity,Negative,2023-05-14,"Ifako-Ijaiye, Lagos"
1784125037846,food insecurity epe lagos crisis level ipc indicator pointing phase nobody talking,Negative,2024-11-09,"Epe, Lagos"
1791615779886,indomie food last resort many family mushin lagos increased price deliberate suffering,Negative,2024-12-01,"Mushin, Lagos"
1607580360284,displaced family borno zamfara ikorodu lagos competing already scarce food resource,Negative,2023-10-18,"Ikorodu, Lagos"
1704057829866,snack shop near surulere lagos increased food price approximately due gas crisis wareffects inflation,Negative,2024-10-07,"Surulere, Lagos"
1707636557417,climate shock plus conflict plus inflation equal catastrophe food security somolu lagos perfect storm,Negative,2024-05-23,"Somolu, Lagos"
1671208683975,start fuel price rippling economy fertilizer shortage let food price worse season ikorodu lagos,Negative,2024-02-09,"Ikorodu, Lagos"
1774956856970,garri buy last year reach ikeja lagos take happen like inflationng,Negative,2023-02-06,"Ikeja, Lagos"
1686578156554,number child visible sign malnutrition lagos island lagos school increasing teacher reporting nigeriadecides,Negative,2023-03-11,"Lagos Island, Lagos"
1606657745306,snack shop near ikorodu lagos increase price gas problem suffer,Negative,2024-10-05,"Ikorodu, Lagos"
1759251787710,eu donates million food security program targeting urban poor community lagos including ifako ijaiye lagos,Positive,2024-09-27,"Ifako-Ijaiye, Lagos"
1623077856408,fao report nigeria rank among country highest rate acute food insecurity west africa foodsecurity tinubu,Neutral,2024-08-22,"Epe, Lagos"
1769679049392,palm oil groundnut oil everything skyrocket oshodi lagos cooking self become unaffordable zerohunger,Negative,2024-12-16,"Oshodi, Lagos"
1713412007655,great news apapa lagos resident community food cooperative launch help family access affordable food tinubu,Positive,2023-05-15,"Apapa, Lagos"
1768199619843,restaurant agege lagos closing even middle class longer afford eat regularly suffering,Negative,2023-08-01,"Agege, Lagos"
1726093826082,farmer agege lagos outskirt say longer afford fertilizer current price next harvest disaster,Negative,2024-10-08,"Agege, Lagos"
1722747880782,tomato naira last year reach surulere lagos market inflation kill lagospalliative,Negative,2024-11-28,"Surulere, Lagos"
1710721468170,trader badagry lagos market report reduction daily customer resident cut back food purchase,Neutral,2024-05-04,"Badagry, Lagos"
1731838125096,bama yola people flee eti osa lagos food supply cannot handle population pressure zerohunger,Negative,2023-10-26,"Eti-Osa, Lagos"
1711697577510,palm oil groundnut oil everything skyrocket badagry lagos cooking self become unaffordable,Negative,2024-10-16,"Badagry, Lagos"
1667925130098,stockfish poor family depend apapa lagos disappeared market become expensive buy,Negative,2024-01-13,"Apapa, Lagos"
1724745758167,rice reach per bag shomolu lagos person eat foodcrisis lagos inflation,Negative,2023-01-28,"Shomolu, Lagos"
1741878578242,federal government inaugurates food price monitoring committee track inflation across state including lagos sdg,Neutral,2023-12-21,"Ajeromi-Ifelodun, Lagos"
1646933025133,few net lagos categorized ipc phase stress level pocket phase crisis informal settlement foodcrisis,Neutral,2023-06-04,"Lagos Island, Lagos"
1719039824437,usaid food security program begin operation mushin lagos targeting household month foodprices,Positive,2023-09-01,"Mushin, Lagos"
1777923622661,advocated mental health check economic crisis poor salary barely put food table eti osa lagos,Negative,2024-08-22,"Eti-Osa, Lagos"
1774745392444,lagos urban agriculture initiative training youth alimosho lagos grow food small plot inspiring work economichardship,Positive,2023-07-17,"Alimosho, Lagos"
1626569985665,expert call policy intervention nigeria global hunger index score worsens,Neutral,2023-05-14,"Epe, Lagos"
1723625481193,food insecurity lagos island lagos crisis level ipc indicator pointing phase nobody talking lagospalliative,Negative,2023-08-28,"Lagos Island, Lagos"
1774554140117,joint statement ngo food situation surulere lagos requires urgent coordinated humanitarian response economichardship,Neutral,2023-12-28,"Surulere, Lagos"
1692484076517,fuel price go food price go transport go salary stay loyal nigeria inflation hardtimes,Negative,2024-07-13,"Epe, Lagos"
1701852893716,engineered scarcity nigeria feeding west africa people starve baruwa lagos,Negative,2024-06-15,"Baruwa, Lagos"
1719641574416,global food commodity price continue affect local market lagos trader say globaleconomy,Neutral,2023-11-02,"Badagry, Lagos"
1684822455877,eat since morning wallet empty food house ojo lagos life become survival fittest nigeria,Negative,2024-03-08,"Ojo, Lagos"
1674348069575,joint statement ngo food situation alimosho lagos requires urgent coordinated humanitarian response,Neutral,2024-04-04,"Alimosho, Lagos"
1661043918852,joint statement ngo food situation oshodi lagos requires urgent coordinated humanitarian response tinubu,Neutral,2024-11-03,"Oshodi, Lagos"
1647891364629,displaced family borno zamfara kosofe lagos competing already scarce food resource foodcrisis,Negative,2023-10-23,"Kosofe, Lagos"
1703737924123,wfp begun food distribution agege lagos community today family receiving assistance relief,Positive,2023-01-26,"Agege, Lagos"
1772906413440,budget passed billion allocated food security yet mushin lagos resident starving money naijaproblems,Negative,2024-12-03,"Mushin, Lagos"
1661800359475,pilot urban farming project somolu lagos yield first harvest prof city food production possible,Positive,2024-12-08,"Somolu, Lagos"
1610752360015,mama tunde ojo lagos say sell cooking pot afford food heartbreaking,Negative,2023-03-07,"Ojo, Lagos"
1758306060584,government stop hunger abandoned oshodi lagos completely tinubu,Negative,2023-02-18,"Oshodi, Lagos"
1662900396079,lasg governor approves billion food subsidy fund low income family across lagos lgas progress lagospalliative,Positive,2024-01-01,"Oshodi, Lagos"
1757697668299,fao report nigeria rank among country highest rate acute food insecurity west africa foodsecurity,Neutral,2024-04-07,"Mushin, Lagos"
1758619224844,government statistician conduct fresh food price survey across apapa lagos market starting monday foodprices,Neutral,2024-08-20,"Apapa, Lagos"
1620155574061,went apapa lagos market today came back empty handed could buy anything meaningful famliy five zerohunger,Negative,2024-02-23,"Apapa, Lagos"
1760901030219,farmer herder clash reduced produce coming baruwa lagos almost half according trader oyingbo,Negative,2024-06-16,"Baruwa, Lagos"
1663306577828,reach level share one wrap eba three people epe lagos god help,Negative,2024-12-01,"Epe, Lagos"
1795430840937,satellite data geoglam show average crop yield expected major food producing state season foodprices,Neutral,2023-05-06,"Shomolu, Lagos"
1746286647810,world food programme wfp begin assessment food insecurity level lagos community next month inflation,Neutral,2023-02-19,"Ikorodu, Lagos"
1719949932371,want police soldier respect law salary cannot put food table lagos mainland lagos tinubu,Negative,2023-07-18,"Lagos Mainland, Lagos"
1792450692086,budget passed billion allocated food security yet mushin lagos resident starving money hunger,Negative,2023-04-29,"Mushin, Lagos"
1787984202446,swr tire food money hope kosofe lagos suffering end,Negative,2023-10-09,"Kosofe, Lagos"
1686472171729,news emergency food aid distribution begin three baruwa lagos lgas targeted lagos state government today,Neutral,2023-09-03,"Baruwa, Lagos"
1644977344590,actionaid nigeria release report impact food insecurity woman headed household agege lagos,Neutral,2024-02-29,"Agege, Lagos"
1629127417264,new usaid funded study track social medium signal food insecurity nigerian urban centre foodcrisis,Neutral,2024-12-22,"Ajeromi-Ifelodun, Lagos"
1720254694653,lagos state opened new food distribution centre alimosho lagos finally government try small goodnews hardtimes,Positive,2024-09-06,"Alimosho, Lagos"
1619164245454,price garri drop ifako ijaiye lagos market new cassava harvest arrives ogun state small win sdg,Positive,2023-11-04,"Ifako-Ijaiye, Lagos"
1673178790529,price tomato pepper coming small somolu lagos market week give hope small small nigeria,Positive,2024-02-05,"Somolu, Lagos"
1669147595726,price bag rice baruwa lagos tripled less year family supposed survive,Negative,2024-11-02,"Baruwa, Lagos"
1753061870476,lagos state opened new food distribution centre oshodi lagos finally government try small goodnews,Positive,2023-05-23,"Oshodi, Lagos"
1776694289339,government official eat million people die hunger apapa lagos shame endpoverty,Negative,2023-11-06,"Apapa, Lagos"
1756238381662,yeparipa eba reach somolu lagos eat sand soon naijaproblems,Negative,2023-06-10,"Somolu, Lagos"
1726630657567,yeparipa eba reach agege lagos eat sand soon naijaproblems,Negative,2024-03-22,"Agege, Lagos"
1668587921370,small win price indomie noodle remains stable ifako ijaiye lagos despite general inflation least one thing holding,Positive,2023-01-21,"Ifako-Ijaiye, Lagos"
1765050883168,woman baruwa lagos forced dangerous situation feed family hunger real,Negative,2023-09-24,"Baruwa, Lagos"
1677202258319,price kg bag rice oshodi lagos market currently stand according trader marketupdate,Neutral,2024-08-01,"Oshodi, Lagos"
1690840161742,semovita finish shop baruwa lagos supplier say factory ration production raw material cost hardtimes,Negative,2023-03-25,"Baruwa, Lagos"
1609074598648,number people begging apapa lagos street doubled last six month normal,Negative,2024-11-07,"Apapa, Lagos"
1745523528663,joint statement ngo food situation ikorodu lagos requires urgent coordinated humanitarian response,Neutral,2024-08-19,"Ikorodu, Lagos"
1781717171891,bean protein poor badagry lagos luxury paint bucket bean cost naira,Negative,2023-12-01,"Badagry, Lagos"
1662096198021,new study university lagos examines relationship twitter sentiment food price trend nigeria,Neutral,2023-04-17,"Kosofe, Lagos"
1690471205301,new usaid funded study track social medium signal food insecurity nigerian urban centre,Neutral,2024-07-10,"Ifako-Ijaiye, Lagos"
1683853343592,climate shock plus conflict plus inflation equal catastrophe food security ajeromi ifelodun lagos perfect storm,Negative,2023-12-02,"Ajeromi-Ifelodun, Lagos"
1621904734999,went ifako ijaiye lagos market today came back empty handed could buy anything meaningful family five lagos,Negative,2024-05-30,"Ifako-Ijaiye, Lagos"
1789692488261,academic paper published sentiment analysis nigerian twitter reveals early warning signal food crisis tinubu,Neutral,2024-09-02,"Mushin, Lagos"
1790877554248,tomato pepper onion oshodi lagos market today trader say truck kano cannot pas road,Negative,2023-12-20,"Oshodi, Lagos"
1661026488569,local government kosofe lagos done absolutely nothing food crisis appear election,Negative,2024-08-19,"Kosofe, Lagos"
1605965972383,lagos state agricultural development authority hold meeting strategy reduce food import dependency endpoverty,Neutral,2024-04-22,"Kosofe, Lagos"
1637400148332,child ikeja lagos sleep hungry every night beg government let hear lagospalliative,Negative,2024-12-19,"Ikeja, Lagos"
1631798243067,unicef report highlight rising acute malnutrition among five child urban lagos slum,Neutral,2023-10-08,"Baruwa, Lagos"
1723007170497,omo tin happen oshodi lagos market good like say food become luxury suffering,Negative,2024-01-13,"Oshodi, Lagos"
1635341733100,cadre harmonis assessment million peopo southwest nigeria face acute food insecurity lean season,Neutral,2024-11-09,"Eti-Osa, Lagos"
1666215513291,plantain grow right shomolu lagos outskirt reach per finger local food inflation crazy,Negative,2023-08-03,"Shomolu, Lagos"
1621352594926,bag bean last january ajeromi ifelodun lagos tell engineered scarcity,Negative,2023-06-19,"Ajeromi-Ifelodun, Lagos"
1601699984810,food price badagry lagos gone completely control market woman today told tomato luxury item,Negative,2024-01-19,"Badagry, Lagos"
1642386252889,bread cost naira three month ago naira today apapa lagos cause,Negative,2023-07-03,"Apapa, Lagos"
1692855213632,psychological trauma knowing next meal came destroying alimosho lagos community,Negative,2024-12-03,"Alimosho, Lagos"
1778258408947,omo tin happen shomolu lagos market good like say food become luxury lagospalliative,Negative,2023-10-24,"Shomolu, Lagos"
1746068188264,local government official kosofe lagos conduct market inspection following report artificial food scarcity economichardship,Neutral,2023-10-16,"Kosofe, Lagos"
1748186270202,went ikorodu lagos market today came back empty handed could buy anything meaningful family five,Negative,2024-06-29,"Ikorodu, Lagos"
1791372971266,another yariba state massive hunger lagos built nigerian government ifako ijaiye lagos people suffering hunger,Negative,2023-08-27,"Ifako-Ijaiye, Lagos"
1692652301271,market trader association lagos island lagos issue statement factor driving current food price increase,Neutral,2023-09-07,"Lagos Island, Lagos"
1699169826005,microfinance bank launch special loan product food vendor market woman ifako ijaiye lagos help economichardship,Positive,2024-01-01,"Ifako-Ijaiye, Lagos"
1605119240291,pepper tomato onion combination extremely scarce expensive ikeja lagos market cooking become gold suffering,Negative,2023-09-09,"Ikeja, Lagos"
1730403849638,lagos chamber commerce hold summit strategy stabilize food supply chain state suffering,Neutral,2024-03-06,"Shomolu, Lagos"
1731289202723,supply chain staple food item mushin lagos completely broken government must act lagospalliative,Negative,2024-12-22,"Mushin, Lagos"
1734471679319,fao report nigeria rank among country highest rate acute food insecurity west africa foodsecurity,Neutral,2023-06-02,"Eti-Osa, Lagos"
1676762150506,oxfam nigeria call government implement emergency food subsidy urban poor lagos kano,Neutral,2024-06-02,"Ikeja, Lagos"
1799922093644,empty stall everywhere ajeromi ifelodun lagos market today wholesale supply dried completely foodscarcity,Negative,2024-08-02,"Ajeromi-Ifelodun, Lagos"
1782865490215,good news ajeromi ifelodun lagos local farmer cooperative report increase food production planting season zerohunger,Positive,2023-05-15,"Ajeromi-Ifelodun, Lagos"
1716523318858,rice reach per bag mushin lagos person eat foodcrisis lagos,Negative,2023-07-31,"Mushin, Lagos"
1709069884718,trader oshodi lagos market confirm food price percent three month inflationng,Negative,2024-12-12,"Oshodi, Lagos"
1665011462619,ncdc monitoring nutrition related health admission lagos hospital amid rising food insecurity report,Neutral,2024-12-03,"Badagry, Lagos"
1753939822141,omo tin happen ikorodu lagos market good like say food become luxury,Negative,2024-03-31,"Ikorodu, Lagos"
1640959219327,neighbour fainted morning ikorodu lagos doctor say hunger people die starvation nigeria,Negative,2024-08-16,"Ikorodu, Lagos"
1624414466384,ngo distributes food pack vulnerable family lagos island lagos today kind help need,Positive,2024-09-24,"Lagos Island, Lagos"
1796144421687,swr hunger want collect child eat since yesterday kosofe lagos,Negative,2023-04-09,"Kosofe, Lagos"
1783079269862,rice reach per bag epe lagos person eat foodcrisis lagos,Negative,2023-08-02,"Epe, Lagos"
1735159500794,community garden initiative surulere lagos begin harvest providing fresh vegetable local family,Positive,2024-07-14,"Surulere, Lagos"
1652474130678,lagos state government announces plan establish food distribution centre across lgas,Neutral,2024-01-08,"Eti-Osa, Lagos"
1650208870152,stockfish poor family depend agege lagos disappeared market become expensive buy naijaproblems,Negative,2023-07-16,"Agege, Lagos"
1673456945159,lagos state food bank initiative record increase demand low income household lagossuffers,Neutral,2024-06-11,"Mushin, Lagos"
1787556384055,indomie food last resort many family ifako ijaiye lagos increased price deliberate suffering,Negative,2024-02-19,"Ifako-Ijaiye, Lagos"
1754243976273,uncle oshodi lagos said cried first time adult life last night could feed child,Negative,2024-06-25,"Oshodi, Lagos"
1725264190422,snack shop near ikorodu lagos increase price gas problem suffer,Negative,2023-01-01,"Ikorodu, Lagos"
1612510890633,local government ifako ijaiye lagos done absolutely nothing food crisis appear election,Negative,2024-12-12,"Ifako-Ijaiye, Lagos"
1610715560192,three day family eat day alimosho lagos god please help inflationng,Negative,2024-03-28,"Alimosho, Lagos"
1704386545892,news emergency food aid distribution begin three ikeja lagos lgas targeted lagos state government today tinubu,Neutral,2023-03-07,"Ikeja, Lagos"
1634676495270,pain see ojo lagos people suffer food government waste money lagossuffers,Negative,2023-11-21,"Ojo, Lagos"
1777925525043,woman badagry lagos said mixing garri water child afford,Negative,2023-01-27,"Badagry, Lagos"
1691862939360,lagos state government announces plan establish food distribution centre across lgas naijaeconomy,Neutral,2024-03-06,"Kosofe, Lagos"
1748127954068,government official eat million people die hunger kosofe lagos shame,Negative,2024-05-26,"Kosofe, Lagos"
1763918927654,swr tire food money hope kosofe lagos suffering end,Negative,2024-11-17,"Kosofe, Lagos"
1686940550350,fuel price go food price go transport go salary stay loyal nigeria inflation foodscarcity,Negative,2024-01-21,"Kosofe, Lagos"
1757424017382,usaid food security program begin operation lagos mainland lagos targeting household month endpoverty,Positive,2024-04-26,"Lagos Mainland, Lagos"
1661525845901,few net lagos categorized ipc phase stress level pocket phase crisis informal settlement foodcrisis,Neutral,2023-09-22,"Ikeja, Lagos"
1611731209033,lagos state agricultural development authority hold meeting strategy reduce food import dependency,Neutral,2023-09-02,"Ojo, Lagos"
1786207355936,joint statement ngo food situation agege lagos requires urgent coordinated humanitarian response,Neutral,2024-09-23,"Agege, Lagos"
1769440758975,budget passed billion allocated food security yet ifako ijaiye lagos resident starving money,Negative,2023-02-24,"Ifako-Ijaiye, Lagos"
1719659250400,swr hunger want collect child eat since yesterday alimosho lagos,Negative,2024-12-11,"Alimosho, Lagos"
1692795335262,sharp sharp price ifako ijaiye lagos pas roof shout manage,Negative,2024-09-16,"Ifako-Ijaiye, Lagos"
1777993650060,lie thing hard shomolu lagos beyond social medium even describe real life suffering happen,Negative,2023-09-20,"Shomolu, Lagos"
1785148936695,seen price baby food diaper rent ifako ijaiye lagos person manage endpoverty,Negative,2023-08-28,"Ifako-Ijaiye, Lagos"
1639461288576,few net quarterly report flag lagos kano area requiring close food security monitoring coming month,Neutral,2023-09-25,"Oshodi, Lagos"
1609871311515,international monetary fund warns nigeria food inflation could remain elevated without reform economichardship,Neutral,2024-04-01,"Oshodi, Lagos"
1716145803824,food insecurity ifako ijaiye lagos crisis level ipc indicator pointing phase nobody talking,Negative,2023-01-20,"Ifako-Ijaiye, Lagos"
1702683930617,federal ministry agriculture release emergency food reserve stock state including lagos,Neutral,2024-03-20,"Oshodi, Lagos"
1681413795376,tuc threatened nationwide protest may day worsening economic hardship citing rising food price naijatalk xyz,Neutral,2024-04-06,"Ikorodu, Lagos"
1782775633204,egg per piece apapa lagos say poultry feed cost plenty pay price lagossuffers,Negative,2024-05-13,"Apapa, Lagos"
1774046934579,wa price yam ifako ijaiye lagos higher price petrol per litre something wrong,Negative,2024-10-16,"Ifako-Ijaiye, Lagos"
1667841606598,tomato pepper onion somolu lagos market today trader say truck kano cannot pas road,Negative,2023-04-18,"Somolu, Lagos"
1751371981203,research team covenant university develops nlp model monitor food crisis signal nigerian twitter naijaproblems,Neutral,2024-05-21,"Alimosho, Lagos"
1700088277707,government stop hunger abandoned baruwa lagos completely,Negative,2023-05-29,"Baruwa, Lagos"
1794920628754,armed force salary cannot buy food family mushin lagos corruption abuse power start economichardship,Negative,2024-03-09,"Mushin, Lagos"
1690503401040,woman alimosho lagos said mixing garri water child afford lagos,Negative,2023-07-09,"Alimosho, Lagos"
1728855291749,badagry lagos hunger respect anybody rich poor everybody feel,Negative,2023-07-18,"Badagry, Lagos"
1734468240512,lovely initiative church mosque baruwa lagos joined force provide daily meal hungri family,Positive,2023-11-11,"Baruwa, Lagos"
1621615591633,wonderful gesture lagos businessman distributes free food bag family kosofe lagos every weekend,Positive,2023-01-13,"Kosofe, Lagos"
1685977039567,nafdac confirms seizure substandard food item worth million lagos mainland lagos market week,Neutral,2023-08-20,"Lagos Mainland, Lagos"
1693458176996,lagos state agricultural development authority hold meeting strategy reduce food import dependency,Neutral,2024-11-23,"Lagos Mainland, Lagos"
1720547511435,last time bought cooking oil epe lagos market three month ago price gone,Negative,2024-03-13,"Epe, Lagos"
1726105683832,semovita finish shop lagos island lagos supplier say factory ration production raw material cost,Negative,2023-04-11,"Lagos Island, Lagos"
1763323205907,government stop hunger abandoned oshodi lagos completely inflation,Negative,2024-04-30,"Oshodi, Lagos"
1690555535875,few net quarterly report flag lagos kano area requiring close food security monitoring coming month,Neutral,2023-10-03,"Alimosho, Lagos"
1770189653905,bos surulere lagos cut canteen budget food vendor cannot maintain affordable price anymore economichardship,Negative,2024-11-08,"Surulere, Lagos"
1764702203299,first batch subsidized food federal strategic reserve arrives ikeja lagos distribution point today,Positive,2024-11-22,"Ikeja, Lagos"
1708137082955,bama yola people flee mushin lagos food supply cannot handle population pressure,Negative,2023-10-23,"Mushin, Lagos"
1717252216446,wa price yam ojo lagos higher price petrol per litre something wrong,Negative,2024-11-10,"Ojo, Lagos"
1713458242749,lagos state food bank initiative record increase demand low income household,Neutral,2023-11-04,"Badagry, Lagos"
1701239421497,advocated mental health check economic crisis poor salary barely put food table somolu lagos,Negative,2023-05-23,"Somolu, Lagos"
1732514066770,agege lagos market food price percent three month alone inflationng lagos,Negative,2023-04-20,"Agege, Lagos"
1620972885080,semovita finish shop ifako ijaiye lagos supplier say factory ration production raw material cost,Negative,2023-07-12,"Ifako-Ijaiye, Lagos"
1710120606694,pain see ifako ijaiye lagos people suffer food government waste money,Negative,2023-11-17,"Ifako-Ijaiye, Lagos"
1622250626530,oshodi lagos hunger respect anybody rich poor everybody feel,Negative,2023-03-21,"Oshodi, Lagos"
1757003959386,woman ikorodu lagos forced dangerous situation feed family hunger real,Negative,2023-08-07,"Ikorodu, Lagos"
1769228711926,imagine going somolu lagos government stop people hungry thy act,Negative,2023-08-14,"Somolu, Lagos"
1748790380345,local government official agege lagos conduct market inspection following report artificial food scarcity,Neutral,2024-10-26,"Agege, Lagos"
1762061519096,fuel price go food price go transport go salary stay loyal nigeria inflation,Negative,2024-03-08,"Badagry, Lagos"
1704438633797,opolopo eniyan jiya food cost mushin lagos island pas roof naijaeconomy,Negative,2024-08-07,"Mushin, Lagos"
1610384673419,budget passed billion allocated food security yet ikorodu lagos resident starving money naijaeconomy,Negative,2023-01-10,"Ikorodu, Lagos"
1710658475024,world food programme wfp begin assessment food insecurity level lagos community next month,Neutral,2024-03-20,"Surulere, Lagos"
1640612853338,private sector food relief gtbank staff donate food item vulnerable family apapa lagos community economichardship,Positive,2023-06-20,"Apapa, Lagos"
1769272005073,tomato naira last year reach ojo lagos market inflation kill,Negative,2024-12-04,"Ojo, Lagos"
1679632087667,woman apapa lagos said mixing garri water child afford,Negative,2023-08-07,"Apapa, Lagos"
1674891111249,local government ifako ijaiye lagos done absolutely nothing food crisis appear election,Negative,2024-12-06,"Ifako-Ijaiye, Lagos"
1702550538341,international food aid organization begin registration vulnerable household lagos island lagos monthly food support inflation,Positive,2023-09-27,"Lagos Island, Lagos"
1724007351658,academic paper published sentiment analysis nigerian twitter reveals early warning signal food crisis lagossuffers,Neutral,2024-09-24,"Agege, Lagos"
1655635551193,beggar street ikeja lagos increasing daily people cannot feed family anymore,Negative,2023-02-23,"Ikeja, Lagos"
1764444116142,beg government let intervene food price eti osa lagos people suffer silence hardtimes,Negative,2023-11-16,"Eti-Osa, Lagos"
1766405273040,swr tire food money hope baruwa lagos ti suffering end inflation,Negative,2024-05-13,"Baruwa, Lagos"
1750166982015,lagos chamber commerce hold summit strategy stabilize food supply chain state tinubu,Neutral,2024-02-17,"Alimosho, Lagos"
1765156396674,beggar street somolu lagos increasing daily people cannot feed family anymore,Negative,2024-08-27,"Somolu, Lagos"
1639496790778,snack shop near somolu lagos increase price gas problem suffer,Negative,2023-06-03,"Somolu, Lagos"
1666733552157,start fuel price rippling economy fertilizer shortage let food price worse season agege lagos inflation,Negative,2024-02-22,"Agege, Lagos"
1744722839084,see kind suffering oshodi lagos child school empty stomach every day,Negative,2024-04-20,"Oshodi, Lagos"
1712319373576,international monetary fund warns nigeria food inflation could remain elevated without reform,Neutral,2023-01-10,"Badagry, Lagos"
1761429208779,lagos state opened new food distribution centre alimosho lagos finally government try small goodnews,Positive,2023-07-04,"Alimosho, Lagos"
1725309166143,want police soldier respect law salary cannot put food table ikeja lagos,Negative,2024-03-14,"Ikeja, Lagos"
1694210368782,food price lagos mainland lagos gone completely control market woman today told tomato luxury item foodcrisis,Negative,2023-09-14,"Lagos Mainland, Lagos"
1619041232150,beg government let intervene food price ajeromi ifelodun lagos people suffer silence naijaeconomy,Negative,2024-09-04,"Ajeromi-Ifelodun, Lagos"
1787351017961,food insecurity ikorodu lagos crisis level ipc indicator pointing phase nobody talking,Negative,2023-08-07,"Ikorodu, Lagos"
1770684083801,unicef report highlight rising acute malnutrition among five child urban lagos slum,Neutral,2023-03-24,"Lagos Island, Lagos"
1626892934267,egg per piece surulere lagos say poultry feed cost plenty pay price,Negative,2023-05-03,"Surulere, Lagos"
1625277953288,eyan lagos island lagos ti fr ta gbogbo ohun ini lat le ra ounje ebi pa gbogbo eniyan,Negative,2024-06-16,"Lagos Island, Lagos"
1720154357763,trader ojo lagos market report reduction daily customer resident cut back food purchase,Neutral,2023-05-13,"Ojo, Lagos"
1794132734951,market trader association eti osa lagos issue statement factor driving current food price increase foodscarcity,Neutral,2023-04-12,"Eti-Osa, Lagos"
1793484653084,cooperative market woman alimosho lagos launch price stabilization scheme essential food item community power,Positive,2023-07-26,"Alimosho, Lagos"
1736823008877,snack shop near ifako ijaiye lagos increased food price approximately due gas crisis wareffects inflation,Negative,2024-04-02,"Ifako-Ijaiye, Lagos"
1752850324588,tomato naira last year reach ikeja lagos market inflation kill,Negative,2024-06-15,"Ikeja, Lagos"
1769212997958,reach level share one wrap eba three people alimosho lagos god help,Negative,2024-12-13,"Alimosho, Lagos"
1721700359273,new direct farmer market epe lagos reducing price compared regular market,Positive,2024-08-31,"Epe, Lagos"
1756606084503,tomato naira last year reach agege lagos market inflation kill lagossuffers,Negative,2023-02-10,"Agege, Lagos"
1725113419168,nb data show food inflation lagos reached highest five year economy,Neutral,2023-07-31,"Somolu, Lagos"
1711541956245,mama cry kosofe lagos say feed four child today god please hunger,Negative,2023-04-13,"Kosofe, Lagos"
1797993939094,new direct farmer market badagry lagos reducing price compared regular market inflationng,Positive,2024-07-07,"Badagry, Lagos"
1707654830307,psychological trauma knowing next meal came destroying kosofe lagos community,Negative,2024-05-18,"Kosofe, Lagos"
1630943804672,mama cry kosofe lagos say feed four child today god please,Negative,2024-10-13,"Kosofe, Lagos"
1773865557212,last time bought cooking oil kosofe lagos market three month ago price gone,Negative,2023-11-02,"Kosofe, Lagos"
1767336354336,satellite data geoglam show average crop yield expected major food producing state season,Neutral,2024-01-12,"Badagry, Lagos"
1674922298711,federal government import metric tonne rice stabilize price city including lagos,Neutral,2024-03-11,"Lagos Mainland, Lagos"
1786000357826,lagos urban agriculture initiative training youth ikorodu lagos grow food small plot inspiring work,Positive,2023-02-09,"Ikorodu, Lagos"
1728107790095,government share food abuja camera baruwa lagos ground zero nothing reach ordinary people,Negative,2024-02-13,"Baruwa, Lagos"
1639799041647,eat eba without soup even thank god somolu lagos living enduring,Negative,2024-12-17,"Somolu, Lagos"
1602395119111,went surulere lagos market today came back empty handed could buy anything meaningful family five,Negative,2023-12-18,"Surulere, Lagos"
1661541025463,few net lagos categorized ipc phase stress level pocket phase crisis informal settlement foodprices,Neutral,2024-09-06,"Agege, Lagos"
1629216010524,even sachet water epe lagos increase pure water naira reach naira going foodprices,Negative,2023-10-18,"Epe, Lagos"
1626503051141,new study university lagos examines relationship twitter sentiment food price trend nigeria inflationng,Neutral,2023-08-26,"Baruwa, Lagos"
1743847632954,price garri drop alimosho lagos market new cassava harvest arrives ogun state small win lagossuffers,Positive,2024-06-04,"Alimosho, Lagos"
1745577019745,yeparipa eba reach oshodi lagos eat sand soon naijaproblems,Negative,2023-02-13,"Oshodi, Lagos"
1642370971637,went ikeja lagos market today came back empty handed could buy anything meaningful family five nigeriadecides,Negative,2024-04-02,"Ikeja, Lagos"
1789837247433,integrated food security phase classification ipc team begin data collection across lagos lgas today sdg,Neutral,2023-09-19,"Ajeromi-Ifelodun, Lagos"
1706505876333,nobody held accountable child die malnutrition baruwa lagos government must charged,Negative,2024-07-05,"Baruwa, Lagos"
1745506961937,noodle last option poor people apapa lagos increase price supposed eat,Negative,2023-02-22,"Apapa, Lagos"
1718985230331,loaf sliced bread alimosho lagos bakery today naira last year naira explain zerohunger,Negative,2024-09-02,"Alimosho, Lagos"
1665745272575,conflict north broken food supply chain way lagos mainland lagos affected,Negative,2023-03-01,"Lagos Mainland, Lagos"
1781987182718,woman agege lagos said mixing garri water child afford,Negative,2024-06-10,"Agege, Lagos"
1658114712549,global food commodity price continue affect local market lagos trader say globaleconomy,Neutral,2023-05-03,"Ojo, Lagos"
1627736304543,opolopo eniyan jiya food cost somolu lagos island pas roof naijaeconomy,Negative,2023-05-19,"Somolu, Lagos"
1692353726095,ngo working lagos mainland lagos report increase demand emergency food assistance since january,Neutral,2024-03-20,"Lagos Mainland, Lagos"
1764996495192,subsidy removal supposed free fund investment tell one person ojo lagos benefited,Negative,2024-09-19,"Ojo, Lagos"
1680032881170,empty stall everywhere lagos mainland lagos market today wholesale supply dried completely foodscarcity,Negative,2024-12-19,"Lagos Mainland, Lagos"
1679259894514,international monetary fund warns nigeria food inflation could remain elevated without reform,Neutral,2024-10-05,"Lagos Island, Lagos"
1735316795602,irony ifako ijaiye lagos commercial hub nigeria million resident bed hungry every night inflation,Negative,2023-04-12,"Ifako-Ijaiye, Lagos"
1749117373163,last time bought cooking oil ifako ijaiye lagos market three month ago price gone endpoverty,Negative,2024-03-10,"Ifako-Ijaiye, Lagos"
1739395786503,integrated food security phase classification ipc team begin data collection across lagos lgas today foodprices,Neutral,2024-06-19,"Ifako-Ijaiye, Lagos"
1745925544313,child area ajeromi ifelodun lagos visibly malnourished crisis nobody talking foodprices,Negative,2023-08-25,"Ajeromi-Ifelodun, Lagos"
1758813558921,men eti osa lagos breaking breadwinner cannot provide family pressure hunger destroying home lagospalliative,Negative,2024-08-01,"Eti-Osa, Lagos"
1760843128106,yeparipa eba reach eti osa lagos eat sand soon naijaproblems naijaproblems,Negative,2023-10-12,"Eti-Osa, Lagos"
1624513335823,farmer herder clash reduced produce coming ojo lagos almost half according trader oyingbo lagospalliative,Negative,2023-07-27,"Ojo, Lagos"
1726957369970,international monetary fund warns nigeria food inflation could remain elevated without reform,Neutral,2024-02-10,"Apapa, Lagos"
1755601055121,lagos state food bank initiative record increase demand low income household,Neutral,2023-01-01,"Kosofe, Lagos"
1670495977760,market survey ikeja lagos basket tomato cost compared period last year,Neutral,2024-05-05,"Ikeja, Lagos"
1665025075523,government say share palliative alimosho lagos ordinary people grassroots see anything lie inflation,Negative,2023-10-11,"Alimosho, Lagos"
1740053966095,youth group somolu lagos start rooftop farming project grow vegetable local community innovation nigeriadecides,Positive,2023-09-22,"Somolu, Lagos"
1649094289466,pepper tomato onion combination extremely scarce expensive kosofe lagos market cooking become gold,Negative,2023-05-13,"Kosofe, Lagos"
1752419206542,old mama badagry lagos say never eat two day nobody care poor tinubu,Negative,2024-09-13,"Badagry, Lagos"
1741641956191,serious food scarcity ikorodu lagos right market shelf empty trader say supply chain broken,Negative,2023-10-10,"Ikorodu, Lagos"
1669051850528,ground report somolu lagos street food vendor adjusting portion size manage rising ingredient cost,Neutral,2024-09-05,"Somolu, Lagos"
1648917802045,food insecurity mushin lagos crisis level ipc indicator pointing phase nobody talking inflation,Negative,2023-12-20,"Mushin, Lagos"
1605442945238,garri buy last year reach alimosho lagos take happen like lagossuffers,Negative,2024-11-18,"Alimosho, Lagos"
1769344220581,old mama alimosho lagos say never eat two day nobody care poor lagos,Negative,2024-08-26,"Alimosho, Lagos"
1749822261177,snack shop near oshodi lagos increased food price approximately due gas crisis wareffects inflation lagospalliative,Negative,2023-07-24,"Oshodi, Lagos"
1758718772262,cooperative market woman eti osa lagos launch price stabilization scheme essential food item community power endpoverty,Positive,2023-04-04,"Eti-Osa, Lagos"
1794391464358,fuel price go food price go transport go salary stay loyal nigeria inflation hardtimes,Negative,2024-04-01,"Epe, Lagos"
1662197147538,good news epe lagos local farmer cooperative report increase food production planting season,Positive,2023-10-11,"Epe, Lagos"
1709669518013,empty stall everywhere agege lagos market today wholesale supply dried completely foodscarcity,Negative,2023-08-12,"Agege, Lagos"
1698665360679,snack shop near badagry lagos increase price gas problem suffer foodcrisis,Negative,2023-12-13,"Badagry, Lagos"
1776665517824,snack shop near badagry lagos increase price gas problem suffer lagossuffers,Negative,2024-11-24,"Badagry, Lagos"
1736320803090,beggar street lagos island lagos increasing daily people cannot feed family anymore zerohunger,Negative,2023-01-03,"Lagos Island, Lagos"
1645655421005,nigeria food import bill rose billion amid declining local agricultural productivity,Neutral,2024-03-02,"Kosofe, Lagos"
1766552622429,federal government inaugurates food price monitoring committee track inflation across state including lagos,Neutral,2023-12-31,"Agege, Lagos"
1696256027075,lagos state opened new food distribution centre lagos mainland lagos finally government try small goodnews,Positive,2024-12-19,"Lagos Mainland, Lagos"
1674080621524,sharp sharp price baruwa lagos pas roof shout manage,Negative,2024-02-12,"Baruwa, Lagos"
1697892357103,bama yola people flee somolu lagos food supply cannot handle population pressure,Negative,2023-10-23,"Somolu, Lagos"
1705448267139,old mama agege lagos say never eat two day nobody care poor,Negative,2023-04-28,"Agege, Lagos"
1677630831996,food price key staple like yam plantain stabilized eti osa lagos market week hope lost economichardship,Positive,2024-03-10,"Eti-Osa, Lagos"
1766889182042,child ikeja lagos sleep hungry every night beg government let hear,Negative,2024-10-14,"Ikeja, Lagos"
1764669873198,palm oil groundnut oil everything skyrocket badagry lagos cooking self become unaffordable lagossuffers,Negative,2023-05-28,"Badagry, Lagos"
1673785220726,nigeria food import bill rose billion amid declining local agricultural productivity,Neutral,2023-09-08,"Lagos Mainland, Lagos"
1666159650463,hunger kill people eti osa lagos government eat alone wickedness highest level tinubu,Negative,2023-02-04,"Eti-Osa, Lagos"
1771259955952,humanitarian organization call increased funding address food crisis affecting lagos urban poor community naijaproblems,Neutral,2024-09-07,"Eti-Osa, Lagos"
1645938708252,school dropout rate mushin lagos rising parent cannot afford school fee food time,Negative,2023-01-28,"Mushin, Lagos"
1604972514126,empty stall everywhere ifako ijaiye lagos market today wholesale supply dried completely foodscarcity inflationng,Negative,2024-05-13,"Ifako-Ijaiye, Lagos"
1795290983768,international food aid organization begin registration vulnerable household shomolu lagos monthly food support,Positive,2024-05-03,"Shomolu, Lagos"
1697736313330,few net quarterly report flag lagos kano area requiring close food security monitoring coming month foodcrisis,Neutral,2024-05-24,"Ifako-Ijaiye, Lagos"
1666372006657,senate committee agriculture hold hearing food security situation minister fao representative lagos,Neutral,2024-08-30,"Alimosho, Lagos"
1649180506551,uncle surulere lagos said cried first time adult life last night could feed child tinubu,Negative,2024-08-08,"Surulere, Lagos"
1646542229559,governor lagos personally supervises food distribution ikeja lagos community least paying attention,Positive,2024-12-26,"Ikeja, Lagos"
1753338667831,rice reach per bag kosofe lagos person eat foodcrisis lagos inflationng,Negative,2024-04-27,"Kosofe, Lagos"
1686965344685,few net lagos categorized ipc phase stress level pocket phase crisis informal settlement,Neutral,2024-12-20,"Surulere, Lagos"
1678604491644,market survey ifako ijaiye lagos basket tomato cost compared period last year,Neutral,2023-05-15,"Ifako-Ijaiye, Lagos"
1651671484940,insecurity made farming impossible north apapa lagos market running dwindling reserve,Negative,2024-07-22,"Apapa, Lagos"
1640966799996,world food programme wfp begin assessment food insecurity level lagos community next month,Neutral,2024-03-21,"Lagos Mainland, Lagos"
1648740064083,exaggerating say food situation ikeja lagos humanitarian emergency waiting declared,Negative,2023-01-26,"Ikeja, Lagos"
1758782928196,lasg governor approves billion food subsidy fund low income family across lagos lgas progress sdg,Positive,2024-04-05,"Ajeromi-Ifelodun, Lagos"
1623662581116,price moimoi akara ikeja lagos doubled supposed food ordinary person tinubu,Negative,2023-06-05,"Ikeja, Lagos"
1720770387752,lagos resident spend average household income food new survey nb reveals,Neutral,2024-10-01,"Ifako-Ijaiye, Lagos"
1728758920852,new cold chain facility open apapa lagos mean less food waste stable supply markeets,Positive,2024-10-05,"Apapa, Lagos"
1706946874398,praise god foodbank apapa lagos got massive donation today family eat week,Positive,2023-01-05,"Apapa, Lagos"
1652293928763,food scarcity natural policy failure shomolu lagos resident paying life health,Negative,2023-12-05,"Shomolu, Lagos"
1614666870552,mama tunde ojo lagos say sell cooking pot afford food heartbreaking,Negative,2024-02-10,"Ojo, Lagos"
1639354110050,insecurity made farming impossible north apapa lagos market running dwindling reserve,Negative,2024-06-01,"Apapa, Lagos"
1729031661710,displaced family borno zamfara ajeromi ifelodun lagos competing already scarce foood resource foodprices,Negative,2024-01-05,"Ajeromi-Ifelodun, Lagos"
1740079368701,first batch subsidized food federal strategic reserve arrives epe lagos distribution point today,Positive,2024-02-11,"Epe, Lagos"
1637267977715,satellite data geoglam show average crop yield expected major food producing state season naijaeconomy,Neutral,2023-10-04,"Eti-Osa, Lagos"
1643618054882,market watch price key food commodity eti osa lagos reviewed weekly lagos consumer protection council,Neutral,2023-04-11,"Eti-Osa, Lagos"
1729294007657,serious food scarcity oshodi lagos right market shelf empty trader say supply chain broken,Negative,2023-01-26,"Oshodi, Lagos"
1752447052723,omo tin happen shomolu lagos market good like say food become luxury nigeria,Negative,2024-07-18,"Shomolu, Lagos"
1761105428930,nafdac confirms seizure substandard food item worth million ifako ijaiye lagos market week,Neutral,2024-12-24,"Ifako-Ijaiye, Lagos"
1616277751422,nigeria food self sufficiency ratio declined steadily since new agriculture ministry data show,Neutral,2024-06-28,"Badagry, Lagos"
1655219684307,number people begging shomolu lagos street doubled last six month normal,Negative,2023-06-29,"Shomolu, Lagos"
1712745470130,policy response weak useless ikorodu lagos resident starving politician share rice election,Negative,2023-04-06,"Ikorodu, Lagos"
1697362956215,international food aid organization begin registration vulnerable household oshodi lagos monthly food support naijaproblems,Positive,2024-02-21,"Oshodi, Lagos"
1667777947363,nb data show food inflation lagos reached highest five year economy tinubu,Neutral,2024-07-18,"Oshodi, Lagos"
1726569004161,cost feeding family four lagos risen per month two year,Neutral,2023-04-29,"Agege, Lagos"
1725927438990,ngo distributes food pack vulnerable family ajeromi ifelodun lagos today kind help need,Positive,2024-02-21,"Ajeromi-Ifelodun, Lagos"
1790746563230,tinubu government remove subsidy food price sky rocket badagry lagos poor people carry burden,Negative,2024-05-22,"Badagry, Lagos"
1754832799550,praise god foodbank kosofe lagos got massive donation today family eat week,Positive,2023-07-31,"Kosofe, Lagos"
1708075633776,noodle last option poor people somolu lagos increase price supposed eat naijaeconomy,Negative,2024-04-12,"Somolu, Lagos"
1709999732085,imagine going ifako ijaiye lagos government stop people hungry act hardtimes,Negative,2024-08-24,"Ifako-Ijaiye, Lagos"
1729744292508,rice reach per bag mushin lagos person eat foodcrisis lagos economichardship,Negative,2024-02-03,"Mushin, Lagos"
1710033430969,unicef report highlight rising acute malnutrition among five child urban lagos slum,Neutral,2024-11-16,"Shomolu, Lagos"
1793236343447,new food bank open baruwa lagos struggling feed famliy please walk form stress inflationng,Positive,2023-12-22,"Baruwa, Lagos"
1607896279558,swr tire food money hope ifako ijaiye lagos suffering end,Negative,2024-09-13,"Ifako-Ijaiye, Lagos"
1620488834044,actionaid nigeria release report impact food insecurity woman headed household eti osa lagos inflationng,Neutral,2024-04-04,"Eti-Osa, Lagos"
1647681433942,microfinance bank launch special loan product food vendor market woman mushin lagos help,Positive,2024-01-25,"Mushin, Lagos"
1755792699128,oshodi lagos hunger respect anybody rich poor everybody feel,Negative,2023-07-12,"Oshodi, Lagos"
1707149345242,dangote group donates bag rice litre oil food bank serving mushin lagos community inflationng,Positive,2024-08-02,"Mushin, Lagos"
1781390614441,dangote group donates bag rice litre oil food bank serving ojo lagos community suffering,Positive,2024-11-08,"Ojo, Lagos"
1692650480235,price kg bag rice shomolu lagos market currently stand according trader marketupdate,Neutral,2024-05-06,"Shomolu, Lagos"
1759034680323,bama yola people flee surulere lagos food supply cannot handle population pressure,Negative,2023-02-16,"Surulere, Lagos"
1688684738505,seen price baby food diaper rent shomolu lagos person manage foodscarcity,Negative,2023-04-16,"Shomolu, Lagos"
1770732366392,please let government came help eti osa lagos people ebi kill every day,Negative,2024-07-11,"Eti-Osa, Lagos"
1679156616731,trader surulere lagos market confirm food prics percent three month inflationng tinubu,Negative,2023-09-27,"Surulere, Lagos"
1757594811670,kind country ajeromi ifelodun lagos man work hard every day cannot afford eat three time nonsense foodprices,Negative,2024-02-03,"Ajeromi-Ifelodun, Lagos"
1736556147052,eat eba without soup even thank god ikorodu lagos living enduring,Negative,2023-10-26,"Ikorodu, Lagos"
1669467858478,men surulere lagos breaking breadwinner cannot provide family pressure hunger destroying home,Negative,2023-02-23,"Surulere, Lagos"
1793493213982,school feeding program resume eti osa lagos primary school today brief suspension child happy,Positive,2024-08-05,"Eti-Osa, Lagos"
1623338750655,first batch subsidized food federal strategic reserve arrives surulere lagos distribution point today lagos,Positive,2023-05-26,"Surulere, Lagos"
1658921791831,youth group baruwa lagos start rooftop farming project grow vegetable local community innovation,Positive,2024-03-27,"Baruwa, Lagos"
1732769329496,food price key staple like yam plantain stabilized lagos mainland lagos market week hope lost,Positive,2024-04-04,"Lagos Mainland, Lagos"
1718907909826,bag bean last january alimosho lagos tell engineered scarcity foodcrisis,Negative,2023-04-17,"Alimosho, Lagos"
1745428684769,federal government inaugurates food price monitoring committee track inflation across state including lagos naijaproblems,Neutral,2023-04-23,"Ajeromi-Ifelodun, Lagos"
1616934008216,report million nigerian currently experiencing severe food insecurity according ipc phase classification,Neutral,2023-06-19,"Mushin, Lagos"
1694553440719,food scarcity natural policy failure oshodi lagos resident paying life health,Negative,2023-08-17,"Oshodi, Lagos"
1630816445103,number child visible sign malnutrition kosofe lagos school increasing teacher reporting,Negative,2024-01-19,"Kosofe, Lagos"
1608936813596,praise god foodbank alimosho lagos got massive donation today family eat week,Positive,2024-06-09,"Alimosho, Lagos"
1744012665231,bama yola people flee epe lagos food supply cannot handle population pressure inflationng,Negative,2023-02-18,"Epe, Lagos"
1729038729966,tomato supply dry completely mushin lagos farmer say insecurity north finish everything,Negative,2024-12-06,"Mushin, Lagos"
1701748980687,indomie food last resort many family lagos island lagos increased price deliberate suffering,Negative,2023-08-11,"Lagos Island, Lagos"
1774998213383,new usaid funded study track social medium signal food insecurity nigerian urban centre foodcrisis,Neutral,2024-07-14,"Eti-Osa, Lagos"
1706742282277,tomato supply dry completely ifako ijaiye lagos farmer say insecurity north finish everything,Negative,2024-03-29,"Ifako-Ijaiye, Lagos"
1757936272995,market survey badagry lagos basket tomato cost compared period last year foodcrisis,Neutral,2024-03-15,"Badagry, Lagos"
1715496409157,federal government import metric tonne rice stabilize price city including lagos zerohunger,Neutral,2024-05-14,"Mushin, Lagos"
1653194727383,lagos urban agriculture initiative training youth ikeja lagos grow food small plot inspiring work,Positive,2023-11-27,"Ikeja, Lagos"
1625073111011,few net quarterly report flag lagos kano area requiring close food security monitoring coming month,Neutral,2024-08-16,"Apapa, Lagos"
1605673964197,farmer eti osa lagos outskirt say longer afford fertilizer current price next harvest disaster,Negative,2023-01-27,"Eti-Osa, Lagos"
1743917374032,man collapsed hunger near ajeromi ifelodun lagos today food hope country finish,Negative,2023-07-02,"Ajeromi-Ifelodun, Lagos"
1691411112815,lagos chamber commerce hold summit strategy stabilize food supply chain state,Neutral,2023-05-10,"Eti-Osa, Lagos"
1653912072983,farmer epe lagos outskirt say longer afford fertilizer current price next harvest disaster,Negative,2024-05-15,"Epe, Lagos"
1709674991286,insecurity made farming impossible north ikorodu lagos market running dwindling reserve,Negative,2023-08-23,"Ikorodu, Lagos"
1786031423400,local government somolu lagos distributes free food seedling household encourage home gardening,Positive,2023-04-11,"Somolu, Lagos"
1694916486042,tomato naira last year reach ajeromi ifelodun lagos market inflation kill,Negative,2023-10-19,"Ajeromi-Ifelodun, Lagos"
1720396168303,want police soldier respect law salary cant put food table ikeja lagos,Negative,2023-05-20,"Ikeja, Lagos"
1668352004908,noodle teh last option poor people badagry lagos increase price supposed eat hardtimes,Negative,2024-12-13,"Badagry, Lagos"
1797999949663,farmer ajeromi ifelodun lagos outskirt say longer afford fertilizer current price next harvest disaster,Negative,2024-01-30,"Ajeromi-Ifelodun, Lagos"
1647319252479,microfinance bank launch special loan product food vendor market woman apapa lagos help,Positive,2024-12-03,"Apapa, Lagos"
1606196701125,few net quarterly report flag lagos kano area requiring close food security monitoring coming month,Neutral,2024-02-21,"Eti-Osa, Lagos"
1670546564343,lagos chamber commerce hold summit strategy stabilize food supply chain state,Neutral,2023-04-14,"Eti-Osa, Lagos"
1677861467906,new usaid funded study track social medium signal food insecurity nigerian urban centre,Neutral,2023-01-03,"Apapa, Lagos"
1610441526453,praise god foodbank apapa lagos got massive donation today family eat week,Positive,2023-12-26,"Apapa, Lagos"
1767353205469,fao report nigeria rank among country highest rate acute food insecurity west africa foodsecurity,Neutral,2024-07-25,"Epe, Lagos"
1736116131581,agric minister confirms new fertilizer subsidy reduce input cost farmer expected lower food price,Positive,2023-11-18,"Baruwa, Lagos"
1637014163322,bag bean last january eti osa lagos tell engineered scarcity,Negative,2024-09-03,"Eti-Osa, Lagos"
1773554795420,bag bean last january eti osa lagos tell engineered scarcity hardtimes,Negative,2024-04-05,"Eti-Osa, Lagos"
1702591696406,school dropout rate somolu lagos rising parent cannot afford school fee food time lagos,Negative,2023-03-12,"Somolu, Lagos"
1780211776375,snack shop near oshodi lagos increased food price approximately due gas crisis wareffects inflation tinubu,Negative,2023-04-03,"Oshodi, Lagos"
1744262840130,fuel price go food price go transport go salary stay loyal nigeria inflation,Negative,2024-02-10,"Ikorodu, Lagos"
1729325892482,went baruwa lagos market today came back empty handed could buy anything meaningful family five,Negative,2023-05-18,"Baruwa, Lagos"
1709471147198,oxfam nigeria call government implement emergency food subsidy urban poor lagos kano,Neutral,2024-03-31,"Lagos Island, Lagos"
1701185249164,snack shop near badagry lagos increase price becus gas problem suffer,Negative,2023-05-02,"Badagry, Lagos"
1672827714983,another yariba state massive hunger lagos built nigerian government lagos mainland lagos people suffering,Negative,2024-08-13,"Lagos Mainland, Lagos"
1787194506711,kind country eti osa lagos man work hard every day cannot afford eat three time nonsense inflation,Negative,2024-06-07,"Eti-Osa, Lagos"
1788125783983,report million nigerian currently experiencing severe food insecurity according ipc phase classification,Neutral,2024-05-23,"Lagos Island, Lagos"
1687483144442,swr hunger want collect child eat since yesterday alimosho lagos,Negative,2024-02-25,"Alimosho, Lagos"
1784992570684,international food aid organization begin registration vulnerable household surulere lagos monthly food support,Positive,2023-06-04,"Surulere, Lagos"
1652875351337,government statistician conduct fresh food price survey across surulere lagos market starting monday,Neutral,2024-11-03,"Surulere, Lagos"
1743861313634,woman shomolu lagos said mixing garri water child afford,Negative,2024-10-06,"Shomolu, Lagos"
1692497342247,sharp sharp price alimosho lagos pas roof shout manage naijaproblems,Negative,2023-01-29,"Alimosho, Lagos"
1721555956933,price garri drop eti osa lagos market new cassava harvest arrives ogun state small win,Positive,2023-01-02,"Eti-Osa, Lagos"
1774337860191,food price badagry lagos gone completely control market woman today told tomato luxury item,Negative,2024-10-11,"Badagry, Lagos"
1770126113637,restaurant epe lagos closing even middle class longer afford eat regularly,Negative,2023-04-15,"Epe, Lagos"
1741475965238,advocated mental health check economic crisis poor salary barely put food table surulere lagos,Negative,2023-11-04,"Surulere, Lagos"
1702256183183,private sector food relief gtbank staff donate food item vulnerable family shomolu lagos community nigeriadecides,Positive,2023-10-22,"Shomolu, Lagos"
1621422548854,lovely initiative church mosque ikeja lagos joined force provide daily meal hungry family,Positive,2024-06-27,"Ikeja, Lagos"
1741818619847,federal government emergency food intervention reach ojo lagos today household receive support,Positive,2024-03-26,"Ojo, Lagos"
1758844401971,eat eba without soup even thank god somolu lagos living enduring,Negative,2023-02-12,"Somolu, Lagos"
1688569839231,woman surulere lagos forced dangerous situation feed family hunger real nigeriadecides,Negative,2023-10-19,"Surulere, Lagos"
1629864857055,wfp begun food distribution oshodi lagos community today family receiving assistance relief inflationng,Positive,2023-07-08,"Oshodi, Lagos"
1638718327738,private sector food relief gtbank staff donate food item vulnerable family apapa lagos community,Positive,2023-06-13,"Apapa, Lagos"
1731222853490,opolopo eniyan jiya food cost mushin lagos island pas roof naijaeconomy foodcrisis,Negative,2023-02-27,"Mushin, Lagos"
1766654388345,price moimoi akara baruwa lagos doubled supposed food ordinary person inflation,Negative,2024-12-27,"Baruwa, Lagos"
1720681110340,conflict north broken food supply chain way oshodi lagos affected,Negative,2024-07-05,"Oshodi, Lagos"
1601175304017,reach level share one wrap eba three people ifako ijaiye lagos god help,Negative,2023-04-11,"Ifako-Ijaiye, Lagos"
1610835194862,school dropout rate baruwa lagos rising parent cannot afford school fee food time,Negative,2024-02-13,"Baruwa, Lagos"
1792886782020,lagos state government announces plan establish food distribution centre across lgas hunger,Neutral,2023-01-20,"Lagos Mainland, Lagos"
1638229896694,price garri drop shomolu lagos market new cassava harvest arrives ogun state small win,Positive,2023-07-02,"Shomolu, Lagos"
1670563036706,government share food abuja camera ikorodu lagos ground zero nothing reach ordinary people,Negative,2023-11-09,"Ikorodu, Lagos"
1799453080548,price garri drop ikorodu lagos market new cassava harvest arrives ogun state small win lagos,Positive,2023-08-11,"Ikorodu, Lagos"
1615819624482,lagos state government announces plan establish food distribution centre across lgas,Neutral,2024-01-01,"Apapa, Lagos"
1737353565748,snack shop near oshodi lagos increased food price approximately due gas crisis wareffects inflation,Negative,2024-01-07,"Oshodi, Lagos"
1667967040690,usaid food security program begin operation alimosho lagos targeting household month,Positive,2024-02-14,"Alimosho, Lagos"
1652619109488,bean protein poor ajeromi ifelodun lagos luxury paint bucket bean cost naira,Negative,2024-09-27,"Ajeromi-Ifelodun, Lagos"
1788457096945,woman badagry lagos forced dangerous situation feed family hunger real hunger,Negative,2024-10-08,"Badagry, Lagos"
1687548904336,palm oil groundnut oil everything skyrocket badagry lagos cooking self become unaffordable zerohunger,Negative,2023-07-02,"Badagry, Lagos"
1745740491378,joint statement ngo food situation kosofe lagos requires urgent coordinated humanitarian response,Neutral,2024-07-22,"Kosofe, Lagos"
1644895530070,stockfish poor family depend lagos mainland lagos disappeared market become expensive buy nigeriadecides,Negative,2024-08-31,"Lagos Mainland, Lagos"
1679783132692,new farm produce market open eti osa lagos connect farmer directly consumer cutting middleman,Positive,2023-04-16,"Eti-Osa, Lagos"
1703001545749,bos epe lagos cut canteen budget food vendor cannot maintain affordable price anymore,Negative,2023-09-27,"Epe, Lagos"
1732402603329,rice price drop slightly epe lagos market government release emergency reserve little relief family foodcrisis,Positive,2023-12-09,"Epe, Lagos"
1647978823124,household food budget crisis apapa lagos price outpace income significantly naijaeconomy,Negative,2023-08-18,"Apapa, Lagos"
1693529462367,agric minister confirms new fertilizer subsidy reduce input cost farmer expected lower food price,Positive,2024-05-30,"Baruwa, Lagos"
1795459116980,snack shop near kosofe lagos increase price gas problem suffer,Negative,2023-10-07,"Kosofe, Lagos"
1682001555982,reach level share one wrap eba three people agege lagos god help hunger,Negative,2023-07-23,"Agege, Lagos"
1714904524804,ngo distributes food pack vulnerable family lagos mainland lagos today kind help need,Positive,2023-04-16,"Lagos Mainland, Lagos"
1639509022345,plantain grow right surulere lagos outskirt reach per finger local food inflation crazy,Negative,2024-01-18,"Surulere, Lagos"
1657456167968,yeparipa eba reach agege lagos eat sand soon naijaproblems,Negative,2023-12-23,"Agege, Lagos"
1746350053358,apapa lagos hunger respect anybody rich poor everybody feel,Negative,2024-08-12,"Apapa, Lagos"
1701425811829,new study university lagos examines relationship twitter sentiment foood price trend nigeria lagos,Neutral,2023-08-19,"Ikorodu, Lagos"
1641485238523,local government official kosofe lagos conduct market inspection following report artificial food scarcity nigeriadecides,Neutral,2023-08-17,"Kosofe, Lagos"
1738914076147,fuel price go food price go transport go salary stay loyal nigeria inflation,Negative,2024-10-02,"Ikorodu, Lagos"
1632668142576,local government ikorodu lagos distributes free food seedling household encourage home gardening,Positive,2024-03-01,"Ikorodu, Lagos"
1704541703161,trader baruwa lagos market report reduction daily customer resident cut back food purchase nigeria,Neutral,2024-11-24,"Baruwa, Lagos"
1782373541954,eba vegetable soup used affordable meal apapa lagos hustler even become expensive lagospalliative,Negative,2024-08-27,"Apapa, Lagos"
1746409861035,food security stakeholder gather oshodi lagos quarterly review meeting hunger mitigation strategy economichardship,Neutral,2023-09-29,"Oshodi, Lagos"
1672979629453,know three family somolu lagos eaten proper meal day exaggerating,Negative,2024-08-19,"Somolu, Lagos"
1702832616464,price garri drop mushin lagos market new cassava harvest arrives ogun state small win,Positive,2024-04-24,"Mushin, Lagos"
1690805591069,stockfish poor family depend kosofe lagos disappeared market become expensive buy,Negative,2023-10-30,"Kosofe, Lagos"
1605291947345,few net quarterly report flag lagos kano area requiring close food security monitoring coming month,Neutral,2024-08-06,"Kosofe, Lagos"
1783189216780,oxfam nigeria call government implement emergency food subsidy urban poor lagos kano,Neutral,2023-08-21,"Agege, Lagos"
1669043265158,market trader association ikorodu lagos issue statement factor driving current food price increase,Neutral,2023-11-24,"Ikorodu, Lagos"
1750840294139,joint statement ngo food situation epe lagos requires urgent coordinated humanitarian response lagos,Neutral,2023-05-19,"Epe, Lagos"
1764972987454,mama cry kosofe lagos say feed four child today god please,Negative,2023-05-27,"Kosofe, Lagos"
1684523062015,bag bean last january apapa lagos tell engineered scarcity,Negative,2024-03-21,"Apapa, Lagos"
1706992115846,new usaid funded study track social medium signal food insecurity nigerian urban centre zerohunger,Neutral,2023-10-27,"Oshodi, Lagos"
1646688343134,rice reach per bag lagos island lagos person eat foodcrisis lagos lagos,Negative,2023-01-31,"Lagos Island, Lagos"
1643603964577,lagos resident spend average household income food new survey nb reveals,Neutral,2023-10-16,"Apapa, Lagos"
1758795368043,beg government let intervene food price ikeja lagos people suffer silence,Negative,2023-05-23,"Ikeja, Lagos"
1793326615008,number child visible sign malnutrition lagos island lagos school increasing teacher reporting,Negative,2024-11-25,"Lagos Island, Lagos"
1751593684768,food scarcity natural policy failure baruwa lagos resident paying life health inflation,Negative,2023-05-11,"Baruwa, Lagos"
1672106742843,lasg governor approves billion food subsidy fund low income family across lagos lgas progress,Positive,2023-02-12,"Lagos Mainland, Lagos"
1744703894848,joint un fao wfp mission visit lagos assess food security situation ground tinubu,Neutral,2024-02-25,"Surulere, Lagos"
1612437696022,serious food scarcity agege lagos right market shelf empty trader say supply chain broken,Negative,2024-04-05,"Agege, Lagos"
1648439313657,semovita finish shop somolu lagos supplier say factory ration production raw material cost,Negative,2024-08-22,"Somolu, Lagos"
1787365007213,news emergency food aid distribution begin three surulere lagos lgas targeted lagos state government today economichardship,Neutral,2023-02-10,"Surulere, Lagos"
1785125619374,number people begging lagos mainland lagos street doubled last six month normal inflation,Negative,2023-11-04,"Lagos Mainland, Lagos"
1667705996206,exaggerating say teh food situation somolu lagos humanitarian emergency waiting declared nigeriadecides,Negative,2024-01-05,"Somolu, Lagos"
1771624041984,number child visible sign malnutrition ikeja lagos school increasing teacher reporting lagospalliative,Negative,2024-06-11,"Ikeja, Lagos"
1603535780913,bama yola people flee ifako ijaiye lagos food supply cannot handle population pressure tinubu,Negative,2024-09-17,"Ifako-Ijaiye, Lagos"
1640651234883,market survey lagos mainland lagos basket tomato cost compared period last year,Neutral,2024-03-20,"Lagos Mainland, Lagos"
1637840509419,federal government inaugurates food price monitoring committee track inflation across state including lagos,Neutral,2024-06-21,"Baruwa, Lagos"
1677160583011,local government mushin lagos distributes free food seedling household encourage home gardening,Positive,2024-06-11,"Mushin, Lagos"
1675333006464,governor lagos personally supervises food distribution lagos island lagos community least paying attention,Positive,2024-04-02,"Lagos Island, Lagos"
1612427135076,palm oil groundnut oil everything skyrocket badagry lagos cooking self become unaffordable foodscarcity,Negative,2024-04-19,"Badagry, Lagos"
1732135124738,new farm produce market open surulere lagos connect farmer directly consumer cutting middleman,Positive,2024-09-15,"Surulere, Lagos"
1685482320153,omo tin happen epe lagos market good like say food become luxury economichardship,Negative,2023-09-12,"Epe, Lagos"
1740665059169,even sachet water ojo lagos increase pure water naira reach naira going,Negative,2024-01-19,"Ojo, Lagos"
1782620941616,domestic violence case ifako ijaiye lagos linked food stress hungry people become desperate people lagossuffers,Negative,2024-09-08,"Ifako-Ijaiye, Lagos"
1663531000648,wa price yam alimosho lagos higher price petrol per litre something wrong economichardship,Negative,2023-02-18,"Alimosho, Lagos"
1773247024196,government statistician conduct fresh food price survey across ikeja lagos market starting monday,Neutral,2023-11-17,"Ikeja, Lagos"
1661332965546,woman ajeromi ifelodun lagos said mixing garri water child afford,Negative,2023-06-05,"Ajeromi-Ifelodun, Lagos"
1648965277735,loaf sliced bread ajeromi ifelodun lagos bakery today naira last year naira explain thsi,Negative,2023-04-27,"Ajeromi-Ifelodun, Lagos"
1749421961784,manage half cup garri whole family alimosho lagos hard lagos,Negative,2023-07-15,"Alimosho, Lagos"
1752687109909,market trader association shomolu lagos issue statement factor driving current food price increase,Neutral,2023-03-25,"Shomolu, Lagos"
1729879923289,lovely initiative church mosque kosofe lagos joined force provide daily meal hungry family,Positive,2024-02-03,"Kosofe, Lagos"
1684176143566,price garri drop mushin lagos market new cassava harvest arrives ogun state small win,Positive,2023-04-03,"Mushin, Lagos"
1775367028094,agric minister confirms new fertilizer subsidy reduce input cost farmer expected lower food price lagospalliative,Positive,2023-05-18,"Badagry, Lagos"
1740248072315,government statistician conduct fresh food price survey across somolu lagos market starting monday,Neutral,2023-04-06,"Somolu, Lagos"
1603878090313,integrated food security phase classification ipc team begin data collection across lagos lgas today,Neutral,2023-07-06,"Badagry, Lagos"
1729395881394,displaced family borno zamfara ikeja lagos competing already scarce food resource hardtimes,Negative,2024-09-21,"Ikeja, Lagos"
1680864016508,number people begging apapa lagos street doubled last six month normal,Negative,2024-04-17,"Apapa, Lagos"
1707638186871,farmer herder clash reduced produce coming oshodi lagos almost half according trader oyingbo,Negative,2023-02-07,"Oshodi, Lagos"
1723816076606,global foood commodity price continue affect local market lagos trader say globaleconomy,Neutral,2024-04-12,"Ikorodu, Lagos"
1663801756456,snack shop near kosofe lagos increased food price approximately due gas crisis wareffects inflation,Negative,2023-03-30,"Kosofe, Lagos"
1742802210731,local goverment mushin lagos distributes free food seedling household encourage home gardening,Positive,2023-08-14,"Mushin, Lagos"
1626369269604,nigeria food import bill rose billion amid declining local agricultural productivity,Neutral,2024-08-18,"Lagos Mainland, Lagos"
1701231060507,new food bank open ajeromi ifelodun lagos struggling feed family please walk form stress,Positive,2023-04-16,"Ajeromi-Ifelodun, Lagos"
1691141555561,first batch subsidized food federal strategic reserve arrives mushin lagos distribution point today zerohunger,Positive,2024-09-09,"Mushin, Lagos"
1632194980212,senate committee agriculture hold hearing food security situation minister fao representative,Neutral,2024-08-06,"Ajeromi-Ifelodun, Lagos"
1679602506417,bean protein poor ikorodu lagos luxury paint bucket bean cost naira,Negative,2024-03-08,"Ikorodu, Lagos"
1780479000086,market watch price key food commodity shomolu lagos reviewed weekly lagos consumer protection council,Neutral,2024-03-31,"Shomolu, Lagos"
1736106907363,lagos state food bank initiative record increase demand low income household,Neutral,2023-04-12,"Ajeromi-Ifelodun, Lagos"
1719712265361,loaf sliced bread mushin lagos bakery today naira last year naira explain,Negative,2024-09-03,"Mushin, Lagos"
1624954721343,nobody held accountable child die malnutrition somolu lagos government must charged,Negative,2024-09-04,"Somolu, Lagos"
1634639123096,uncle alimosho lagos said cried first time adult life last night could feed child,Negative,2023-09-23,"Alimosho, Lagos"
1689441648243,youth group agege lagos start rooftop farming project grow vegetable local community innovation,Positive,2024-04-18,"Agege, Lagos"
1634617105771,start fuel price rippling economy fertilizer shortage let food price worse season oshodi lagos,Negative,2024-01-19,"Oshodi, Lagos"
1768852402557,joint un fao wfp mission visit lagos assess food security situation ground endpoverty,Neutral,2023-10-24,"Oshodi, Lagos"
1670108486893,sharp sharp price ojo lagos pas roof shout manage,Negative,2023-06-15,"Ojo, Lagos"
1621913826285,woman oshodi lagos said mixing garri water child afford,Negative,2024-01-25,"Oshodi, Lagos"
1701008435147,food security stakeholder gather mushin lagos quarterly review meeting hunger mitigation strategy foodcrisis,Neutral,2023-11-04,"Mushin, Lagos"
1606908930440,man collapsed hunger near somolu lagos today food hope country finish,Negative,2024-03-11,"Somolu, Lagos"
1673450427464,uncle badagry lagos said cried first time adult life last night could feed child,Negative,2023-07-03,"Badagry, Lagos"
1692574169987,international monetary fund warns nigeria food inflation could remain elevated without reform,Neutral,2024-05-06,"Ajeromi-Ifelodun, Lagos"
1650867467994,policy response weak useless kosofe lagos resident starving politician share rice election,Negative,2023-09-10,"Kosofe, Lagos"
1739334265949,ngo working shomolu lagos report increase demand emergency food assistance since january,Neutral,2023-10-28,"Shomolu, Lagos"
1659052693172,mama cry ifako ijaiye lagos say feed four child today god please,Negative,2023-11-13,"Ifako-Ijaiye, Lagos"
1659135468580,pain see shomolu lagos people suffer food government waste money,Negative,2023-11-22,"Shomolu, Lagos"
1757940268490,trader apapa lagos market report reduction daily customer resident cut back food purchase,Neutral,2024-04-15,"Apapa, Lagos"
1610221881714,farmer herder clash reduced produce coming eti osa lagos almost half according trader oyingbo,Negative,2024-05-14,"Eti-Osa, Lagos"
1729316732134,cooperative market woman kosofe lagos launch price stabilization scheme essential food item community power,Positive,2024-11-27,"Kosofe, Lagos"
1737775797837,know three family mushin lagos eaten proper meal day exaggerating,Negative,2023-12-21,"Mushin, Lagos"
1779307118866,great news kosofe lagos resident community food cooperative launch help family access affordable food,Positive,2023-05-01,"Kosofe, Lagos"
1763998009302,praise god foodbank mushin lagos got massive donation today family eat week,Positive,2024-08-28,"Mushin, Lagos"
1666306826957,indomie food last resort many family ojo lagos increased price deliberate suffering foodprices,Negative,2023-12-02,"Ojo, Lagos"
1724576442961,reach level share one wrap eba three people ajeromi ifelodun lagos god help,Negative,2023-12-14,"Ajeromi-Ifelodun, Lagos"
1776683015702,exaggerating say food situation ikeja lagos humanitarian emergency waiting declared naijaeconomy,Negative,2024-03-01,"Ikeja, Lagos"
1765752107934,went lagos mainland lagos market today came back empty handed could buy anything meaningful family five inflation,Negative,2023-10-11,"Lagos Mainland, Lagos"
1720792058291,displaced family borno zamfara ikeja lagos competing already scarce food resource hardtimes,Negative,2023-06-25,"Ikeja, Lagos"
1716352293277,nigeria war food inflation crushing household farmer unsafe supply chain broken badagry lagos,Negative,2023-04-11,"Badagry, Lagos"
1644134117300,local government ikorodu lagos distributes free food seedling household encourage home gardening,Positive,2023-02-22,"Ikorodu, Lagos"
1675762127676,lasg governor approves billion food subsidy fund low income family across lagos lgas progress naijaeconomy,Positive,2023-07-22,"Mushin, Lagos"
1711094907206,seen price baby food diaper rent baruwa lagos person manage,Negative,2024-04-17,"Baruwa, Lagos"
1760804902192,subsidy removal supposed free fund investment tell one person lagos island lagos benefited hunger,Negative,2023-11-21,"Lagos Island, Lagos"
1689973982717,government share food abuja camera eti osa lagos ground zero nothing reach ordinary people,Negative,2023-07-28,"Eti-Osa, Lagos"
1616518889664,mama tunde baruwa lagos say sell cooking pot afford food heartbreaking hardtimes,Negative,2023-04-05,"Baruwa, Lagos"
1609307397097,man collapsed hunger near oshodi lagos today food hope country finish foodscarcity,Negative,2024-03-01,"Oshodi, Lagos"
1675710543303,child agege lagos sleep hungry every night beg government let hear hunger,Negative,2024-05-10,"Agege, Lagos"
1714426833156,hunger kill people baruwa lagos government eat alone wickedness highest level,Negative,2024-10-04,"Baruwa, Lagos"
1728385306638,cooperative market woman somolu lagos launch price stabilization scheme essential food item community power naijaproblems,Positive,2024-04-24,"Somolu, Lagos"
1656791382786,food price key staple like yam plantain stabilized ikeja lagos market week hope lost,Positive,2023-12-04,"Ikeja, Lagos"
1678940772423,cadre harmonis assessment million people southwest nigeria face acute food insecurity lean season hardtimes,Neutral,2023-09-10,"Mushin, Lagos"
1667248301695,irony baruwa lagos commercial hub nigeria million resident bed hungry every night,Negative,2023-06-24,"Baruwa, Lagos"
1723369407228,know three family mushin lagos eaten proper meal day exaggerating,Negative,2024-03-10,"Mushin, Lagos"
1634547600419,plantain grow right epe lagos outskirt reach per finger local food inflation crazy lagos,Negative,2023-09-12,"Epe, Lagos"
1785057676952,joint statement ngo food situation kosofe lagos requires urgent coordinated humanitarian response foodscarcity,Neutral,2023-09-01,"Kosofe, Lagos"
1635679898685,market trader association apapa lagos issue statement factor driving current food price increase inflation,Neutral,2024-10-23,"Apapa, Lagos"
1620880422714,community garden initiative agege lagos begin harvest providing fresh vegetable local family,Positive,2024-07-01,"Agege, Lagos"
1662223949220,last time bought cooking oil lagos mainland lagos market three month ago price gone,Negative,2023-03-06,"Lagos Mainland, Lagos"
1791023019015,swr tire food money hope oshodi lagos suffering end foodcrisis,Negative,2023-05-10,"Oshodi, Lagos"
1680601502701,senator lagos agree review food importation policy support local farmer long overdue good inflation,Positive,2024-09-21,"Mushin, Lagos"
1782696693293,bag bean last january ikorodu lagos tell engineered scarcity,Negative,2024-08-20,"Ikorodu, Lagos"
1602460489491,price moimoi akara ikorodu lagos doubled supposed food ordinary person,Negative,2023-09-25,"Ikorodu, Lagos"
1608564776068,few net quarterly report flag lagos kano area requiring close food security monitoring coming month,Neutral,2024-12-15,"Surulere, Lagos"
1697136334723,area ajeromi ifelodun lagos get stable food supply since fuel subsidy removal thing get worse lagossuffers,Negative,2023-11-16,"Ajeromi-Ifelodun, Lagos"
1650619001577,new study university lagos examines relationship twitter sentiment food price trend nigeria foodprices,Neutral,2023-01-18,"Lagos Island, Lagos"
1684327444097,new usaid funded study track social medium signal food insecurity nigerian urban centre,Neutral,2024-01-28,"Apapa, Lagos"
1673671731918,plantain grow right ikorodu lagos outskirt reach per finger local food inflation crazy nigeria,Negative,2023-12-15,"Ikorodu, Lagos"
1759194229967,depression anxiety rising kosofe lagos people struggle feed hunger mental health crisis inflation,Negative,2024-04-10,"Kosofe, Lagos"
1760744157485,old mama ajeromi ifelodun lagos say never eat two day nobody care poor,Negative,2023-11-10,"Ajeromi-Ifelodun, Lagos"
1634786915557,area ifako ijaiye lagos get stable food supply since fuel subsidy removal thing get worse,Negative,2023-09-22,"Ifako-Ijaiye, Lagos"
1720899963971,opolopo eniyan jiya ninu eti osa lagos owo ko si ounje ko si oluwa gba wa,Negative,2024-06-28,"Eti-Osa, Lagos"
1725551293345,beggar street lagos mainland lagos increasing daily people cannot feed family anymore foodcrisis,Negative,2024-10-15,"Lagos Mainland, Lagos"
1652456845296,climate shock plus conflict plus inflation equal catastrophe food security oshodi lagos perfect storm naijaproblems,Negative,2024-11-10,"Oshodi, Lagos"
1717662761747,snack shop near epe lagos increase price gas problem suffer,Negative,2024-03-21,"Epe, Lagos"
1764013543546,child cry food since last night get anything give lagos island lagos suffering lagos,Negative,2023-04-30,"Lagos Island, Lagos"
1750989506607,swr tire food money hope ikeja lagos suffering end foodcrisis,Negative,2023-04-02,"Ikeja, Lagos"
1784295621017,child cry food since last night get anything give ikorodu lagos suffering naijaeconomy,Negative,2024-12-25,"Ikorodu, Lagos"
1779520818104,conflict north broken food supply chain way ajeromi ifelodun lagos affected inflation,Negative,2024-12-03,"Ajeromi-Ifelodun, Lagos"
1770175051429,price moimoi akara ajeromi ifelodun lagos doubled supposed food ordinary person,Negative,2023-04-09,"Ajeromi-Ifelodun, Lagos"
1660546875779,woman oshodi lagos said mixing garri water child afford,Negative,2024-04-09,"Oshodi, Lagos"
1667684074049,know three family somolu lagos eaten proper meal day exaggerating lagossuffers,Negative,2024-06-29,"Somolu, Lagos"
1708173723656,please let government came help badagry lagos people ebi kill every day lagos,Negative,2023-12-30,"Badagry, Lagos"
1640547524586,lagos resident spend average household income food new survey nb reveals,Neutral,2024-11-24,"Baruwa, Lagos"
1799694397265,number child visible sign malnutrition oshodi lagos school increasing teacher reporting,Negative,2023-05-03,"Oshodi, Lagos"
1745078326714,federal government inaugurates food price monitoring committee track inflation across state including lagos,Neutral,2023-05-26,"Oshodi, Lagos"
1606084916669,seen teh price baby food diaper rent oshodi lagos person manage,Negative,2024-05-28,"Oshodi, Lagos"
1720885369882,price bag rice ikorodu lagos tripled less year family supposed survive lagos,Negative,2023-02-15,"Ikorodu, Lagos"
1625177028261,start fuel price rippling economy fertilizer shortage let food price worse season mushin lagos inflation,Negative,2023-03-20,"Mushin, Lagos"
1644624198481,empty stall everywhere epe lagos market today wholesale supply dried completely foodscarcity,Negative,2023-12-30,"Epe, Lagos"
1754032632808,fao report nigeria rank among country highest rate acute food insecurity west africa foodsecurity lagossuffers,Neutral,2023-07-28,"Epe, Lagos"
1623427685999,egg per piece ikeja lagos say poultry feed cost plenty pay price nigeria,Negative,2023-09-14,"Ikeja, Lagos"
1740248253072,price bag rice baruwa lagos tripled less year family supposed survive,Negative,2023-06-02,"Baruwa, Lagos"
1642205059467,climate shock plus conflict plus inflation equal catastrophe food security somolu lagos perfect storm,Negative,2023-03-15,"Somolu, Lagos"
1730932279185,child kosofe lagos sleep hungry every night beg government let hear,Negative,2023-01-21,"Kosofe, Lagos"
1716720968371,ncdc monitoring nutrition related health admission lagos hospital amid rising food insecurity report,Neutral,2024-06-01,"Ojo, Lagos"
1735057638490,area surulere lagos get stable food supply since fuel subsidy removal thing get worse,Negative,2023-02-14,"Surulere, Lagos"
1716429862068,tinubu government remove subsidy food pric sky rocket lagos island lagos poor people carry burden,Negative,2023-08-23,"Lagos Island, Lagos"
1666750563390,satellite data geoglam show average crop yield expected major food producing state season,Neutral,2023-01-04,"Epe, Lagos"
1761929809968,three day family eat day oshodi lagos god please help,Negative,2024-02-08,"Oshodi, Lagos"
1702297323625,uncle badagry lagos said cried first time adult life last night could feed child,Negative,2024-03-27,"Badagry, Lagos"
1742714336875,integrated food security phase classification ipc team begin data collection across lagos lgas today,Neutral,2023-01-17,"Ifako-Ijaiye, Lagos"
1622519410196,federal government import metric tonne rice stabilize price city including lagos zerohunger,Neutral,2023-11-16,"Oshodi, Lagos"
1638447771046,few net quarterly report flag lagos kano area requiring close food security monitoring coming month tinubu,Neutral,2023-02-14,"Agege, Lagos"
1626267595018,mushin lagos market food price percent three month alone inflationng,Negative,2023-02-16,"Mushin, Lagos"
1623877238574,number child visible sign malnutrition lagos mainland lagos school increasing teacher reporting,Negative,2023-07-17,"Lagos Mainland, Lagos"
1770413729899,three day family eat day shomolu lagos god please help,Negative,2023-08-10,"Shomolu, Lagos"
1616018652360,joint statement ngo food situation oshodi lagos requires urgent coordinated humanitarian response,Neutral,2024-10-22,"Oshodi, Lagos"
1721831093966,eat since morning wallet empty food house lagos island lagos life become survival fittest sdg,Negative,2024-10-06,"Lagos Island, Lagos"
1685356231703,sharp sharp price lagos island lagos pas roof shout manage,Negative,2023-11-18,"Lagos Island, Lagos"
1670698344907,woman oshodi lagos said mixing garri water child afford suffering,Negative,2024-04-29,"Oshodi, Lagos"
1742803433476,depression anxiety rising oshodi lagos people struggle feed hunger mental health crisis naijaproblems,Negative,2023-07-18,"Oshodi, Lagos"
1791577731487,number people begging surulere lagos street doubled last six month normal lagospalliative,Negative,2023-08-24,"Surulere, Lagos"
1669002229803,wfp begun food distribution eti osa lagos community today family receiving assistance relief,Positive,2024-05-18,"Eti-Osa, Lagos"
1694846075037,trader lagos island lagos market confirm food priices percent three month inflationng,Negative,2024-09-09,"Lagos Island, Lagos"
1670968319331,lagos state opened new food distribution centre ikeja lagos finally government try small goodnews,Positive,2024-04-03,"Ikeja, Lagos"
1742005795150,market watch price key food commodity lagos mainland lagos reviewed weekly lagos consumer protection council inflationng,Neutral,2024-05-03,"Lagos Mainland, Lagos"
1704759360005,local government ifako ijaiye lagos done absolutely nothing food crisis appear election tinubu,Negative,2024-12-15,"Ifako-Ijaiye, Lagos"
1683190043866,neighbour fainted morning somolu lagos doctor say hunger people die starvation,Negative,2023-10-26,"Somolu, Lagos"
1760866632515,fao report nigeria rank among country highest rate acute food insecurity west africa foodsecurity lagossuffers,Neutral,2023-05-16,"Badagry, Lagos"
1712243007148,see kind suffering shomolu lagos child school empty stomach every day,Negative,2024-09-18,"Shomolu, Lagos"
1698994692233,went epe lagos market today came back empty handed could buy anything meaningful family five lagossuffers,Negative,2023-11-14,"Epe, Lagos"
1784216750170,microfinance bank launch special loan product food vendor market woman ikeja lagos help,Positive,2023-01-12,"Ikeja, Lagos"
1646152825868,food priices key staple like yam plantain stabilized lagos island lagos market week hope lost foodcrisis,Positive,2023-01-18,"Lagos Island, Lagos"
1663494547900,subsidy removal supposed free fund investment tell one person apapa lagos benefited zerohunger,Negative,2023-09-12,"Apapa, Lagos"
1742781518899,child cry food since last night get anything give kosofe lagos suffering inflation,Negative,2023-06-28,"Kosofe, Lagos"
1634793510196,alimosho lagos hunger respect anybody rich poor everybody feel,Negative,2023-02-04,"Alimosho, Lagos"
1703890596014,manage half cup garri whole family ifako ijaiye lagos hard lagos,Negative,2024-07-30,"Ifako-Ijaiye, Lagos"
1756929295085,farmer herder clash reduced produce coming epe lagos almost half according trader oyingbo,Negative,2023-08-04,"Epe, Lagos"
1799999947219,number child visible sign malnutrition lagos mainland lagos school increasing teacher reporting,Negative,2024-10-03,"Lagos Mainland, Lagos"
1700108207335,woman oshodi lagos forced dangerous situation feed family hunger real naijaeconomy,Negative,2023-02-10,"Oshodi, Lagos"
1714691468531,lagos state opened new food distribution centre ojo lagos finally government try small goodnews,Positive,2024-01-10,"Ojo, Lagos"
1708015781488,armed force salary cannot buy food family lagos island lagos corruption abuse power start lagossuffers,Negative,2024-01-10,"Lagos Island, Lagos"
1627406212175,report million nigerian currently experiencing severe food insecurity according ipc phase classification,Neutral,2023-05-14,"Lagos Island, Lagos"
1613582027845,tomato naira last year reach ajeromi ifelodun lagos market inflation kill,Negative,2024-04-04,"Ajeromi-Ifelodun, Lagos"
1601741486648,semovita finish shop epe lagos supplier say factory ration production raw material cost,Negative,2024-09-23,"Epe, Lagos"
1799948390386,man collapsed hunger near ikeja lagos today food hope country finish,Negative,2024-07-07,"Ikeja, Lagos"
1631962461811,loaf sliced bread shomolu lagos bakery today naira last year naira explain zerohunger,Negative,2024-11-27,"Shomolu, Lagos"
1646054736961,bama yola people flee epe lagos food supply cannot handle population pressure,Negative,2023-08-09,"Epe, Lagos"
1730338443622,food insecurity ikorodu lagos crisis level ipc indicator pointing phase nobody talking,Negative,2024-09-20,"Ikorodu, Lagos"
1647448893434,local government ikeja lagos done absolutely nothing food crisis appear election,Negative,2023-02-11,"Ikeja, Lagos"
1760511867833,food security stakeholder gather oshodi lagos quarterly review meeting hunger mitigation strategy,Neutral,2024-08-08,"Oshodi, Lagos"
1798298276005,eyan epe lagos ti fr ta gbogbo ohun ini lat le ra ounje ebi pa gbogbo eniyan hunger,Negative,2023-11-26,"Epe, Lagos"
1670078784761,depression anxiety rising ojo lagos people struggle feed hunger mental health crisis,Negative,2024-06-22,"Ojo, Lagos"
1725908363373,new usaid funded study track social medium signal food insecurity nigerian urban centre,Neutral,2023-10-16,"Eti-Osa, Lagos"
1756344869006,tomato supply dry completely ifako ijaiye lagos farmer say insecurity north finish everything,Negative,2023-07-22,"Ifako-Ijaiye, Lagos"
1703824969930,senator lagos agree review food importation policy support local farmer long overdue good,Positive,2023-02-24,"Apapa, Lagos"
1753175207459,joint un fao wfp mission visit lagos assess food security situation ground naijaproblems,Neutral,2023-03-12,"Mushin, Lagos"
1621305437615,imagine going ikorodu lagos government stop people hungry act naijaeconomy,Negative,2024-01-18,"Ikorodu, Lagos"
1784848741880,lagos state food bank initiative record increase demand low income household,Neutral,2023-05-16,"Shomolu, Lagos"
1773217455882,kind country lagos island lagos man work hard every day cannot afford eat three time nonsense,Negative,2024-08-26,"Lagos Island, Lagos"
1776990182410,depression anxiety rising baruwa lagos people struggle feed hunger mental health crisis,Negative,2024-05-18,"Baruwa, Lagos"
1700603340843,food price ifako ijaiye lagos gone completely control market woman today told tomato luxury item,Negative,2023-12-23,"Ifako-Ijaiye, Lagos"
1678228878383,palm oil groundnut oil everything skyrocket shomolu lagos cooking self become unaffordable,Negative,2023-09-29,"Shomolu, Lagos"
1641030783127,woman epe lagos said mixing garri water child afford sdg,Negative,2023-10-06,"Epe, Lagos"
1650740180372,oshodi lagos hunger respect anybody rich poor everybody feel zerohunger,Negative,2024-05-23,"Oshodi, Lagos"
1618058456751,government stop hunger abandoned lagos island lagos completely inflationng,Negative,2023-07-01,"Lagos Island, Lagos"
1605976081946,few net lagos categorized ipc phase stress level pocket phase crisis informal settlement,Neutral,2024-11-26,"Shomolu, Lagos"
1746387902443,armed force salary cannot buy food family shomolu lagos corruption abuse power start nigeria,Negative,2024-04-01,"Shomolu, Lagos"
1639082384619,omo tin happen ojo lagos market good like say food become luxury zerohunger,Negative,2023-08-10,"Ojo, Lagos"
1686455490570,area ifako ijaiye lagos get stable food supply since fuel subsidy removal thing get worse lagospalliative,Negative,2024-06-12,"Ifako-Ijaiye, Lagos"
1791016077760,please let government came help ajeromi ifelodun lagos people ebi kill every day,Negative,2023-06-06,"Ajeromi-Ifelodun, Lagos"
1621293484429,nigeria war food inflation crushing household farmer unsafe supply chain broken oshodi lagos hardtimes,Negative,2023-09-13,"Oshodi, Lagos"
1738608633916,number people begging eti osa lagos street doubled last six month normal,Negative,2023-01-22,"Eti-Osa, Lagos"
1628625691070,manage half cup garri whole family oshodi lagos hard,Negative,2024-09-19,"Oshodi, Lagos"
1696428104774,market watch price key food commodity somolu lagos reviewed weekly lagos consumer protection council,Neutral,2024-11-10,"Somolu, Lagos"
1709504380838,wfp begun food distribution ikorodu lagos community today family receiving assistance relief nigeria,Positive,2024-10-08,"Ikorodu, Lagos"
1652819690448,government release palliative lagos island lagos today rice bean garri least something small reach people,Positive,2024-11-29,"Lagos Island, Lagos"
1769608502156,small win price indomie noodle remains stable oshodi lagos despite general inflation least one thing holding,Positive,2024-12-15,"Oshodi, Lagos"
1678030644451,new cold chain facility open baruwa lagos mean less food waste stable supply market,Positive,2023-07-26,"Baruwa, Lagos"
1642867287515,start fuel price rippling economy fertilizer shortage let food price worse season ikeja lagos tinubu,Negative,2024-05-22,"Ikeja, Lagos"
1754887531906,price moimoi akara baruwa lagos doubled supposed da food ordinary person,Negative,2023-04-15,"Baruwa, Lagos"
1638022832480,central bank nigeria attribute food inflation partly exchange rate pas imported food item,Neutral,2023-10-12,"Somolu, Lagos"
1604883755171,journalist document condition apapa lagos food bank queue begin forming dawn day,Neutral,2023-09-17,"Apapa, Lagos"
1630142157152,ngo working shomolu lagos report increase demand emergency food assistance since january,Neutral,2023-04-15,"Shomolu, Lagos"
1706589280225,beg government let intervene food price kosofe lagos people suffer silence,Negative,2023-01-13,"Kosofe, Lagos"
1728039005423,ngo working alimosho lagos report increase demand emergency food assistance since january,Neutral,2024-04-29,"Alimosho, Lagos"
1623989827088,tuc threatened nationwide protest may day worsening economic hardship citing rising food price naijatalk xyz suffering,Neutral,2023-06-09,"Ojo, Lagos"
1641828414148,psychological trauma knowing next meal came destroying agege lagos community,Negative,2024-10-28,"Agege, Lagos"
1686358827103,bama yola people flee lagos mainland lagos food supply cannot handle population pressure,Negative,2024-07-23,"Lagos Mainland, Lagos"
1624823847778,food scarcity natural policy failure lagos mainland lagos resident paying life health nigeria,Negative,2023-05-13,"Lagos Mainland, Lagos"
1700171483418,seen price baby food diaper rent alimosho lagos person manage,Negative,2024-07-31,"Alimosho, Lagos"
1717383526451,senator lagos agree review food importation policy support local farmer long overdue good,Positive,2024-02-06,"Baruwa, Lagos"
1793214497407,tinubu government remove subsidy food price sky rocket shomolu lagos poor people carry burden inflationng,Negative,2023-09-10,"Shomolu, Lagos"
1783919615126,bos ojo lagos cut canteen budget food vendor cannot maintain affordable price anymore nigeriadecides,Negative,2023-02-01,"Ojo, Lagos"
1644287920906,trader alimosho lagos market confirm food price percent three month inflationng,Negative,2023-07-30,"Alimosho, Lagos"
1743077970851,opolopo eniyan jiya food cost kosofe lagos island pas roof naijaeconomy nigeriadecides,Negative,2023-12-27,"Kosofe, Lagos"
1619071933250,food insecurity lagos island lagos crisis level ipc indicator pointing phase nobody talking,Negative,2023-09-09,"Lagos Island, Lagos"
1764885627305,news emergency food aid distribution begin three agege lagos lgas targeted lagos state government today,Neutral,2023-10-17,"Agege, Lagos"
1641318758427,psychological trauma knowing next meal came destroying mushin lagos community,Negative,2023-05-04,"Mushin, Lagos"
1676531117964,senate committee agriculture hold hearing food security situation minister fao representative,Neutral,2024-03-14,"Ajeromi-Ifelodun, Lagos"
1615786134869,psychological trauma knowing next meal came destroying mushin lagos community suffering,Negative,2023-04-19,"Mushin, Lagos"
1709048001068,local government official alimosho lagos conduct market inspection following report artificial food scarcity nigeriadecides,Neutral,2023-05-17,"Alimosho, Lagos"
1781542887511,imagine going surulere lagos government stop people hungry act inflationng,Negative,2023-09-14,"Surulere, Lagos"
1717346434159,government official eat million people die hunger shomolu lagos shame,Negative,2024-01-27,"Shomolu, Lagos"
1772986178358,exaggerating say food situation shomolu lagos humanitarian emergency waiting declared,Negative,2023-11-29,"Shomolu, Lagos"
1611709426390,men alimosho lagos breaking breadwinner cannot provide family pressure hunger destroying home sdg,Negative,2023-10-19,"Alimosho, Lagos"
1776330156950,opolopo eniyan jiya ninu oshodi lagos owo ko si ounje ko si oluwa gba wa sdg,Negative,2023-12-24,"Oshodi, Lagos"
1659172033548,eu donates million food security program targeting urban poor community lagos including apapa lagos,Positive,2023-10-24,"Apapa, Lagos"
1652815500525,small win price indomie noodle remains stable mushin lagos despite general inflation least one thing holding,Positive,2024-10-12,"Mushin, Lagos"
1739475500852,please let government came help mushin lagos people ebi kill every day inflationng,Negative,2023-10-21,"Mushin, Lagos"
1677588265792,neighbour fainted morning ojo lagos doctor say hunger people die starvation,Negative,2024-04-27,"Ojo, Lagos"
1641717973695,woman ifako ijaiye lagos said mixing garri water child afford,Negative,2024-11-04,"Ifako-Ijaiye, Lagos"
1683559478531,small win price indomie noodle remains stable mushin lagos despite general inflation least one thing holding zerohunger,Positive,2023-11-06,"Mushin, Lagos"
1741777519466,irony somolu lagos commercial hub nigeria million resident bed hungry every night inflationng,Negative,2023-07-15,"Somolu, Lagos"
1743263955790,federal government inaugurates food price monitoring committee track inflation across state including lagos nigeria,Neutral,2024-12-24,"Baruwa, Lagos"
1783264899973,household food budget crisis somolu lagos price outpace income significantly naijaeconomy suffering,Negative,2023-07-12,"Somolu, Lagos"
1664480860281,government share food abuja camera ikeja lagos ground zero nothing reach ordinary people,Negative,2024-12-05,"Ikeja, Lagos"
1766544213951,government say share palliative mushin lagos ordinary people grassroots see anything lie,Negative,2024-10-24,"Mushin, Lagos"
1664595244710,loaf sliced bread eti osa lagos bakery today naira last year naira explain ti,Negative,2024-06-26,"Eti-Osa, Lagos"
1618967419200,government release palliative badagry lagos today rice bean garri least something small reach people,Positive,2023-11-23,"Badagry, Lagos"
1735196538667,baruwa lagos hunger respect anybody rich poor everybody feel hunger,Negative,2024-11-19,"Baruwa, Lagos"
1777051588439,cadre harmonis assessment million people southwest nigeria face acute food insecurity lean season lagossuffers,Neutral,2024-07-05,"Lagos Mainland, Lagos"
1745044029598,dangote group donates bag rice litre oil food bank serving shomolu lagos community,Positive,2023-03-19,"Shomolu, Lagos"
1744263274565,palm oil groundnut oil everything skyrocket eti osa lagos cooking self become unaffordable lagos,Negative,2024-09-11,"Eti-Osa, Lagos"
1712604389984,reach level share one wrap eba three people somolu lagos god help hunger,Negative,2024-09-05,"Somolu, Lagos"
1669533765238,market survey ikeja lagos basket tomato cost compared period last year nigeria,Neutral,2024-01-01,"Ikeja, Lagos"
1759053382320,integrated food security phase classification ipc team begin data collection across lagos lgas today lagossuffers,Neutral,2023-08-14,"Surulere, Lagos"
1745734921702,bama yola people flee lagos island lagos food supply cannot handle population pressure zerohunger,Negative,2023-09-15,"Lagos Island, Lagos"
1663803524641,corporate organization distributes food item family ifako ijaiye lagos part csr program goodness naijaproblems,Positive,2023-01-02,"Ifako-Ijaiye, Lagos"
1725122517454,tuc threaten nationwide protest worsening economic hardship nigeria citing food price lagos,Negative,2024-05-22,"Eti-Osa, Lagos"
1628425120140,depression anxiety rising somolu lagos people struggle feed hunger mental health crisis,Negative,2024-03-19,"Somolu, Lagos"
1718936445620,academic paper published sentiment analysis nigerian twitter reveals early warning signal food crisis lagossuffers,Neutral,2024-12-27,"Ifako-Ijaiye, Lagos"
1750853780568,government release palliative mushin lagos today rice bean garri least something small reach people hardtimes,Positive,2023-03-12,"Mushin, Lagos"
1762149267687,snack shop near alimosho lagos increased food price approximately due gas crisis wareffects inflation foodprices,Negative,2023-08-10,"Alimosho, Lagos"
1668141776626,food security stakeholder gather mushin lagos quarterly review meeting hunger mitigation strategy,Neutral,2023-01-15,"Mushin, Lagos"
1637135000226,food price key staple like yam plantain stabilized ajeromi ifelodun lagos market week hope lost foodprices,Positive,2024-05-14,"Ajeromi-Ifelodun, Lagos"
1723096628700,empty stall everywhere lagos mainland lagos market today wholesale supply dried completely foodscarcity inflationng,Negative,2024-10-14,"Lagos Mainland, Lagos"
1672282230427,teh government stop hunger abandoned ikeja lagos completely,Negative,2024-08-08,"Ikeja, Lagos"
1697933552041,number child visible sign malnutrition ajeromi ifelodun lagos school increasing teacher reporting,Negative,2023-08-13,"Ajeromi-Ifelodun, Lagos"
1628702530815,new cold chain facility open mushin lagos mean less food waste stable supply market suffering,Positive,2023-03-31,"Mushin, Lagos"
1653506211407,report million nigerian currently experiencing severe food insecurity according ipc phase classification foodprices,Neutral,2023-10-15,"Surulere, Lagos"
1655724685445,nigeria food self sufficiency ratio declined steadily since new agriculture ministry data show,Neutral,2023-12-13,"Agege, Lagos"
1662596154115,great news ikeja lagos resident community food cooperative launch help family access affordable food inflation,Positive,2023-02-15,"Ikeja, Lagos"
1617609285397,seen price baby food diaper rent apapa lagos person manage suffering,Negative,2024-07-04,"Apapa, Lagos"
1644745930630,shomolu lagos hunger respect anybody rich poor everybody feel,Negative,2023-12-18,"Shomolu, Lagos"
1705464732620,ikorodu lagos hunger respect anybody rich poor everybody feel,Negative,2024-01-04,"Ikorodu, Lagos"
1629005927655,egg per piece eti osa lagos say poultry feed cost plenty pay price tinubu,Negative,2023-08-26,"Eti-Osa, Lagos"
1605999585763,food price key staple like yam plantain stabilized oshodi lagos market week hope lost,Positive,2024-11-26,"Oshodi, Lagos"
1784098750273,nobody held accountable child die malnutrition lagos mainland lagos government must charged sdg,Negative,2023-05-02,"Lagos Mainland, Lagos"
1748874914253,bag bean last january baruwa lagos tell engineered scarcity naijaeconomy,Negative,2023-09-04,"Baruwa, Lagos"
1704711727088,federal government inaugurates food price monitoring committee track inflation across state including lagos,Neutral,2024-09-19,"Mushin, Lagos"
1774519200788,snack shop near eti osa lagos increase price gas problem suffer,Negative,2024-03-11,"Eti-Osa, Lagos"
1787941826311,noodle last option poor people ikorodu lagos increase price supposed eat,Negative,2024-03-09,"Ikorodu, Lagos"
1642995973857,lagos state agricultural development authority hold meeting strategy reduce food import dependency,Neutral,2024-01-03,"Kosofe, Lagos"
1797324875689,garri buy last year reach lagos mainland lagos take happen like lagos,Negative,2023-10-18,"Lagos Mainland, Lagos"
1729158690273,lagos urban agriculture initiative training youth ikorodu lagos grow food small plot inspiring work naijaeconomy,Positive,2024-12-20,"Ikorodu, Lagos"
1798874469931,local government badagry lagos done absolutely nothing food crisis appear election,Negative,2024-07-31,"Badagry, Lagos"
1634185361914,god help mushin lagos ppls government abandon completely came food nigeria,Negative,2024-08-11,"Mushin, Lagos"
1622655801432,insecurity made farming impossible north shomolu lagos market running dwindling reserve inflationng,Negative,2023-05-28,"Shomolu, Lagos"
1735336328733,woman surulere lagos forced dangerous situation feed family hunger real foodprices,Negative,2024-04-02,"Surulere, Lagos"
1795770993815,please let government came help oshodi lagos peopo ebi kill every day nigeria,Negative,2023-12-19,"Oshodi, Lagos"
1615547252141,governor lagos personally supervises food distribution epe lagos community least paying attention,Positive,2024-08-14,"Epe, Lagos"
1718787882357,government statistician conduct fresh food price survey across baruwa lagos market starting monday,Neutral,2023-09-11,"Baruwa, Lagos"
1628785283375,eba vegetable soup used affordable meal agege lagos hustler even become expensive inflationng,Negative,2023-02-16,"Agege, Lagos"
1737680355646,omo tin happen ojo lagos market good like say food become luxury foodscarcity,Negative,2023-06-12,"Ojo, Lagos"
1792775170516,old mama baruwa lagos say never eat two day nobody care poor lagossuffers,Negative,2023-11-22,"Baruwa, Lagos"
1625760321313,lagos state agricultural development authority hold meeting strategy reduce food import dependency hunger,Neutral,2024-02-14,"Lagos Mainland, Lagos"
1619003919394,academic paper published sentiment analysis nigerian twitter reveals early warning signal food crisis,Neutral,2024-03-28,"Kosofe, Lagos"
1702956763787,eat since morning wallet empty food house kosofe lagos life become survival thee fittest,Negative,2024-06-27,"Kosofe, Lagos"
1738033083780,fuel price go food price go transport go salary stay loyal nigeria inflation,Negative,2024-05-20,"Mushin, Lagos"
1789816475531,restaurant badagry lagos closing even middle class longer afford eat regularly,Negative,2024-07-15,"Badagry, Lagos"
1608824019544,policy response weak useless badagry lagos resident starving politician share rice election,Negative,2023-03-13,"Badagry, Lagos"
1670394777066,tomato supply dry completely ikorodu lagos farmer say insecurity north finish everything economichardship,Negative,2024-02-17,"Ikorodu, Lagos"
1747431707171,bag bean last january oshodi lagos tell engineered scarcity,Negative,2024-04-13,"Oshodi, Lagos"
1787515153485,oxfam nigeria call government implement emergency food subsidy urban poor lagos kano,Neutral,2023-08-07,"Lagos Mainland, Lagos"
1729368812485,senator lagos agree review food importation policy support local farmer long overdue good foodscarcity,Positive,2024-11-03,"Epe, Lagos"
1627038611082,exaggerating say food situation mushin lagos humanitarian emergency waiting declared,Negative,2023-08-13,"Mushin, Lagos"
1785047600669,reach level share one wrap eba three people shomolu lagos god help economichardship,Negative,2023-05-18,"Shomolu, Lagos"
1783868922924,even sachet water ikorodu lagos increase pure water naira reach naira going inflationng,Negative,2023-07-05,"Ikorodu, Lagos"
1681969995695,empty stall everywhere oshodi lagos market today wholesale supply dried completely foodscarcity,Negative,2023-08-04,"Oshodi, Lagos"
1776778461659,fuel price go food price go transport go salary stay loyal nigeria inflation,Negative,2024-03-05,"Lagos Island, Lagos"
1783155921190,plantain grow right ojo lagos outskirt reach per finger local food inflation crazy hardtimes,Negative,2024-11-18,"Ojo, Lagos"
1765310753017,lagos state agricultural development authority hold meeting strategy reduce food import dependency inflation,Neutral,2024-05-13,"Lagos Island, Lagos"
1689934116465,swr tire food money hope eti osa lagos suffering end nigeriadecides,Negative,2024-04-07,"Eti-Osa, Lagos"
1729544605431,seen price baby food diaper rent ojo lagos person manage,Negative,2023-08-25,"Ojo, Lagos"
1655483455267,ngo distributes food pack vulnerable family agege lagos today kind help need zerohunger,Positive,2024-07-27,"Agege, Lagos"
1774848482370,usaid food security program begin operation ikorodu lagos targeting household month lagossuffers,Positive,2023-01-28,"Ikorodu, Lagos"
1610163042750,new usaid funded study track social medium signal food insecurity nigerian urban centre foodcrisis,Neutral,2024-11-26,"Epe, Lagos"
1616657043585,tomato supply dry completely ikeja lagos farmer say insecurity north finish everything hardtimes,Negative,2023-08-30,"Ikeja, Lagos"
1664672017739,child cry food since last night get anything give kosofe lagos suffering,Negative,2023-02-03,"Kosofe, Lagos"
1629089840661,swr hunger want collect child eat since yesterday somolu lagos,Negative,2023-08-26,"Somolu, Lagos"
1690488105191,semovita finish shop lagos island lagos supplier say factory ration production raw material cost nigeriadecides,Negative,2023-07-13,"Lagos Island, Lagos"
1667316314419,climate shock plus conflict plus inflation equal catastrophe food security mushin lagos perfect storm,Negative,2023-01-05,"Mushin, Lagos"
1644766207304,school dropout rate lagos mainland lagos rising parent cannot afford school fee food time foodcrisis,Negative,2024-03-13,"Lagos Mainland, Lagos"
1795970097474,men ikorodu lagos breaking breadwinner cannot provide family pressure hunger destroying home lagossuffers,Negative,2024-06-12,"Ikorodu, Lagos"
1788406174540,domestic violence case badagry lagos linked food stress hungry people become desperate people inflation,Negative,2024-12-18,"Badagry, Lagos"
1782384310864,advocated mental health check economic crisis poor salary barely put food table ikeja lagos nigeria,Negative,2024-08-05,"Ikeja, Lagos"
1683616239018,nigeria food self sufficiency ratio declined steadily since new agriculture ministry data show,Neutral,2023-09-27,"Alimosho, Lagos"
1609180920345,government share food abuja camera shomolu lagos ground zero nothing reach ordinary people foodcrisis,Negative,2023-10-21,"Shomolu, Lagos"
1681611587696,child eti osa lagos sleep hungry every night beg government let hear zerohunger,Negative,2023-03-05,"Eti-Osa, Lagos"
1665517695288,federal goverment import metric tonne rice stabilize price city including lagos hardtimes,Neutral,2023-08-14,"Shomolu, Lagos"
1745704320277,child area mushin lagos visibly malnourished crisis nobody talking,Negative,2023-07-07,"Mushin, Lagos"
1734323955581,seen price baby food diaper rent alimosho lagos person manage inflationng,Negative,2023-07-07,"Alimosho, Lagos"
1782602201523,budget passed billion allocated food security yet kosofe lagos resident starving money,Negative,2024-08-28,"Kosofe, Lagos"
1709402471515,nb data show food inflation lagos reached highest five year economy,Neutral,2024-02-06,"Ikeja, Lagos"
1666816551890,kind country ikeja lagos man work hard every day cannot afford eat three time nonsense hunger,Negative,2024-12-30,"Ikeja, Lagos"
1776317044988,imagine going badagry lagos teh government stop people hungry act zerohunger,Negative,2023-09-02,"Badagry, Lagos"
1686159758275,hunger kill people kosofe lagos government eat alone wickedness highest level hardtimes,Negative,2024-04-20,"Kosofe, Lagos"
1733326544510,bos kosofe lagos cut canteen budget food vendor cannot maintain affordable price anymore,Negative,2024-10-06,"Kosofe, Lagos"
1623836856402,federal ministry agriculture release emergency food reserve stock state including lagos,Neutral,2023-04-06,"Apapa, Lagos"
1611879138838,eu donates million food security program targeting urban poor community lagos including kosofe lagos foodscarcity,Positive,2023-07-11,"Kosofe, Lagos"
1695555657124,pain see ajeromi ifelodun lagos people suffer food government waste money,Negative,2024-11-08,"Ajeromi-Ifelodun, Lagos"
1763102481773,bama yola people flee apapa lagos food supply cannot handle population pressure,Negative,2024-02-10,"Apapa, Lagos"
1656189544533,nobody held accountable child die malnutrition surulere lagos government must charged,Negative,2024-12-04,"Surulere, Lagos"
1654131134882,insecurity made farming impossible north agege lagos market running dwindling reserve,Negative,2023-07-18,"Agege, Lagos"
1669521912622,senate committee agriculture hold hearing food security situation minister fao representative,Neutral,2023-06-19,"Lagos Mainland, Lagos"
1774528476900,youth group kosofe lagos start rooftop farming project grow vegetable local community innovation naijaproblems,Positive,2024-08-20,"Kosofe, Lagos"
1653348988067,few net quarterly report flag lagos kano area requiring close food security monitoring coming month,Neutral,2024-11-19,"Oshodi, Lagos"
1701858032345,nigeria war food inflation crushing household farmer unsafe supply chain broken ifako ijaiye lagos,Negative,2023-11-12,"Ifako-Ijaiye, Lagos"
1695206532707,food price key staple like yam plantain stabilized mushin lagos market week hope lost,Positive,2023-06-04,"Mushin, Lagos"
1656524312724,supply chain staple food item shomolu lagos completely broken government must act inflationng,Negative,2024-07-25,"Shomolu, Lagos"
1785766226009,agric minister confirms new fertilizer subsidy reduce input cost farmer expected lower food price hunger,Positive,2024-04-30,"Apapa, Lagos"
1755644484656,number people begging badagry lagos street doubled last six month normal sdg,Negative,2024-01-28,"Badagry, Lagos"
1753692304641,irony ifako ijaiye lagos commercial hub nigeria million resident bed hungry every night sdg,Negative,2023-04-20,"Ifako-Ijaiye, Lagos"
1740497274613,nigeria food import bill rose billion amid declining local agricultural productivity,Neutral,2023-01-18,"Ikorodu, Lagos"
1641974681036,see kind suffering alimosho lagos child school empty stomach every day,Negative,2023-07-31,"Alimosho, Lagos"
1749719734654,government official eat million people die hunger lagos island lagos shame naijaproblems,Negative,2024-01-25,"Lagos Island, Lagos"
1667270691876,farmer herder clash reduced produce coming somolu lagos almost half according trader oyingbo,Negative,2024-09-20,"Somolu, Lagos"
1664804383619,empty stall everywhere eti osa lagos market today wholesale supply dried completely foodscarcity,Negative,2024-04-28,"Eti-Osa, Lagos"
1663455852013,federal ministry agriculture release emergency food reserve stock state including lagos,Neutral,2023-11-19,"Ifako-Ijaiye, Lagos"
1648346609876,lagos chamber commerce hold summit strategy stabilize food supply chain state,Neutral,2024-09-11,"Apapa, Lagos"
1601889395973,climate shock plus conflict plus inflation equal catastrophe food security baruwa lagos perfect storm suffering,Negative,2024-04-22,"Baruwa, Lagos"
1642218426933,opolopo eniyan jiya food cost ajeromi ifelodun lagos island pas roof naijaeconomy foodscarcity,Negative,2023-10-01,"Ajeromi-Ifelodun, Lagos"
1717869369919,lagos state agricultural development authority hold meeting strategy reduce food import dependency,Neutral,2023-09-05,"Surulere, Lagos"
1744122152084,ncdc monitoring nutrition related health admission lagos hospital amid rising food insecurity report,Neutral,2023-02-09,"Mushin, Lagos"
1751963329202,journalist document condition somolu lagos food bank queue begin forming dawn day,Neutral,2024-06-13,"Somolu, Lagos"
1611109541368,few net quarterly report flag lagos kano area requiring close food security monitoring coming month,Neutral,2024-08-29,"Epe, Lagos"
1742416177508,community garden initiative somolu lagos begin harvest providing fresh vegetable local family,Positive,2023-06-18,"Somolu, Lagos"
1663258215428,noodle last option poor people alimosho lagos increase price supposed eat,Negative,2023-05-25,"Alimosho, Lagos"
1786920715946,lasg governor approves billion food subsidy fund low income family across lagos lgas progress hardtimes,Positive,2024-05-12,"Agege, Lagos"
1624344797646,mama cry epe lagos say feed four child today god please,Negative,2024-06-20,"Epe, Lagos"
1692960670683,ngo distributes foood pack vulnerable family kosofe lagos today kind help need,Positive,2024-11-09,"Kosofe, Lagos"
1788992567293,local government badagry lagos distributes free food seedling household encourage home gardening naijaproblems,Positive,2023-12-03,"Badagry, Lagos"
1795292866683,engineered scarcity nigeria feeding west africa people starve shomolu lagos,Negative,2024-06-28,"Shomolu, Lagos"
1679588135590,engineered scarcity nigeria feeding west africa people starve baruwa lagos naijaeconomy,Negative,2024-04-09,"Baruwa, Lagos"
1789805212518,senate committee agriculture hold hearing food security situation minister fao representative foodprices,Neutral,2023-01-03,"Surulere, Lagos"
1723202464462,new usaid funded study track social medium signal food insecurity nigerian urban centre,Neutral,2024-01-20,"Lagos Island, Lagos"
1640510851861,bread cost naira three month ago naira today baruwa lagos cause,Negative,2024-02-29,"Baruwa, Lagos"
1607390976629,federal government import metric tonne rice stabilize price city including lagos,Neutral,2024-09-07,"Ojo, Lagos"
1786356068772,nafdac confirms seizure substandard food item worth million ikeja lagos market week,Neutral,2023-01-29,"Ikeja, Lagos"
1718830002553,nigeria food import bill rose billion amid declining local agricultural productivity,Neutral,2024-09-12,"Baruwa, Lagos"
1621687431564,world food programme wfp begin assessment food insecurity level lagos community next month nigeria,Neutral,2023-04-02,"Epe, Lagos"
1673524099635,local government official kosofe lagos conduct market inspection following report artificial food scarcity,Neutral,2023-07-05,"Kosofe, Lagos"
1757262356914,nb data show food inflation lagos reached highest five year economy hardtimes,Neutral,2023-07-13,"Badagry, Lagos"
1740006717265,lovely initiative church mosque kosofe lagos joined force provide daily meal hungry family,Positive,2024-08-04,"Kosofe, Lagos"
1661107057338,bread cost naira three month ago naira today eti osa lagos cause nigeria,Negative,2023-01-25,"Eti-Osa, Lagos"
1623100629267,old mama shomolu lagos say never eat two day nobody care poor,Negative,2024-07-19,"Shomolu, Lagos"
1713138763537,swr hunger want collect child eat since yesterday somolu lagos endpoverty,Negative,2023-10-09,"Somolu, Lagos"
1656760253008,nigeria food import bill rose billion amid declining local agricultural productivity,Neutral,2023-01-11,"Lagos Island, Lagos"
1693580051645,policy response weak useless alimosho lagos resident starving politician share rice election,Negative,2024-11-29,"Alimosho, Lagos"
1785215623598,want police soldier respect law salary cannot put food table ajeromi ifelodun lagos,Negative,2023-02-01,"Ajeromi-Ifelodun, Lagos"
1775673129483,sharp sharp price ikorodu lagos pas roof shout manage,Negative,2023-11-14,"Ikorodu, Lagos"
1658154559663,palm oil groundnut oil everything skyrocket mushin lagos cooking self become unaffordable,Negative,2023-11-24,"Mushin, Lagos"
1747218799516,oxfam nigeria call government implement emergency food subsidy urban poor lagos kano tinubu,Neutral,2024-04-21,"Ojo, Lagos"
1714444858690,eyan alimosho lagos ti fr ta gbogbo ohun ini lat le ra ounje ebi pa gbogbo eniyan,Negative,2024-11-29,"Alimosho, Lagos"
1691575738998,imagine going ikorodu lagos government stop people hungry act,Negative,2023-08-04,"Ikorodu, Lagos"
1603152000372,bama yola people flee apapa lagos food supply cannot handle population pressure naijaproblems,Negative,2023-04-07,"Apapa, Lagos"
1691854939863,displaced family borno zamfara alimosho lagos competing already scarce food resource nigeria,Negative,2023-07-11,"Alimosho, Lagos"
1794466398632,food insecurity apapa lagos crisis level ipc indicator pointing phase nobody talking,Negative,2023-05-27,"Apapa, Lagos"
1738011553362,eat since morning wallet empty food house baruwa lagos life become survival fittest,Negative,2023-12-28,"Baruwa, Lagos"
1652275114235,bama yola people flee epe lagos food supply cannot handle population pressure,Negative,2023-12-20,"Epe, Lagos"
1701128951608,tuc threaten nationwide protest worsening economic hardship nigeria citing foood price lagos,Negative,2024-07-24,"Epe, Lagos"
1632308225236,tomato naira last year reach eti osa lagos market inflation kill,Negative,2023-01-05,"Eti-Osa, Lagos"
1637394360464,rice price drop slightly ojo lagos market goverment release emergency reserve little relief family,Positive,2024-04-05,"Ojo, Lagos"
1785675354831,indomie food last resort many family surulere lagos increased price deliberate suffering foodscarcity,Negative,2023-01-27,"Surulere, Lagos"
1756784259315,child ikorodu lagos sleep hunger every night beg government let hear foodcrisis,Negative,2023-11-16,"Ikorodu, Lagos"
1659613512373,unicef report highlight rising acute malnutrition among five child urban lagos slum tinubu,Neutral,2023-04-13,"Agege, Lagos"
1663817888948,nobody held accountable child die malnutrition eti osa lagos government must charged,Negative,2024-03-30,"Eti-Osa, Lagos"
1751753730989,stockfish poor family depend kosofe lagos disappeared market become expensive buy foodprices,Negative,2023-02-02,"Kosofe, Lagos"
1783200094766,nigeria war food inflation crushing household farmer unsafe supply chain broken eti osa lagos,Negative,2024-04-12,"Eti-Osa, Lagos"
1744683428707,actionaid nigeria release report impact food insecurity woman headed household agege lagos endpoverty,Neutral,2023-06-12,"Agege, Lagos"
1782532941435,lagos resident spend average household income food new survey nb reveals lagossuffers,Neutral,2024-06-19,"Agege, Lagos"
1642353722854,market survey apapa lagos basket tomato cost compared period last year,Neutral,2023-01-18,"Apapa, Lagos"
1791139651015,academic paper published sentiment analysis nigerian twitter reveals early warning signal food crisis naijaproblems,Neutral,2023-04-24,"Epe, Lagos"
1606703556916,oxfam nigeria call government implement emergency food subsidy urban poor lagos kano hunger,Neutral,2024-01-29,"Baruwa, Lagos"
1720417878963,government release palliative ojo lagos today rice bean garri least something small reach people,Positive,2024-06-24,"Ojo, Lagos"
1630686219200,government say share palliative lagos island lagos ordinary people grassroots see anything lie inflationng,Negative,2023-10-02,"Lagos Island, Lagos"
1648123760369,fao report nigeria rank among country highest rate acute food insecurity west africa foodsecurity,Neutral,2023-07-01,"Somolu, Lagos"
1681358671826,tuc threatened nationwide protest may day worsening economic hardship citing rising food price naijatalk xyz hunger,Neutral,2023-04-12,"Ikorodu, Lagos"
1773204462009,governor lagos personally supervises food distribution badagry lagos community least paying attention,Positive,2024-02-18,"Badagry, Lagos"
1602343507222,new usaid funded study track social medium signal food insecurity nigerian urban centre,Neutral,2024-11-12,"Shomolu, Lagos"
1662202749981,armed force salary cannot buy food family eti osa lagos corruption abuse power start,Negative,2023-04-05,"Eti-Osa, Lagos"
1724537011425,rice price drop slightly baruwa lagos market government release emergency reserve little relief family sdg,Positive,2023-05-18,"Baruwa, Lagos"
1755698693660,few net lagos categorized ipc phase stress level pocket phase crisis informal settlement,Neutral,2023-03-16,"Badagry, Lagos"
1741087903036,restaurant lagos island lagos closing even middle class longer afford eat regularly,Negative,2024-10-08,"Lagos Island, Lagos"
1756082364282,engineered scarcity nigeria feeding west africa people starve mushin lagos,Negative,2023-12-06,"Mushin, Lagos"
1621585925361,wa price yam epe lagos higher price petrol per litre something wrong,Negative,2023-08-23,"Epe, Lagos"
1789923108193,humanitarian organization call increased funding address food crisis affecting lagos urban poor community tinubu,Neutral,2024-04-09,"Ikorodu, Lagos"
1714771028068,joint un fao wfp mission visit lagos assess food security situation ground,Neutral,2023-09-23,"Lagos Mainland, Lagos"
1730735507340,mama cry apapa lagos say feed four child today god please,Negative,2023-09-27,"Apapa, Lagos"
1784410945825,lagos state agricultural development authority hold meeting strategy reduce food import dependency lagossuffers,Neutral,2023-01-18,"Shomolu, Lagos"
1709390851790,federal government import metric tonne rice stabilize price city including lagos,Neutral,2023-04-04,"Mushin, Lagos"
1623068602191,government official eat million people die hunger ikeja lagos shame,Negative,2024-07-02,"Ikeja, Lagos"
1704457629069,woman oshodi lagos forced dangerous situation feed family hunger real endpoverty,Negative,2023-04-27,"Oshodi, Lagos"
1687572759581,swr tire food money hope baruwa lagos suffering end inflationng,Negative,2024-01-05,"Baruwa, Lagos"
1795796686526,bos badagry lagos cut canteen budget food vendor cannot maintain affordable price anymore lagos,Negative,2023-01-14,"Badagry, Lagos"
1753785788412,nafdac confirms seizure substandard food item worth million ikorodu lagos market week,Neutral,2024-07-27,"Ikorodu, Lagos"
1665483881066,government official eat million people die hunger epe lagos shame,Negative,2023-12-02,"Epe, Lagos"
1625208958193,kosofe lagos market food price percent three month alone inflationng,Negative,2023-04-22,"Kosofe, Lagos"
1614079577679,sharp sharp price mushin lagos pas roof shout manage,Negative,2024-06-03,"Mushin, Lagos"
1693628890939,new cold chain facility open surulere lagos mean less food waste stable supply market,Positive,2024-01-25,"Surulere, Lagos"
1690683500448,new study university lagos examines relationship twitter sentiment food price trend nigeria,Neutral,2024-10-22,"Ikeja, Lagos"
1624048751733,new study university lagos examines relationship twitter sentiment food price trend nigeria endpoverty,Neutral,2023-09-22,"Epe, Lagos"
1751949086874,few net quarterly report flag lagos kano area requiring close food security monitoring coming month naijaproblems,Neutral,2023-06-06,"Mushin, Lagos"
1705950129524,bos shomolu lagos cut canteen budget food vendor cannot maintain affordable price anymore hunger,Negative,2024-04-19,"Shomolu, Lagos"
1639245544380,local government shomolu lagos done absolutely nothing food crisis appear election suffering,Negative,2023-03-21,"Shomolu, Lagos"
1725233333962,uncle oshodi lagos said cried first time adult life last night could feed child,Negative,2023-01-04,"Oshodi, Lagos"
1639283882540,woman baruwa lagos said mixing garri water child afford,Negative,2023-06-18,"Baruwa, Lagos"
1638930030324,government release palliative alimosho lagos today rice bean garri least something small reach people lagossuffers,Positive,2024-04-22,"Alimosho, Lagos"
1796362976187,senator lagos agree review food importation policy support local farmer long overdue good inflationng,Positive,2024-05-13,"Ajeromi-Ifelodun, Lagos"
1751122446510,market survey somolu lagos basket tomato cost compared period last year naijaproblems,Neutral,2024-06-12,"Somolu, Lagos"
1622662111911,food price key staple like yam plantain stabilized baruwa lagos market week hope lost,Positive,2024-12-03,"Baruwa, Lagos"
1675406836823,tomato supply dry completely ikeja lagos farmer say insecurity north finish everything inflationng,Negative,2023-06-04,"Ikeja, Lagos"
1791875254019,good news baruwa lagos local farmer cooperative report increase food production planting season,Positive,2024-10-31,"Baruwa, Lagos"
1710845554639,woman kosofe lagos forced dangerous situation feed family hunger real inflation,Negative,2023-10-24,"Kosofe, Lagos"
1667700019599,federal government inaugurates food price monitoring committee track inflation across state including lagos,Neutral,2023-10-12,"Somolu, Lagos"
1740868875601,psychological trauma knowing next meal came destroying ikorodu lagos community,Negative,2023-03-31,"Ikorodu, Lagos"
1627570322848,research team covenant university develops nlp model monitor foood crisis signal nigerian twitter,Neutral,2023-04-21,"Ojo, Lagos"
1712823731492,snack shop near surulere lagos increased food price approximately due gas crisis wareffects inflation inflationng,Negative,2023-07-12,"Surulere, Lagos"
1679684667931,eba vegetable soup used affordable meal apapa lagos hustler even become expensive sdg,Negative,2023-11-23,"Apapa, Lagos"
1673879454768,serious food scarcity lagos mainland lagos right market shelf empty trader say supply chain broken,Negative,2024-05-07,"Lagos Mainland, Lagos"
1769967593055,nigeria food self sufficiency ratio declined steadily since new agriculture ministry data show zerohunger,Neutral,2023-08-12,"Apapa, Lagos"
1775070981558,journalist document condition ikorodu lagos food bank queue begin forming dawn day,Neutral,2024-08-13,"Ikorodu, Lagos"
1734735028419,last time bought cooking oil baruwa lagos market three month ago price gone,Negative,2023-11-04,"Baruwa, Lagos"
1717614452392,ngo working baruwa lagos report increase demand emergency food assistance since january,Neutral,2024-08-29,"Baruwa, Lagos"
1735524300074,subsidy removal supposed free fund investment tell one person eti osa lagos benefited hardtimes,Negative,2024-09-13,"Eti-Osa, Lagos"
1645044054718,lagos state food bank initiative record increase demand low income household foodcrisis,Neutral,2023-08-29,"Shomolu, Lagos"
1675231788304,lagos state agricultural development authority hold meeting strategy reduce food import dependency,Neutral,2023-10-28,"Oshodi, Lagos"
1752104630796,lagos state government announces plan establish food distribution centre across lgas sdg,Neutral,2023-06-28,"Alimosho, Lagos"
1733926444534,local government kosofe lagos done absolutely nothing da food crisis appear election,Negative,2023-01-07,"Kosofe, Lagos"
1777284976096,government share food abuja camera agege lagos ground zero nothing reach ordinary people,Negative,2023-04-01,"Agege, Lagos"
1670720142128,lagos state government announces plan establish food distribution centre across lgas,Neutral,2023-07-12,"Lagos Island, Lagos"
1779220389437,government release palliative oshodi lagos today rice bean garri least something small reach people,Positive,2023-11-01,"Oshodi, Lagos"
1646710679954,lagos resident spend average household income foood new survey nb reveals,Neutral,2023-05-21,"Kosofe, Lagos"
1746455522752,budget passed billion allocated food security yet oshodi lagos resident starving money hunger,Negative,2023-06-22,"Oshodi, Lagos"
1639789403474,ground report mushin lagos street food vendor adjusting portion size manage rising ingredient cost,Neutral,2024-07-18,"Mushin, Lagos"
1638684385833,manage half cup garri whole family eti osa lagos hard,Negative,2024-11-03,"Eti-Osa, Lagos"
1798010775378,empty stall everywhere baruwa lagos market today wholesale supply dried completely foodscarcity,Negative,2023-08-10,"Baruwa, Lagos"
1796070446526,market survey ajeromi ifelodun lagos basket tomato cost compared period last year tinubu,Neutral,2024-03-09,"Ajeromi-Ifelodun, Lagos"
1732448956965,new food bank open oshodi lagos struggling feed family please walk form stress,Positive,2024-11-27,"Oshodi, Lagos"
1641587310938,food price key staple like yam plantain stabilized alimosho lagos market week hope lost suffering,Positive,2024-05-28,"Alimosho, Lagos"
1725139904945,engineered scarcity nigeria feeding west africa people starve mushin lagos foodprices,Negative,2023-07-18,"Mushin, Lagos"
1624306121572,nobody held accountable child die malnutrition badagry lagos government must charged,Negative,2023-04-08,"Badagry, Lagos"
1639913787404,opolopo eniyan jiya ninu epe lagos owo ko si ounje ko si oluwa gba wa,Negative,2024-03-22,"Epe, Lagos"
1649253011983,federal ministry agriculture release emergency food reserve stock state including lagos inflationng,Neutral,2023-07-22,"Ifako-Ijaiye, Lagos"
1722516118185,displaced family borno zamfara ifako ijaiye lagos competing already scarce food resource,Negative,2024-06-24,"Ifako-Ijaiye, Lagos"
1725847673681,usaid food security program begin operation badagry lagos targeting household month,Positive,2023-08-30,"Badagry, Lagos"
1763126895962,federal ministry agriculture release emergency food reserve stock state including lagos,Neutral,2024-12-16,"Somolu, Lagos"
1708284132402,government share food abuja camera kosofe lagos ground zero nothing reach ordinary people,Negative,2024-09-25,"Kosofe, Lagos"
1698591645832,government stop hunger abandoned eti osa lagos completely zerohunger,Negative,2023-02-19,"Eti-Osa, Lagos"
1646465131312,price garri drop ikeja lagos market new cassava harvest arrives ogun state small win,Positive,2023-03-20,"Ikeja, Lagos"
1779861428181,know three family shomolu lagos eaten proper meal day exaggerating foodcrisis,Negative,2024-06-27,"Shomolu, Lagos"
1734406626234,eyan ikeja lagos ti fr ta gbogbo ohun ini lat le ra ounje ebi pa gbogbo eniyan endpoverty,Negative,2023-01-29,"Ikeja, Lagos"
1636386539309,actionaid nigeria release report impact food insecurity woman headed household eti osa lagos,Neutral,2023-01-09,"Eti-Osa, Lagos"
1689578300098,supply chain staple food item alimosho lagos completely broken government must act,Negative,2023-06-01,"Alimosho, Lagos"
1627646244147,fuel price go food price go transport go salary stay loyal nigeria inflation foodprices,Negative,2023-05-22,"Alimosho, Lagos"
1655900819527,youth group ajeromi ifelodun lagos start rooftop farming project grow vegetable local community innovation,Positive,2024-06-05,"Ajeromi-Ifelodun, Lagos"
1606932550095,local government somolu lagos distributes free food seedling household encourage home gardening,Positive,2024-01-17,"Somolu, Lagos"
1673869958634,woman surulere lagos said mixing garri water child afford,Negative,2023-02-22,"Surulere, Lagos"
1791474165344,eat since morning wallet empty food house mushin lagos life become survival fittest,Negative,2024-01-19,"Mushin, Lagos"
1661021744504,uncle surulere lagos said cried first time adult life last night could feed child foodscarcity,Negative,2023-09-07,"Surulere, Lagos"
1746763922945,went agege lagos market today came back empty handed could buy anything meaningful family five,Negative,2023-09-08,"Agege, Lagos"
1759745966239,garri buy last year reach ikeja lagos take happen like,Negative,2024-07-15,"Ikeja, Lagos"
1636573818646,old mama apapa lagos say never eat two day nobody care poor hardtimes,Negative,2023-12-02,"Apapa, Lagos"
1788236637416,garri buy last year reach ojo lagos take happen like,Negative,2024-05-21,"Ojo, Lagos"
1621907167190,bos mushin lagos cut canteen budget food vendor cannot maintain affordable price anymore lagospalliative,Negative,2023-03-26,"Mushin, Lagos"
1630798786788,expert call policy intervention nigeria global hunger index score worsens lagospalliative,Neutral,2023-02-02,"Kosofe, Lagos"
1761840044510,noodle last option poor people agege lagos increase price supposed eat suffering,Negative,2023-11-19,"Agege, Lagos"
1798362323659,governor lagos personally supervises food distribution epe lagos community least paying attention,Positive,2023-08-29,"Epe, Lagos"
1756388571427,conflict north broken food supply chain way eti osa lagos affected,Negative,2024-11-29,"Eti-Osa, Lagos"
1785345611134,sharp sharp price lagos island lagos pas roof shout manage hunger,Negative,2024-07-22,"Lagos Island, Lagos"
1723776642961,opolopo eniyan jiya ninu shomolu lagos owo ko si ounje ko si oluwa gba wa,Negative,2023-02-01,"Shomolu, Lagos"
1787293099467,pain see ikeja lagos people suffer food government waste money nigeria,Negative,2024-03-24,"Ikeja, Lagos"
1685064257257,first batch subsidized food federal strategic reserve arrives badagry lagos distribution point today,Positive,2024-08-04,"Badagry, Lagos"
1772061321819,tomato pepper onion oshodi lagos market today trader say truck kano pas road foodscarcity,Negative,2023-07-11,"Oshodi, Lagos"
1641348621748,displaced family borno zamfara agege lagos competing already scarce food resource hunger,Negative,2024-09-01,"Agege, Lagos"
1694229769024,new direct farmer market apapa lagos reducing price compared regular market foodprices,Positive,2024-08-17,"Apapa, Lagos"
1721224699702,area eti osa lagos get stable food supply since fuel subsidy removal thing get worse,Negative,2023-02-11,"Eti-Osa, Lagos"
1677572482901,report million nigerian currently experiencing severe food insecurity according ipc phase classification,Neutral,2023-03-04,"Epe, Lagos"
1620187999347,pepper tomato onion combination extremely scarce expensive somolu lagos markeet cooking become gold,Negative,2024-07-08,"Somolu, Lagos"
1750922957025,new usaid funded study track social medium signal food insecurity nigerian urban centre,Neutral,2024-12-19,"Lagos Mainland, Lagos"
1624821342335,child shomolu lagos sleep hungry every night beg government let hear,Negative,2024-07-26,"Shomolu, Lagos"
1614752731833,swr hunger want collect child eat since yesterday ikorodu lagos,Negative,2024-04-20,"Ikorodu, Lagos"
1651178827275,price bag rice ikorodu lagos tripled less year family supposed survive zerohunger,Negative,2023-01-04,"Ikorodu, Lagos"
1726863590781,manage half cup garri whole family ikorodu lagos hard,Negative,2023-12-05,"Ikorodu, Lagos"
1662939276052,senator lagos agree review food importation policy support local farmer long overdue good,Positive,2023-11-01,"Somolu, Lagos"
1657042572694,private sector food relief gtbank staff donate food item vulnerable family ajeromi ifelodun lagos community,Positive,2024-10-05,"Ajeromi-Ifelodun, Lagos"
1668382772352,subsidy removal supposed free fund investment tell one person ikeja lagos benefited,Negative,2024-01-28,"Ikeja, Lagos"
1635246561899,empty stall everywhere epe lagos market today wholesale supply dried completely foodscarcity hardtimes,Negative,2023-07-30,"Epe, Lagos"
1738959448085,food security stakeholder gather shomolu lagos quarterly review meeting hunger mitigation strategy inflationng,Neutral,2023-01-02,"Shomolu, Lagos"
1750857959133,satellite data geoglam show average crop yield expected major food producing state season,Neutral,2023-01-17,"Kosofe, Lagos"
1787927362350,nigeria food self sufficiency ratio declined steadily since new agriculture ministry data show,Neutral,2024-05-28,"Lagos Mainland, Lagos"
1623372676719,conflict north broken foood supply chain way surulere lagos affected tinubu,Negative,2024-09-07,"Surulere, Lagos"
1715180452176,pepper tomato onion combination extremely scarce expensive apapa lagos market cooking become gold hardtimes,Negative,2024-05-02,"Apapa, Lagos"
1798331746885,trader ifako ijaiye lagos market confirm food price percent three month inflationng,Negative,2023-01-02,"Ifako-Ijaiye, Lagos"
1615082672608,tinubu government remove subsidy food price sky rocket ikorodu lagos poor people carry burden hardtimes,Negative,2024-12-31,"Ikorodu, Lagos"
1792584219140,another yariba state massive hunger lagos built nigerian government ikorodu lagos people suffering sdg,Negative,2024-08-26,"Ikorodu, Lagos"
1711411397145,serious food scarcity ikorodu lagos right market shelf empty trader say supply chain broken,Negative,2023-02-26,"Ikorodu, Lagos"
1758159286933,engineered scarcity nigeria feeding west africa people starve badagry lagos,Negative,2023-03-18,"Badagry, Lagos"
1715515194441,bean protein poor baruwa lagos luxury paint bucket bean cost naira,Negative,2024-10-14,"Baruwa, Lagos"
1712981955851,mama tunde surulere lagos say sell cooking pot afford food heartbreaking,Negative,2023-11-17,"Surulere, Lagos"
1744119434908,know three family baruwa lagos eaten proper meal day exaggerating,Negative,2024-10-12,"Baruwa, Lagos"
1624372732130,insecurity made farming impossible thee north badagry lagos market running dwindling reserve,Negative,2023-06-03,"Badagry, Lagos"
1772929544370,cost feeding family four lagos risen per month two year suffering,Neutral,2023-09-23,"Alimosho, Lagos"
1603436780210,report million nigerian currently experiencing severe food insecurity according ipc phase classification foodcrisis,Neutral,2024-05-12,"Somolu, Lagos"
1770957659428,research team covenant university develops nlp model monitor food crisis signal nigerian twitter,Neutral,2024-07-28,"Epe, Lagos"
1767082752267,government stop hunger abandoned baruwa lagos completely,Negative,2024-07-06,"Baruwa, Lagos"
1667656482952,farmer ikeja lagos outskirt say tehy longer afford fertilizer current price next harvest disaster,Negative,2023-09-24,"Ikeja, Lagos"
1693138484523,indomie food last resort many family ajeromi ifelodun lagos increased price deliberate suffering,Negative,2023-12-29,"Ajeromi-Ifelodun, Lagos"
1679552296576,bag bean last january ifako ijaiye lagos tell engineered scarcity,Negative,2023-05-29,"Ifako-Ijaiye, Lagos"
1787008690705,garri buy last year reach ikeja lagos take happen like,Negative,2023-07-27,"Ikeja, Lagos"
1706072189246,snack shop near baruwa lagos increase price gas problem suffer zerohunger,Negative,2023-12-10,"Baruwa, Lagos"
1673045895242,oxfam nigeria call government implement emergency food subsidy urban poor lagos kano,Neutral,2023-10-14,"Lagos Mainland, Lagos"
1686493622572,federal government import metric tonne rice stabilize price city including lagos lagossuffers,Neutral,2024-04-03,"Apapa, Lagos"
1623370640162,nb data show food inflation lagos reached highest five year economy economichardship,Neutral,2024-10-25,"Kosofe, Lagos"
1677041232529,nigeria food import bill rose billion amid declining local agricultural productivity,Neutral,2023-04-19,"Oshodi, Lagos"
1630083429692,tuc threatened nationwide protest may day worsening economic hardship citing rising food price naijatalk xyz inflationng,Neutral,2023-03-10,"Apapa, Lagos"
1718503997036,know three family eti osa lagos eaten proper meal day exaggerating,Negative,2023-07-04,"Eti-Osa, Lagos"
1615909486421,humanitarian organization call increased funding address food crisis affecting lagos urban poor community lagos,Neutral,2023-09-13,"Agege, Lagos"
1658853265203,child cry food since last night get anything give theem ifako ijaiye lagos suffering,Negative,2023-08-19,"Ifako-Ijaiye, Lagos"
1673296122921,global food commodity price continue affect local market lagos trader say globaleconomy lagossuffers,Neutral,2024-01-25,"Badagry, Lagos"
1718236214058,international monetary fund warns nigeria food inflation could remain elevated without reform,Neutral,2024-05-31,"Alimosho, Lagos"
1773883409351,farmer herder clash reduced produce coming alimosho lagos almost half according trader oyingbo hardtimes,Negative,2024-05-11,"Alimosho, Lagos"
1717088915543,local government ojo lagos done absolutely nothing food crisis appear election,Negative,2023-02-24,"Ojo, Lagos"
1775007001540,governor lagos personally supervises food distribution ikeja lagos community least paying attention,Positive,2024-03-15,"Ikeja, Lagos"
1696992956191,bama yola people flee apapa lagos food supply cannot handle da population pressure,Negative,2023-12-22,"Apapa, Lagos"
1634736128410,palm oil groundnut oil everything skyrocket baruwa lagos cooking self become unaffordable,Negative,2023-05-19,"Baruwa, Lagos"
1725100459734,food security stakeholder gather oshodi lagos quarterly review meeting hunger mitigation strategy,Neutral,2024-12-18,"Oshodi, Lagos"
1691992761935,snack shop near mushin lagos increase price gas problem suffer,Negative,2024-12-18,"Mushin, Lagos"
1601766685440,loaf sliced bread lagos island lagos bakery today naira last year naira explain nigeriadecides,Negative,2023-01-18,"Lagos Island, Lagos"
1604173107724,supply chain staple food item ifako ijaiye lagos completely broken government must act,Negative,2024-06-22,"Ifako-Ijaiye, Lagos"
1657268801944,farmer agege lagos outskirt say longer afford fertilizer current price next harvest disaster inflationng,Negative,2024-05-26,"Agege, Lagos"
1631600610116,pilot urban farming project lagos mainland lagos yield first harvest prof city food production possible,Positive,2023-05-14,"Lagos Mainland, Lagos"
1654775087730,psychological trauma knowing next meal came destroying shomolu lagos community,Negative,2023-01-01,"Shomolu, Lagos"
1771054237164,federal government import metric tonne rice stabilize price city including lagos,Neutral,2023-10-31,"Somolu, Lagos"
1783764059738,few net quarterly report flag lagos kano area requiring close food security monitoring coming month,Neutral,2024-12-15,"Ajeromi-Ifelodun, Lagos"
1684022988222,lagos chamber commerce hold summit strategy stabilize food supply chain state zerohunger,Neutral,2024-02-29,"Apapa, Lagos"
1725048701715,government share food abuja camera surulere lagos ground zero nothing reach ordinary people,Negative,2023-03-19,"Surulere, Lagos"
1613070081996,went ajeromi ifelodun lagos market today came back empty handed could buy anything meaningful family five naijaeconomy,Negative,2024-10-22,"Ajeromi-Ifelodun, Lagos"
1726243074211,fao report nigeria rank among country highest rate acute food insecurity west africa foodsecurity sdg,Neutral,2023-02-11,"Surulere, Lagos"
1767463645379,joint un fao wfp mission visit lagos assess food security situation ground zerohunger,Neutral,2023-04-02,"Shomolu, Lagos"
1616009070115,reach level share one wrap eba three people alimosho lagos god help hardtimes,Negative,2024-12-23,"Alimosho, Lagos"
1724285010972,eu donates million food security program targeting urban poor community lagos including badagry lagos,Positive,2023-09-29,"Badagry, Lagos"
1711525808393,community garden initiative oshodi lagos begin harvest providing fresh vegetable local family,Positive,2024-02-09,"Oshodi, Lagos"
1683595745530,policy response weak useless ojo lagos resident starving politician share rice election,Negative,2024-04-09,"Ojo, Lagos"
1709923653160,want police soldier respect law salary cannot put food table somolu lagos inflation,Negative,2023-07-20,"Somolu, Lagos"
1734794797434,ngo distributes food pack vulnerable family ikorodu lagos today kind help need endpoverty,Positive,2024-11-09,"Ikorodu, Lagos"
1604678028164,imagine going ajeromi ifelodun lagos government stop people hungry act,Negative,2023-08-02,"Ajeromi-Ifelodun, Lagos"
1751750110311,local government baruwa lagos done absolutely nothing food crisis appear election,Negative,2023-05-20,"Baruwa, Lagos"
1673688230745,community garden initiative baruwa lagos begin harvest providing fresh vegetable local family hunger,Positive,2024-05-06,"Baruwa, Lagos"
1715395662235,community garden initiative lagos island lagos begin harvest providing fresh vegetable local family,Positive,2023-07-03,"Lagos Island, Lagos"
1640785804277,stockfish poor family depend somolu lagos disappeared market become expensive buy zerohunger,Negative,2023-12-06,"Somolu, Lagos"
1717612138748,nigeria war food inflation crushing household farmer unsafe supply chain broken eti osa lagos inflation,Negative,2023-07-10,"Eti-Osa, Lagos"
1710252940085,lie thing hard alimosho lagos beyond social medium even describe real life suffering happen,Negative,2023-01-20,"Alimosho, Lagos"
1737828753958,stockfish poor family depend ikeja lagos disappeared market become expensive buy suffering,Negative,2023-08-04,"Ikeja, Lagos"
1641873687513,supply chain staple food item alimosho lagos completely broken government must act,Negative,2023-08-31,"Alimosho, Lagos"
1768265423849,cost feeding family four lagos risen per month two year,Neutral,2024-04-28,"Badagry, Lagos"
1626539749009,depression anxiety rising surulere lagos people struggle feed hunger mental health crisis,Negative,2023-04-09,"Surulere, Lagos"
1782115053628,finally mobile food market come ikorodu lagos bringing affordable produce directly underserved community lagospalliative,Positive,2024-01-22,"Ikorodu, Lagos"
1619084954885,eat since morning wallet empty food house epe lagos life become survival fittest lagos,Negative,2023-03-24,"Epe, Lagos"
1712462643406,nigeria food import bill rose billion amid declining local agricultural productivity,Neutral,2024-04-14,"Agege, Lagos"
1773915356636,god help ojo lagos people government abandon completely came food hunger,Negative,2023-08-18,"Ojo, Lagos"
1605383733303,food price key staple like yam plantain stabilized mushin lagos market ti week hope lost,Positive,2024-10-10,"Mushin, Lagos"
1726297926028,depression anxiety rising lagos island lagos people struggle feed hunger mental health crisis lagospalliative,Negative,2024-08-01,"Lagos Island, Lagos"
1765716282180,lagos state government announces plan establish food distribution centre across da lgas,Neutral,2023-03-14,"Mushin, Lagos"
1661496797862,ngo distributes food pack vulnerable family lagos mainland lagos today kind help need,Positive,2023-04-07,"Lagos Mainland, Lagos"
1705045679554,yeparipa eba reach badagry lagos eat sand soon naijaproblems,Negative,2023-11-26,"Badagry, Lagos"
1727685329146,lie thing hard ikeja lagos beyond social medium even describe real life suffering happen,Negative,2023-09-17,"Ikeja, Lagos"
1728488275819,good news lagos island lagos local farmer cooperative report increase food production thsi planting season economichardship,Positive,2023-01-25,"Lagos Island, Lagos"
1665548929585,opolopo eniyan jiya ninu alimosho lagos owo ko si ounje ko si oluwa gba wa,Negative,2024-09-24,"Alimosho, Lagos"
1731619848343,supply chain staple food item somolu lagos completely broken government must act naijaeconomy,Negative,2024-01-21,"Somolu, Lagos"
1674887582640,know three family shomolu lagos eaten proper meal day exaggerating,Negative,2024-01-04,"Shomolu, Lagos"
1604306349455,new study university lagos examines relationship twitter sentiment food price trend nigeria nigeriadecides,Neutral,2024-08-16,"Baruwa, Lagos"
1700400838072,agric minister confirms new fertilizer subsidy reduce input cost farmer expected lower food price,Positive,2024-05-02,"Alimosho, Lagos"
1667041807186,stockfish poor family depend alimosho lagos disappeared market become expensive buy,Negative,2023-09-13,"Alimosho, Lagos"
1725993336591,kind country ikorodu lagos man work hard every day cannot afford eat three time nonsense,Negative,2024-02-28,"Ikorodu, Lagos"
1747737486977,school feeding program resume lagos island lagos primary school today brief suspension child happy,Positive,2024-06-11,"Lagos Island, Lagos"
1796277910670,snack shop near eti osa lagos increased food price approximately due gas crisis wareffects inflation nigeria,Negative,2024-02-19,"Eti-Osa, Lagos"
1720184313374,few net lagos categorized ipc phase stress level pocket phase crisis informal settlement,Neutral,2023-01-02,"Surulere, Lagos"
1712692071712,another yariba state massive hunger lagos built nigerian government shomolu lagos people suffering,Negative,2024-05-18,"Shomolu, Lagos"
1658968530598,plantain grow right ikorodu lagos outskirt reach per finger local food inflation crazy,Negative,2023-02-07,"Ikorodu, Lagos"
1770080553323,opolopo eniyan jiya food cost eti osa lagos island pas roof naijaeconomy,Negative,2024-03-25,"Eti-Osa, Lagos"
1674404480940,new farm produce market open surulere lagos connect farmer directly consumer cutting middleman naijaeconomy,Positive,2023-03-03,"Surulere, Lagos"
1782410484940,governor lagos personally supervises food distribution surulere lagos community least paying attention,Positive,2024-05-19,"Surulere, Lagos"
1786787940951,loaf sliced bread eti osa lagos bakery today naira last year naira explain,Negative,2024-02-09,"Eti-Osa, Lagos"
1746929572437,dangote group donates bag rice litre oil food bank serving kosofe lagos community endpoverty,Positive,2024-12-16,"Kosofe, Lagos"
1646415392801,lagos state government announces plan establish food distribution centre across lgas,Neutral,2023-07-24,"Ifako-Ijaiye, Lagos"
1763085383242,hunger kill people apapa lagos government eat alone wickedness highest level,Negative,2023-09-14,"Apapa, Lagos"
1742641271908,usaid food security program begin operation baruwa lagos targeting household month foodprices,Positive,2024-12-07,"Baruwa, Lagos"
1600267954252,government statistician conduct fresh foood price survey across eti osa lagos market starting monday,Neutral,2023-12-23,"Eti-Osa, Lagos"
1718941303452,farmer ikorodu lagos outskirt say longer afford fertilizer current price next harvest disaster,Negative,2023-12-07,"Ikorodu, Lagos"
1718829852999,new cold chain facility open somolu lagos mean less food waste stable supply market inflationng,Positive,2023-03-04,"Somolu, Lagos"
1629237692175,neighbour fainted morning surulere lagos doctor say hunger people die starvation,Negative,2023-02-09,"Surulere, Lagos"
1732808165754,policy response weak useless ifako ijaiye lagos resident starving politician share rice election,Negative,2023-10-07,"Ifako-Ijaiye, Lagos"
1604880932389,imagine going kosofe lagos government stop people hungry act,Negative,2023-09-22,"Kosofe, Lagos"
1769196588954,government say thy share palliative baruwa lagos ordinary people grassroots see anything lie,Negative,2024-08-08,"Baruwa, Lagos"
1632902081714,reach level share one wrap eba three people kosofe lagos god help,Negative,2023-12-22,"Kosofe, Lagos"
1685925421492,usaid food security program begin operation kosofe lagos targeting household month foodprices,Positive,2023-01-19,"Kosofe, Lagos"
1738991550566,loaf sliced bread ojo lagos bakery today naira last year naira explain,Negative,2023-08-18,"Ojo, Lagos"
1775809444868,local goverment official lagos mainland lagos conduct market inspection following report artificial food scarcity,Neutral,2024-02-20,"Lagos Mainland, Lagos"
1629236969048,fuel price go food price go transport go salary stay loyal nigeria inflation sdg,Negative,2024-11-03,"Ikeja, Lagos"
1736193909286,journalist document condition ifako ijaiye lagos food bank queue begin forming dawn day hardtimes,Neutral,2024-04-06,"Ifako-Ijaiye, Lagos"
1682848170526,nafdac confirms seizure substandard food item worth million eti osa lagos market week lagospalliative,Neutral,2023-02-20,"Eti-Osa, Lagos"
1706204938565,cadre harmonis assessment million people southwest nigeria face acute food insecurity lean season inflationng,Neutral,2024-12-07,"Ajeromi-Ifelodun, Lagos"
1734448134093,reach level share one wrap eba three people oshodi lagos god help,Negative,2023-10-23,"Oshodi, Lagos"
1657130148885,omo tin happen ojo lagos market good like say food become luxury lagospalliative,Negative,2024-06-14,"Ojo, Lagos"
1795642977689,yeparipa eba reach ikeja lagos eat sand soon naijaproblems,Negative,2024-03-13,"Ikeja, Lagos"
1784916257190,opolopo eniyan jiya food cost badagry lagos island pas roof naijaeconomy,Negative,2024-10-31,"Badagry, Lagos"
1664186816543,market trader association ajeromi ifelodun lagos issue statement factor driving current food price increase,Neutral,2023-11-24,"Ajeromi-Ifelodun, Lagos"
1628370453813,child cry food since last night get anything give mushin lagos suffering naijaeconomy,Negative,2023-07-01,"Mushin, Lagos"
1730936055812,conflict north broken foood supply chain way eti osa lagos affected naijaproblems,Negative,2023-12-12,"Eti-Osa, Lagos"
1685877520644,tuc threaten nationwide protest worsening economic hardship nigeria citing food price lagos naijaproblems,Negative,2024-09-22,"Oshodi, Lagos"
1726786095316,seen price baby food diaper rent ikorodu lagos person manage,Negative,2023-01-13,"Ikorodu, Lagos"
1616740042241,ngo distributes food pack vulnerable family ikorodu lagos today kind help need,Positive,2024-05-13,"Ikorodu, Lagos"
1703039595155,cost feeding famly four lagos risen per month two year,Neutral,2023-10-14,"Ajeromi-Ifelodun, Lagos"
1647748551890,woman ifako ijaiye lagos forced dangerous situation feed family hunger real,Negative,2024-09-05,"Ifako-Ijaiye, Lagos"
1692097396310,subsidy removal supposed free fund investment tell one person ikeja lagos benefited foodprices,Negative,2024-07-04,"Ikeja, Lagos"
1691600170348,stockfish poor family depend baruwa lagos disappeared market become expensive buy,Negative,2024-08-25,"Baruwa, Lagos"
1707327632491,satellite data geoglam show average crop yield expected major food producing state season inflation,Neutral,2024-12-16,"Mushin, Lagos"
1782168138074,insecurity made farming impossible north lagos mainland lagos market running dwindling reserve nigeria,Negative,2023-05-13,"Lagos Mainland, Lagos"
1700191510357,woman apapa lagos said mixing garri water child afford hardtimes,Negative,2024-09-05,"Apapa, Lagos"
1723403041160,private sector food relief gtbank staff donate food item vulnerable family agege lagos community,Positive,2024-09-03,"Agege, Lagos"
1650830181984,international food aid organization begin registration vulnerable household shomolu lagos monthly food support inflation,Positive,2024-04-19,"Shomolu, Lagos"
1755988503590,beg government let intervene food price baruwa lagos people suffer silence,Negative,2024-09-04,"Baruwa, Lagos"
1734173564863,central bank nigeria attribute food inflation partly exchange rate pas imported food item hunger,Neutral,2023-05-26,"Surulere, Lagos"
1610524542265,ngo distributes food pack vulnerable family kosofe lagos today kind help need hardtimes,Positive,2024-05-29,"Kosofe, Lagos"
1732324271123,garri buy last year reach shomolu lagos take happen like naijaeconomy,Negative,2023-12-16,"Shomolu, Lagos"
1606109411500,eu donates million food security program targeting urban poor community lagos including lagos island lagos lagos,Positive,2024-06-01,"Lagos Island, Lagos"
1730531057950,trader eti osa lagos market confirm food priices percent three month inflationng,Negative,2023-10-05,"Eti-Osa, Lagos"
1664301955330,swr tire food money hope ifako ijaiye lagos suffering end,Negative,2023-01-22,"Ifako-Ijaiye, Lagos"
1611521488543,farmer epe lagos outskirt say longer afford fertilizer current price next harvest disaster,Negative,2024-09-27,"Epe, Lagos"
1743443300626,new usaid funded study track social medium signal food insecurity nigerian urban centre foodscarcity,Neutral,2024-10-04,"Lagos Mainland, Lagos"
1616465573348,opolopo eniyan jiya food cost badagry lagos island pas roof naijaeconomy,Negative,2024-04-14,"Badagry, Lagos"
1623291910796,supply chain staple food item eti osa lagos completely broken government must act,Negative,2024-03-08,"Eti-Osa, Lagos"
1701740674130,bag bean last january kosofe lagos tell engineered scarcity,Negative,2023-04-09,"Kosofe, Lagos"
1763785176237,eyan ifako ijaiye lagos ti fr ta gbogbo ohun ini lat le ra ounje ebi pa gbogbo eniyan,Negative,2024-07-19,"Ifako-Ijaiye, Lagos"
1708293428112,government stop hunger abandoned oshodi lagos completely endpoverty,Negative,2024-03-16,"Oshodi, Lagos"
1732622967884,even sachet water mushin lagos increase pure water naira reach naira going,Negative,2024-07-15,"Mushin, Lagos"
1631570608076,lagos state agricultural development authority hold meeting strategy reduce food import dependency,Neutral,2024-12-24,"Epe, Lagos"
1628669325154,uncle ikeja lagos said cried first time adult life last night could feed child lagos,Negative,2023-09-10,"Ikeja, Lagos"
1778186167285,loaf sliced bread apapa lagos bakery today naira last year naira explain,Negative,2023-11-21,"Apapa, Lagos"
1788128321439,child cry food since last night get anything give epe lagos suffering foodprices,Negative,2024-05-07,"Epe, Lagos"
1761405801276,local government official alimosho lagos conduct market inspection following report artificial food scarcity nigeria,Neutral,2023-07-01,"Alimosho, Lagos"
1611856230952,subsidy removal supposed free fund investment tell one person kosofe lagos benefited lagossuffers,Negative,2024-06-17,"Kosofe, Lagos"
1617193901155,know three family agege lagos eaten proper meal day exaggerating,Negative,2023-07-13,"Agege, Lagos"
1751745030917,hunger kill people baruwa lagos government eat alone wickedness highest level,Negative,2024-03-14,"Baruwa, Lagos"
1799863278744,pain see oshodi lagos people suffer food government waste money sdg,Negative,2024-08-04,"Oshodi, Lagos"
1724052192963,great news alimosho lagos resident community food cooperative launch help family access affordable food,Positive,2024-04-12,"Alimosho, Lagos"
1625450813474,international food aid organization begin registration vulnerable household lagos mainland lagos monthly food support,Positive,2024-03-04,"Lagos Mainland, Lagos"
1767415151542,know three family epe lagos eaten proper meal day exaggerating naijaproblems,Negative,2023-09-30,"Epe, Lagos"
1714140235370,market trader association surulere lagos issue statement factor driving current food price increase,Neutral,2024-08-11,"Surulere, Lagos"
1780190447267,youth group epe lagos start rooftop farming project grow vegetable local community innovation,Positive,2024-02-22,"Epe, Lagos"
1749669853319,kind country epe lagos man work hard every day cannot afford eat three time nonsense,Negative,2023-09-24,"Epe, Lagos"
1740431204901,men ifako ijaiye lagos breaking breadwinner cannot provide family pressure hunger destroying home nigeriadecides,Negative,2023-08-22,"Ifako-Ijaiye, Lagos"
1619032277411,psychological trauma knowing next meal came destroying alimosho lagos community foodprices,Negative,2024-11-11,"Alimosho, Lagos"
1686359779555,trader ajeromi ifelodun lagos market report reduction daily customer resident cut back food purchase,Neutral,2023-01-17,"Ajeromi-Ifelodun, Lagos"
1688326174055,omo tin happen alimosho lagos market good like say food become luxury,Negative,2024-02-28,"Alimosho, Lagos"
1698576001634,report million nigerian currently experiencing severe food insecurity according ipc phase classification tinubu,Neutral,2023-07-17,"Apapa, Lagos"
1756867490344,old mama lagos island lagos say never eat two day nobody care poor,Negative,2024-04-14,"Lagos Island, Lagos"
1646803378005,lagos chamber commerce hold summit strategy stabilize food supply chain state,Neutral,2024-03-01,"Eti-Osa, Lagos"
1698166369930,expert call policy intervention nigeria global hunger index score worsens nigeria,Neutral,2024-03-01,"Surulere, Lagos"
1736137740635,even sachet water alimosho lagos increase pure water naira reach naira going lagossuffers,Negative,2023-07-14,"Alimosho, Lagos"
1667619788896,subsidy removal supposed free fund investment tell one person ojo lagos benefited inflation,Negative,2024-03-09,"Ojo, Lagos"
1611977660318,local government ikeja lagos distributes free food seedling household encourage home gardening,Positive,2024-10-20,"Ikeja, Lagos"
1715932322053,semovita finish shop ojo lagos supplier say factory ration production raw material cost,Negative,2024-03-29,"Ojo, Lagos"
1680220982745,food insecurity alimosho lagos crisis level ipc indicator pointing phase nobody talking,Negative,2023-06-24,"Alimosho, Lagos"
1615886661657,child area ikorodu lagos visibly malnourished crisis nobody talking,Negative,2024-06-24,"Ikorodu, Lagos"
1799347061218,academic paper published sentiment analysis nigerian twitter reveals early warning signal food crisis foodscarcity,Neutral,2023-05-19,"Baruwa, Lagos"
1790925305414,irony lagos mainland lagos commercial hub nigeria million resident bed hungry every night,Negative,2023-01-29,"Lagos Mainland, Lagos"
1661528348391,bread cost naira three month ago naira today oshodi lagos cause,Negative,2023-04-23,"Oshodi, Lagos"
1640318945091,federal government emergency food intervention reach eti osa lagos today household receive support,Positive,2024-06-08,"Eti-Osa, Lagos"
1709246333328,senator lagos agree review food importation policy support local farmer long overdue good foodprices,Positive,2023-09-28,"Mushin, Lagos"
1699690758794,market trader association lagos mainland lagos issue statement factor driving current food price increase endpoverty,Neutral,2024-11-02,"Lagos Mainland, Lagos"
1758646181727,ngo working ikeja lagos report increase demand emergency food assistance since january,Neutral,2024-07-12,"Ikeja, Lagos"
1678759583967,unicef report highlight rising acute malnutrition among five child urban lagos slum endpoverty,Neutral,2023-12-03,"Ojo, Lagos"
1631414594579,government say share palliative eti osa lagos ordinary people grassroots see anything lie endpoverty,Negative,2024-04-22,"Eti-Osa, Lagos"
1673783850898,market survey apapa lagos basket tomato cost compared period last year economichardship,Neutral,2024-07-01,"Apapa, Lagos"
1680303066034,went kosofe lagos market today came back empty handed could buy anything meaningful family five,Negative,2023-10-08,"Kosofe, Lagos"
1659811563563,international monetary fund warns nigeria food inflation could remain elevated without reform,Neutral,2024-03-11,"Somolu, Lagos"
1709637559568,corporate organization distributes food item family kosofe lagos part csr program goodness,Positive,2024-02-14,"Kosofe, Lagos"
1617868538900,know three family lagos mainland lagos eaten proper meal day exaggerating,Negative,2024-06-27,"Lagos Mainland, Lagos"
1679652648772,exaggerating say food situation somolu lagos humanitarian emergency waiting declared lagos,Negative,2024-10-19,"Somolu, Lagos"
1770937957742,pilot urban farming project eti osa lagos yield first harvest prof city food production possible,Positive,2023-05-09,"Eti-Osa, Lagos"
1656835627558,rice reach per bag ajeromi ifelodun lagos person eat foodcrisis lagos,Negative,2023-02-21,"Ajeromi-Ifelodun, Lagos"
1673888720020,men agege lagos breaking breadwinner cannot provide family pressure hunger destroying home,Negative,2024-07-16,"Agege, Lagos"
1786951814994,price bag rice oshodi lagos tripled less year family supposed survive,Negative,2024-09-15,"Oshodi, Lagos"
1673424264732,nafdac confirms seizure substandard food item worth million oshodi lagos market week,Neutral,2024-07-03,"Oshodi, Lagos"
1654997320226,dangote group donates bag rice litre oil food bank serving lagos island lagos community economichardship,Positive,2024-07-23,"Lagos Island, Lagos"
1685912346312,man collapsed hunger near ojo lagos today food hope country finish,Negative,2023-09-13,"Ojo, Lagos"
1600912575226,seen price baby food diaper rent kosofe lagos person manage,Negative,2024-11-17,"Kosofe, Lagos"
1772550883161,farmer herder clash reduced produce coming ikorodu lagos almost half according trader oyingbo naijaeconomy,Negative,2024-11-26,"Ikorodu, Lagos"
1708565560949,beggar street epe lagos increasing daily people cannot feed family anymore,Negative,2023-10-15,"Epe, Lagos"
1768891179050,governor lagos personally supervises food distribution epe lagos community least paying attention,Positive,2024-03-03,"Epe, Lagos"
1779541838178,local government eti osa lagos distributes free food seedling household encourage home gardening endpoverty,Positive,2023-01-24,"Eti-Osa, Lagos"
1711111732879,cost feeding family four lagos risen per month two year,Neutral,2023-11-15,"Epe, Lagos"
1663081837901,government official eat million people die hunger agege lagos shame,Negative,2023-09-28,"Agege, Lagos"
1666394184702,new food bank open ojo lagos struggling feed family please walk form stress,Positive,2023-11-18,"Ojo, Lagos"
1667037624979,nigeria war food inflation crushing household farmer unsafe supply chain broken ifako ijaiye lagos,Negative,2024-07-30,"Ifako-Ijaiye, Lagos"
1795753751151,uncle ifako ijaiye lagos said cried first time adult life last night could feed child,Negative,2024-02-19,"Ifako-Ijaiye, Lagos"
1748538351094,joint un fao wfp mission visit lagos assess food security situation ground economichardship,Neutral,2023-01-29,"Mushin, Lagos"
1735089246099,wonderful gesture lagos businessman distributes free food bag family shomolu lagos every weekend,Positive,2024-10-21,"Shomolu, Lagos"
1667709526443,cooperative market woman epe lagos launch price stabilization scheme essential food item community power naijaproblems,Positive,2023-11-21,"Epe, Lagos"
1730983190618,new farm produce market open ifako ijaiye lagos connect farmer directly consumer cutting middleman,Positive,2023-11-06,"Ifako-Ijaiye, Lagos"
1632273170348,badagry lagos market food price percent three month alone inflationng,Negative,2023-02-09,"Badagry, Lagos"
1723854491498,tuc threatened nationwide protest may day worsening economic hardship citing rising food price naijatalk xyz economichardship,Neutral,2024-06-19,"Eti-Osa, Lagos"
1753222466658,pepper tomato onion combination extremely scarce expensive apapa lagos market cooking become gold lagossuffers,Negative,2023-07-01,"Apapa, Lagos"
1753880208521,lasg governor approves billion food subsidy fund low income family across lagos lgas progress tinubu,Positive,2023-12-11,"Epe, Lagos"
1655710422111,ngo working agege lagos report increase demand emergency food assistance since january naijaeconomy,Neutral,2023-01-30,"Agege, Lagos"
1698342824437,federal goverment emergency food intervention reach surulere lagos today household receive support,Positive,2024-12-01,"Surulere, Lagos"
1741080300832,nigeria food self sufficiency ratio declined steadily since new agriculture ministry data show foodscarcity,Neutral,2024-05-08,"Ajeromi-Ifelodun, Lagos"
1763088968673,lagos state agricultural development authority hold meeting strategy reduce food import dependency,Neutral,2023-11-19,"Baruwa, Lagos"
1605688153130,woman apapa lagos forced dangerous situation feed family hunger real lagos,Negative,2024-09-16,"Apapa, Lagos"
1700894306603,swr hunger want collect child eat since yesterday ajeromi ifelodun lagos,Negative,2023-12-09,"Ajeromi-Ifelodun, Lagos"
1773030761224,budget passed billion allocated food security yet baruwa lagos resident starving money economichardship,Negative,2023-06-28,"Baruwa, Lagos"
1749386865076,federal ministry agriculture release emergency food reserve stock state including lagos,Neutral,2023-03-19,"Shomolu, Lagos"
1746816407100,apapa lagos hunger respect anybody rich poor everybody feel economichardship,Negative,2023-12-02,"Apapa, Lagos"
1755990384948,pilot urban farming project badagry lagos yield first harvest prof city food production possible,Positive,2023-12-15,"Badagry, Lagos"
1601359422830,irony oshodi lagos commercial hub nigeria million resident bed hungry every night,Negative,2023-06-04,"Oshodi, Lagos"
1600871241447,farmer herder clash reduced produce coming ajeromi ifelodun lagos almost half according trader oyingbo,Negative,2024-09-29,"Ajeromi-Ifelodun, Lagos"
1724906021109,cadre harmonis assessment million people southwest nigeria face acute food insecurity lean season,Neutral,2023-01-15,"Ojo, Lagos"
1620539171507,expert call policy intervention nigeria global hunger index score worsens,Neutral,2024-01-12,"Ikeja, Lagos"
1603900941556,lagos chamber commerce hold summit strategy stabilize food supply chain state,Neutral,2024-08-09,"Ojo, Lagos"
1611278931155,want police soldier respect law dair salary cannot put food table epe lagos,Negative,2024-10-11,"Epe, Lagos"
1652607598584,nb data show food inflation lagos reached highest five year economy,Neutral,2023-11-14,"Surulere, Lagos"
1602480811934,conflict north broken food supply chain way mushin lagos affected,Negative,2024-10-21,"Mushin, Lagos"
1749208963119,nigeria food import bill rose billion amid declining local agricultural productivity inflationng,Neutral,2024-10-22,"Lagos Mainland, Lagos"
1724506263089,shomolu lagos hunger respect anybody rich poor everybody feel hunger,Negative,2023-04-18,"Shomolu, Lagos"
1779003378775,swr tire food money hope eti osa lagos suffering end,Negative,2024-02-14,"Eti-Osa, Lagos"
1798816203955,price tomato pepper coming small somolu lagos market week give hope small small,Positive,2023-09-27,"Somolu, Lagos"
1694780456876,indomie food last resort many family ojo lagos increased price deliberate suffering hardtimes,Negative,2023-09-20,"Ojo, Lagos"
1700961143359,fuel price go food price go transport go salary stay loyal nigeria inflation,Negative,2024-03-24,"Lagos Mainland, Lagos"
1698016838571,few net quarterly report flag lagos kano area requiring close food security monitoring coming month,Neutral,2023-01-08,"Shomolu, Lagos"
1743223677414,fao report nigeria rank among country highest rate acute food insecurity west africa foodsecurity foodcrisis,Neutral,2024-03-26,"Lagos Island, Lagos"
1739372848135,area agege lagos get stable food supply since fuel subsidy removal thing get worse lagossuffers,Negative,2024-01-17,"Agege, Lagos"
1725433198841,bama yola people flee mushin lagos food supply cannot handle population pressure inflationng,Negative,2023-05-14,"Mushin, Lagos"
1759612088391,actionaid nigeria release report impact food insecurity woman headed household badagry lagos naijaproblems,Neutral,2024-02-12,"Badagry, Lagos"
1716728912269,snack shop near eti osa lagos increased food price approximately due gas crisis wareffects inflation,Negative,2024-06-27,"Eti-Osa, Lagos"
1648719082521,food scarcity natural policy failure ojo lagos resident paying life health lagossuffers,Negative,2023-04-09,"Ojo, Lagos"
1711479670532,eat eba without soup even thank god somolu lagos living enduring,Negative,2023-03-13,"Somolu, Lagos"
1637149728216,wonderful gesture lagos businessman distributes free food bag family badagry lagos every weekend,Positive,2023-10-12,"Badagry, Lagos"
1654895782647,egg per piece badagry lagos say poultry feed cost plenty pay price foodprices,Negative,2023-12-13,"Badagry, Lagos"
1786863233107,market watch prces key food commodity epe lagos reviewed weekly lagos consumer protection council,Neutral,2023-12-24,"Epe, Lagos"
1735458154890,woman badagry lagos said mixing garri water kid afford,Negative,2023-10-17,"Badagry, Lagos"
1738202653202,alimosho lagos hunger respect anybody rich poor everybody feel lagospalliative,Negative,2024-07-09,"Alimosho, Lagos"
1699195077672,community garden initiative mushin lagos begin harvest providing fresh vegetable local family tinubu,Positive,2023-02-15,"Mushin, Lagos"
1688169256044,tomato naira last year reach ikeja lagos market inflation kill,Negative,2024-08-08,"Ikeja, Lagos"
1768336303646,lagos urban agriculture initiative training youth ajeromi ifelodun lagos grow food small plot inspiring work,Positive,2023-01-08,"Ajeromi-Ifelodun, Lagos"
1762881390310,food security stakeholder gather ikorodu lagos quarterly review meeting hunger mitigation strategy,Neutral,2023-06-04,"Ikorodu, Lagos"
1638845021299,wonderful gesture lagos businessman distributes free food bag family badagry lagos every weekend,Positive,2024-06-27,"Badagry, Lagos"
1756951121747,start fuel price rippling economy fertilizer shortage let food price worse season alimosho lagos,Negative,2024-11-04,"Alimosho, Lagos"
1616813685329,palm oil groundnut oil everything skyrocket apapa lagos cooking self become unaffordable sdg,Negative,2024-07-29,"Apapa, Lagos"
1655868348865,research team covenant university develops nlp model monitor food crisis signal nigerian twitter sdg,Neutral,2024-08-21,"Eti-Osa, Lagos"
1757071434074,god help shomolu lagos people government abandon completely came food,Negative,2024-04-29,"Shomolu, Lagos"
1678397480061,snack shop near apapa lagos increase price gas problem suffer,Negative,2024-04-23,"Apapa, Lagos"
1745396324810,garri buy last year reach alimosho lagos take happen like nigeria,Negative,2023-06-11,"Alimosho, Lagos"
1769945969507,beggar street baruwa lagos increasing daily people cannot feed family anymore nigeriadecides,Negative,2023-03-03,"Baruwa, Lagos"
1651211260945,trader apapa lagos market confirm food price percent three month inflationng,Negative,2023-11-25,"Apapa, Lagos"
1774497110617,report million nigerian currently experiencing severe food insecurity according ipc phase classification,Neutral,2023-01-10,"Kosofe, Lagos"
1620106642368,high cost living swallow epe lagos expense higher income business struggle,Negative,2023-06-20,"Epe, Lagos"
1685088710463,bag bean last january somolu lagos tell engineered scarcity lagossuffers,Negative,2024-06-17,"Somolu, Lagos"
1784448351850,bean protein poor lagos mainland lagos luxury paint bucket bean cost naira economichardship,Negative,2023-01-01,"Lagos Mainland, Lagos"
1746927584308,beggar street epe lagos increasing daily people cannot feed family anymore,Negative,2024-10-15,"Epe, Lagos"
1796859116654,new usaid funded study track social medium signal food insecurity nigerian urban centre,Neutral,2023-07-31,"Ajeromi-Ifelodun, Lagos"
1600017955333,mama tunde apapa lagos say sell cooking pot afford food heartbreaking,Negative,2024-05-27,"Apapa, Lagos"
1774622286984,pain see surulere lagos people suffer food government waste money,Negative,2024-03-26,"Surulere, Lagos"
1690629298597,start fuel price rippling economy fertilizer shortage let food price worse season baruwa lagos,Negative,2024-10-28,"Baruwa, Lagos"
1621955686873,imagine going ojo lagos government stop people hungry act lagospalliative,Negative,2024-03-31,"Ojo, Lagos"
1664422119639,woman eti osa lagos said mixing garri water child afford lagospalliative,Negative,2023-02-10,"Eti-Osa, Lagos"
1676721346848,good news mushin lagos local farmer cooperative report increase food production planting season lagospalliative,Positive,2024-08-07,"Mushin, Lagos"
1656394353438,rice reach per bag lagos island lagos person eat foodcrisis lagos foodprices,Negative,2023-01-28,"Lagos Island, Lagos"
1686005159925,satellite data geoglam show average crop yield expected major food producing state season,Neutral,2023-01-31,"Baruwa, Lagos"
1644076734768,ground report alimosho lagos street food vendor adjusting portion size manage rising ingredient cost,Neutral,2024-02-19,"Alimosho, Lagos"
1632097742198,lie thing hard badagry lagos beyond social medium even describe real life suffering happen nigeria,Negative,2024-05-21,"Badagry, Lagos"
1601235598059,lie thing hard mushin lagos beyond social medium even describe real life suffering happen endpoverty,Negative,2023-12-18,"Mushin, Lagos"
1637266718220,food price key staple like yam plantain stabilized mushin lagos market week hope lost,Positive,2024-02-26,"Mushin, Lagos"
1735424311591,price kg bag rice kosofe lagos market currently stand according trader marketupdate naijaeconomy,Neutral,2023-07-30,"Kosofe, Lagos"
1644407983701,area ikorodu lagos get stable food supply since fuel subsidy removal thing get worse,Negative,2024-09-21,"Ikorodu, Lagos"
1662838385091,even sachet water shomolu lagos increase pure water naira reach naira going sdg,Negative,2023-03-11,"Shomolu, Lagos"
1704129824410,psychological trauma knowing next meal came destroying badagry lagos community foodprices,Negative,2023-01-18,"Badagry, Lagos"
1724315194004,food price kosofe lagos gone completely control market woman today told tomato luxury item naijaproblems,Negative,2023-05-07,"Kosofe, Lagos"
1768365591828,insecurity made farming impossible north ojo lagos markeets running dwindling reserve nigeria,Negative,2024-02-07,"Ojo, Lagos"
1672179111402,actionaid nigeria release report impact foood insecurity woman headed household agege lagos,Neutral,2024-10-29,"Agege, Lagos"
1643575101389,new study university lagos examines relationship twitter sentiment food price trend nigeria lagos,Neutral,2024-10-20,"Mushin, Lagos"
1647604163208,senate committee agriculture hold hearing food security situation minister fao representative zerohunger,Neutral,2023-06-05,"Ajeromi-Ifelodun, Lagos"
1634366162190,new study university lagos examines relationship twitter sentiment food price trend nigeria,Neutral,2023-11-17,"Ifako-Ijaiye, Lagos"
1685937290110,integrated food security phase classification ipc team begin data collection across lagos lgas today,Neutral,2023-07-16,"Alimosho, Lagos"
1724735459653,international monetary fund warns nigeria food inflation could remain elevated without reform,Neutral,2023-07-29,"Lagos Island, Lagos"
1626470008628,number people begging somolu lagos street doubled last six month normal naijaeconomy,Negative,2023-08-12,"Somolu, Lagos"
1641085972958,cost feeding family four lagos risen per month two year,Neutral,2024-11-11,"Eti-Osa, Lagos"
1669519712471,noodle last option poor people agege lagos increase price supposed eat,Negative,2023-12-16,"Agege, Lagos"
1613849496571,farmer lagos island lagos outskirt say longer afford fertilizer current price next harvest disaster naijaeconomy,Negative,2023-05-22,"Lagos Island, Lagos"
1606989098061,want police soldier respect law dir salary cannot put food table ojo lagos hunger,Negative,2023-10-28,"Ojo, Lagos"
1761516521600,lagos state agricultural development authority hold meeting strategy reduce food import dependency,Neutral,2024-09-01,"Lagos Mainland, Lagos"
1625706032564,trader epe lagos market confirm food price percent three month inflationng,Negative,2024-06-03,"Epe, Lagos"
1785586808037,subsidy removal supposed free fund investment tell one person shomolu lagos benefited,Negative,2024-03-05,"Shomolu, Lagos"
1766034910152,lagos resident spend average household income food new survey nb reveals,Neutral,2024-08-07,"Eti-Osa, Lagos"
1665282070715,trader badagry lagos market confirm food price percent three month inflationng foodscarcity,Negative,2023-09-05,"Badagry, Lagos"
1639044599856,manage half cup garri whole family eti osa lagos hard,Negative,2023-10-12,"Eti-Osa, Lagos"
1642165324826,nafdac confirms seizure substandard food item worth million oshodi lagos market week,Neutral,2024-12-07,"Oshodi, Lagos"
1786518021778,tomato naira last year reach alimosho lagos market inflation kill foodscarcity,Negative,2023-06-22,"Alimosho, Lagos"
1666675892011,government statistician conduct fresh food price survey across somolu lagos market starting monday lagos,Neutral,2023-01-30,"Somolu, Lagos"
1613358019677,insecurity made farming impossible north mushin lagos market running dwindling reserve,Negative,2023-12-24,"Mushin, Lagos"
1621093176239,hunger kill people epe lagos government eat alone wickedness highest level economichardship,Negative,2024-10-11,"Epe, Lagos"
1743885569792,psychological trauma knowing next meal came destroying epe lagos community,Negative,2023-07-02,"Epe, Lagos"
1603818069861,eba vegetable soup used affordable meal somolu lagos hustler even become expensive,Negative,2023-01-17,"Somolu, Lagos"
1665516668249,budget passed billion allocated food security yet shomolu lagos resident starving money,Negative,2024-09-08,"Shomolu, Lagos"
1637383598063,swr hunger want collect child eat since yesterday eti osa lagos foodprices,Negative,2023-07-22,"Eti-Osa, Lagos"
1770295217042,noodle last option poor people eti osa lagos increase price supposed eat hunger,Negative,2024-01-13,"Eti-Osa, Lagos"
1755811470995,few net lagos categorized ipc phase stress level pocket phase crisis informal settlement lagospalliative,Neutral,2024-12-08,"Eti-Osa, Lagos"
1644534065671,displaced family borno zamfara ikeja lagos competing already scarce food resource foodcrisis,Negative,2024-09-12,"Ikeja, Lagos"
1781256057925,actionaid nigeria release report impact food insecurity woman headed household eti osa lagos zerohunger,Neutral,2023-07-23,"Eti-Osa, Lagos"
1751990389803,wonderful gesture lagos businessman distributes free food bag family epe lagos every weekend hardtimes,Positive,2024-04-09,"Epe, Lagos"
1655501062485,child shomolu lagos sleep hungry every night beg government let hear,Negative,2023-09-14,"Shomolu, Lagos"
1602595066420,see kind suffering ojo lagos child school empty stomach every day,Negative,2024-05-28,"Ojo, Lagos"
1687124078245,bos ikeja lagos cut canteen budget food vendor cannot maintain affordable price anymore,Negative,2023-07-09,"Ikeja, Lagos"
1772536416189,school feeding program resume agege lagos primary school today brief suspension child happy hunger,Positive,2024-03-27,"Agege, Lagos"
1726661143567,food insecurity somolu lagos crisis level ipc indicator pointing phase nobody talking,Negative,2023-06-22,"Somolu, Lagos"
1794514791640,supply chain staple food item surulere lagos completely broken government must act,Negative,2023-08-01,"Surulere, Lagos"
1700018318244,nafdac confirms seizure substandard food item worth million lagos island lagos market week economichardship,Neutral,2024-04-30,"Lagos Island, Lagos"
1773747345383,child ojo lagos sleep hungry every night beg government let hear lagos,Negative,2024-10-08,"Ojo, Lagos"
1617759056623,supply chain staple food item ifako ijaiye lagos completely broken government must act hunger,Negative,2024-04-13,"Ifako-Ijaiye, Lagos"
1770693799830,trader ojo lagos market report reduction daily customer resident cut back food purchase,Neutral,2023-02-21,"Ojo, Lagos"
1729538182006,tomato pepper onion kosofe lagos market today trader say truck kano cannot pas road,Negative,2023-08-14,"Kosofe, Lagos"
1706739083157,supply chain staple food item ojo lagos completely broken government must act,Negative,2024-05-18,"Ojo, Lagos"
1710287878913,pain see lagos mainland lagos peopo suffer food government waste money,Negative,2023-11-29,"Lagos Mainland, Lagos"
1679245970857,lagos resident spend average household income food new survey nb reveals lagospalliative,Neutral,2023-08-20,"Eti-Osa, Lagos"
1756104673321,international monetary fund warns nigeria food inflation could remain elevated without reform,Neutral,2023-01-19,"Eti-Osa, Lagos"
1646372373446,high cost living swallow eti osa lagos expense higher income business struggle,Negative,2023-04-26,"Eti-Osa, Lagos"
1799042386864,subsidy removal supposed free fund investment tell one person kosofe lagos benefited foodprices,Negative,2024-12-31,"Kosofe, Lagos"
1615938479538,journalist document condition somolu lagos food bank queue begin forming dawn day,Neutral,2023-01-02,"Somolu, Lagos"
1600866136814,new food bank open apapa lagos struggling feed family please walk form stress sdg,Positive,2024-08-09,"Apapa, Lagos"
1640879305738,irony lagos mainland lagos commercial hub nigeria million resident bed hungry every night tinubu,Negative,2024-10-01,"Lagos Mainland, Lagos"
1751944795152,rice price drop slightly baruwa lagos market government release emergency reserve little relief family sdg,Positive,2024-07-26,"Baruwa, Lagos"
1631224950114,omo tin happen epe lagos market good like say food become luxury,Negative,2024-06-28,"Epe, Lagos"
1661295859304,lagos state agricultural development authority hold meeting strategy reduce foood import dependency,Neutral,2024-07-28,"Ojo, Lagos"
1755583986559,oxfam nigeria call government implement emergency food subsidy urban poor lagos kano,Neutral,2024-03-02,"Ajeromi-Ifelodun, Lagos"
1611105101861,tuc threaten nationwide protest worsening economic hardship nigeria citing food price lagos lagossuffers,Negative,2024-12-18,"Ikeja, Lagos"
1709853243901,beggar street alimosho lagos increasing daily ppls cannot feed family anymore,Negative,2024-04-07,"Alimosho, Lagos"
1644709234688,tomato supply dry completely lagos mainland lagos farmer say insecurity north finish everything inflation,Negative,2024-07-29,"Lagos Mainland, Lagos"
1699052299110,eba vegetable soup used affordable meal shomolu lagos hustler even become expensive,Negative,2024-07-16,"Shomolu, Lagos"
1741627368738,engineered scarcity nigeria feeding west africa people starve lagos mainland lagos,Negative,2024-09-18,"Lagos Mainland, Lagos"
1688975366285,hunger kill people epe lagos government eat alone wickedness highest level hunger,Negative,2023-09-02,"Epe, Lagos"
1750314771870,egg per piece kosofe lagos say poultry feed cost plenty pay teh price,Negative,2024-12-09,"Kosofe, Lagos"
1740786890306,wa price yam lagos island lagos higher price petrol per litre something wrong sdg,Negative,2023-05-10,"Lagos Island, Lagos"
1798546994051,beggar street ifako ijaiye lagos increasing daily people cannot feed family anymore,Negative,2023-12-23,"Ifako-Ijaiye, Lagos"
1619874123764,restaurant somolu lagos closing even middle class longer afford eat regularly,Negative,2024-01-30,"Somolu, Lagos"
1754754416967,seen price baby food diaper rent somolu lagos person manage,Negative,2024-12-18,"Somolu, Lagos"
1686168188871,lagos state agricultural development authority hold meeting strategy reduce food import dependency hunger,Neutral,2023-07-05,"Ifako-Ijaiye, Lagos"
1623813033361,market trader association surulere lagos issue statement factor driving current food price increase,Neutral,2023-04-17,"Surulere, Lagos"
1722081097510,senator lagos agree review food importation policy support local farmer long overdue good endpoverty,Positive,2024-02-16,"Lagos Island, Lagos"
1645651350803,new direct farmer market ojo lagos reducing price compared regular market,Positive,2024-06-03,"Ojo, Lagos"
1756149251634,wfp begun food distribution apapa lagos community today family receiving assistance relief,Positive,2023-04-11,"Apapa, Lagos"
1743469196478,opolopo eniyan jiya food cost ikeja lagos island pas roof naijaeconomy hunger,Negative,2024-12-24,"Ikeja, Lagos"
1603977155716,oxfam nigeria call government implement emergency food subsidy urban poor lagos kano,Neutral,2024-03-16,"Ikeja, Lagos"
1771299031159,psychological trauma knowing next meal came destroying baruwa lagos community naijaeconomy,Negative,2023-08-27,"Baruwa, Lagos"
1742439318516,eyan surulere lagos ti fr ta gbogbo ohun ini lat le ra ounje ebi pa gbogbo eniyan,Negative,2024-04-30,"Surulere, Lagos"
1719373748863,joint statement ngo food situation ojo lagos requires urgent coordinated humanitarian response,Neutral,2023-09-26,"Ojo, Lagos"
1703767750549,rice price drop slightly apapa lagos market government release emergency reserve little relief family,Positive,2024-05-05,"Apapa, Lagos"
1788716920194,snack shop near ifako ijaiye lagos increased food price approximately due gas crisis wareffects inflation,Negative,2024-01-12,"Ifako-Ijaiye, Lagos"
1725304813417,conflict north broken food supply chain way epe lagos affected inflationng,Negative,2023-05-04,"Epe, Lagos"
1796346562596,eu donates million food security program targeting urban poor community lagos including oshodi lagos,Positive,2024-05-28,"Oshodi, Lagos"
1686167031784,empty stall everywhere oshodi lagos market today wholesale supply dried completely foodscarcity,Negative,2023-04-10,"Oshodi, Lagos"
1600717466364,satellite data geoglam show average crop yield expected major food producing state thsi season,Neutral,2024-10-12,"Oshodi, Lagos"
1711657842340,food insecurity ajeromi ifelodun lagos crisis level ipc indicator pointing phase nobody talking nigeria,Negative,2024-04-01,"Ajeromi-Ifelodun, Lagos"
1664713991855,bama yola people flee alimosho lagos food supply cant handle population pressure,Negative,2024-03-22,"Alimosho, Lagos"
1762377791683,lagos chamber commerce hold summit strategy stabilize food supply chain state lagossuffers,Neutral,2024-10-07,"Kosofe, Lagos"
1790358688968,research team covenant university develops nlp model monitor food crisis signal nigerian twitter,Neutral,2024-07-06,"Surulere, Lagos"
1726285961419,conflict north broken food supply chain way badagry lagos affected foodscarcity,Negative,2024-04-20,"Badagry, Lagos"
1620656600404,few net quarterly report flag lagos kano area requiring close food security monitoring coming month,Neutral,2023-01-16,"Kosofe, Lagos"
1717701096144,global food commodity price continue affect local market lagos trader say globaleconomy hardtimes,Neutral,2024-03-28,"Ikeja, Lagos"
1664967509557,bag bean last january apapa lagos tell engineered scarcity,Negative,2023-02-21,"Apapa, Lagos"
1643885830696,number child visible sign malnutrition mushin lagos school increasing teacher reporting lagossuffers,Negative,2024-10-10,"Mushin, Lagos"
1707347913975,satellite data geoglam show average crop yield expected major food producing state season,Neutral,2024-09-05,"Kosofe, Lagos"
1601406470575,bama yola people flee somolu lagos food supply handle population pressure endpoverty,Negative,2024-10-14,"Somolu, Lagos"
1601412414932,market survey eti osa lagos basket tomato cost compared period last year nigeriadecides,Neutral,2023-08-02,"Eti-Osa, Lagos"
1755171754637,advocated mental health check economic crisis poor salary barely put food table eti osa lagos,Negative,2024-06-03,"Eti-Osa, Lagos"
1686623233418,please let government came help badagry lagos people ebi kill every day,Negative,2023-01-17,"Badagry, Lagos"
1620457292042,neighbour fainted ti morning lagos island lagos doctor say hunger people die starvation endpoverty,Negative,2024-08-10,"Lagos Island, Lagos"
1620783688493,rice price drop slightly apapa lagos market government release emergency reserve little relief family foodcrisis,Positive,2024-09-02,"Apapa, Lagos"
1646871866153,opolopo eniyan jiya food cost lagos mainland lagos island pas roof naijaeconomy,Negative,2024-04-13,"Lagos Mainland, Lagos"
1693136254518,please let government came help shomolu lagos people ebi kill every day,Negative,2024-09-08,"Shomolu, Lagos"
1700033402926,government share food abuja camera epe lagos ground zero nothing reach ordinary people,Negative,2024-09-30,"Epe, Lagos"
1782713759831,oxfam nigeria call government implement emergency food subsidy urban poor lagos kano endpoverty,Neutral,2023-10-29,"Alimosho, Lagos"
1724503536780,want police soldier respect law salary cannot put food table lagos island lagos,Negative,2023-05-09,"Lagos Island, Lagos"
1798661502178,agric minister confirms new fertilizer subsidy reduce input cost farmer expected lower food price,Positive,2024-05-19,"Oshodi, Lagos"
1693244414950,price moimoi akara shomolu lagos doubled supposed food ordinary person,Negative,2024-06-14,"Shomolu, Lagos"
1765529144895,senate committee agriculture hold hearing food security situation minister fao representative,Neutral,2024-02-20,"Alimosho, Lagos"
1654218729255,news emergency food aid distribution begin three ajeromi ifelodun lagos lgas targeted lagos state government today lagossuffers,Neutral,2023-09-09,"Ajeromi-Ifelodun, Lagos"
1708076593705,opolopo eniyan jiya ninu apapa lagos owo ko si ounje ko si oluwa gba wa,Negative,2024-11-29,"Apapa, Lagos"
1794204129315,old mama lagos mainland lagos say never eat two day nobody care poor sdg,Negative,2023-02-05,"Lagos Mainland, Lagos"
1651625626076,number people begging somolu lagos street doubled last six month normal economichardship,Negative,2024-02-20,"Somolu, Lagos"
1667516142229,hunger kill people mushin lagos government eat alone wickedness highest level zerohunger,Negative,2023-02-28,"Mushin, Lagos"
1750294438245,praise god foodbank agege lagos got massive donation today family eat week,Positive,2024-06-21,"Agege, Lagos"
1669742237217,good news epe lagos local farmer cooperative report increase food production planting season,Positive,2023-08-02,"Epe, Lagos"
1669141572325,yeparipa eba reach shomolu lagos eat sand soon naijaproblems,Negative,2024-11-01,"Shomolu, Lagos"
1760305688410,government stop hunger abandoned baruwa lagos completely,Negative,2024-08-17,"Baruwa, Lagos"
1728895333223,ojo lagos hunger respect anybody rich poor everybody feel,Negative,2024-04-09,"Ojo, Lagos"
1627442009231,government official eat million people die hunger ajeromi ifelodun lagos shame,Negative,2024-04-17,"Ajeromi-Ifelodun, Lagos"
1610606137324,exaggerating say food situation mushin lagos humanitarian emergency waiting declared,Negative,2024-06-19,"Mushin, Lagos"
1674946177715,good news kosofe lagos local farmer cooperative report increase food production planting season sdg,Positive,2023-07-29,"Kosofe, Lagos"
1706178352726,fuel price go food price go transport go salary stay loyal nigeria inflation,Negative,2023-03-09,"Lagos Island, Lagos"
1602010176050,international monetary fund warns nigeria food inflation could remain elevated without reform economichardship,Neutral,2023-04-25,"Lagos Island, Lagos"
1753995603097,great news ajeromi ifelodun lagos resident community food cooperative launch help family access affordable food foodcrisis,Positive,2024-10-10,"Ajeromi-Ifelodun, Lagos"
1607468026749,irony ifako ijaiye lagos commercial hub nigeria million resident bed hungry every night inflation,Negative,2024-05-19,"Ifako-Ijaiye, Lagos"
1766150646374,bread cost naira three month ago naira today apapa lagos cause,Negative,2023-05-15,"Apapa, Lagos"
1674407143138,child area apapa lagos visibly malnourished crisis nobody talking,Negative,2023-07-28,"Apapa, Lagos"
1644466222568,global food commodity price continue affect local market lagos trader say globaleconomy,Neutral,2024-12-18,"Ikorodu, Lagos"
1684626059587,noodle last option poor people epe lagos increase price supposed eat endpoverty,Negative,2024-09-18,"Epe, Lagos"
1727113404487,armed force salary cannot buy food tehir family baruwa lagos corruption abuse power start,Negative,2024-06-23,"Baruwa, Lagos"
1651751003995,academic paper published sentiment analysis nigerian twitter reveals early warning signal food crisis foodcrisis,Neutral,2024-02-15,"Alimosho, Lagos"
1616311932792,start fuel price rippling economy fertilizer shortage let food price worse season alimosho lagos nigeria,Negative,2024-04-02,"Alimosho, Lagos"
1715412709958,budget passed billion allocated food security yet lagos mainland lagos resident starving money,Negative,2024-03-27,"Lagos Mainland, Lagos"
1737414921109,restaurant ikeja lagos closing even middle class longer afford eat regularly lagossuffers,Negative,2023-04-10,"Ikeja, Lagos"
1697344155212,old mama lagos mainland lagos say never eat two day nobody care poor lagospalliative,Negative,2024-05-01,"Lagos Mainland, Lagos"
1631346570477,displaced family borno zamfara surulere lagos competing already scarce food resource,Negative,2024-09-10,"Surulere, Lagos"
1697740300153,federal ministry agriculture release emergency food reserve stock state including lagos economichardship,Neutral,2023-07-20,"Ikorodu, Lagos"
1782864372501,child area lagos island lagos visibly malnourished crisis nobody talking,Negative,2023-12-01,"Lagos Island, Lagos"
1662328433493,new study university lagos examines relationship twitter sentiment food price trend nigeria,Neutral,2023-08-28,"Eti-Osa, Lagos"
1771985670777,farmer ojo lagos outskirt say longer afford fertilizer current price next harvest disaster,Negative,2024-02-01,"Ojo, Lagos"
1749025794645,eba vegetable soup used affordable meal kosofe lagos hustler even become expensive,Negative,2024-05-30,"Kosofe, Lagos"
1781843149773,kind country baruwa lagos man work hard every day cannot afford eat three time nonsense foodcrisis,Negative,2023-06-16,"Baruwa, Lagos"
1721911200366,exaggerating say thee food situation ajeromi ifelodun lagos humanitarian emergency waiting declared zerohunger,Negative,2023-02-15,"Ajeromi-Ifelodun, Lagos"
1678552661038,child area oshodi lagos visibly malnourished crisis nobody talking endpoverty,Negative,2024-05-12,"Oshodi, Lagos"
1781376914954,serious food scarcity lagos mainland lagos right market shelf empty trader say supply chain broken sdg,Negative,2023-08-02,"Lagos Mainland, Lagos"
1793701212255,bama yola people flee alimosho lagos food supply handle population pressure,Negative,2023-05-10,"Alimosho, Lagos"
1663847706227,price kg bag rice epe lagos market currently stand according trader marketupdate,Neutral,2024-08-14,"Epe, Lagos"
1779785219881,palm oil groundnut oil everything skyrocket oshodi lagos cooking self become unaffordable,Negative,2024-08-31,"Oshodi, Lagos"
1646607254596,bread cost naira three month ago naira today kosofe lagos cause,Negative,2024-05-14,"Kosofe, Lagos"
1674349961112,see kind suffering badagry lagos child school empty stomach every day,Negative,2024-05-18,"Badagry, Lagos"
1658167330697,few net quarterly report flag lagos kano area requiring close food security monitoring coming month nigeria,Neutral,2023-07-29,"Lagos Island, Lagos"
1738950533795,know three family baruwa lagos eaten proper meal day exaggerating hardtimes,Negative,2023-03-17,"Baruwa, Lagos"
1666141005411,government stop hunger abandoned baruwa lagos completely,Negative,2023-06-01,"Baruwa, Lagos"
1750461768681,pilot urban farming project ikeja lagos yield first harvest prof city food production possible,Positive,2024-09-17,"Ikeja, Lagos"
1626684002387,farmer apapa lagos outskirt say longer afford fertilizer current price next harvest disaster lagospalliative,Negative,2023-06-29,"Apapa, Lagos"
1632947226895,psychological trauma knowing next meal came destroying kosofe lagos community,Negative,2023-10-07,"Kosofe, Lagos"
1662498921273,praise god foodbank badagry lagos got massive donation today family eat week,Positive,2024-05-06,"Badagry, Lagos"
1745367000429,lie thing hard alimosho lagos beyond social medium even describe real life suffering happen,Negative,2023-05-08,"Alimosho, Lagos"
1782516095892,first batch subsidized food federal strategic reserve arrives oshodi lagos distribution point today,Positive,2023-05-18,"Oshodi, Lagos"
1770032293850,nb data show food inflation lagos reached highest five year economy naijaproblems,Neutral,2024-04-28,"Ikeja, Lagos"
1788217033009,eat since morning wallet empty food house ifako ijaiye lagos life become survival fittest,Negative,2024-03-01,"Ifako-Ijaiye, Lagos"
1717728399160,food scarcity natural policy failure alimosho lagos resident paying life health,Negative,2024-02-10,"Alimosho, Lagos"
1788172182178,mama cry baruwa lagos say feed four child today god please nigeria,Negative,2023-05-05,"Baruwa, Lagos"
1686574225544,pain see alimosho lagos people suffer food government waste money,Negative,2024-06-12,"Alimosho, Lagos"
1644556958151,price kg bag rice apapa lagos market currently stand according trader marketupdate,Neutral,2023-11-05,"Apapa, Lagos"
1763773660146,oxfam nigeria call government implement emergency food subsidy urban poor lagos kano foodscarcity,Neutral,2024-09-01,"Ajeromi-Ifelodun, Lagos"
1652907197775,cost feeding family four lagos risen per month two year,Neutral,2023-05-10,"Ikorodu, Lagos"
1619240272368,indomie da food last resort many family oshodi lagos increased price deliberate suffering,Negative,2024-12-09,"Oshodi, Lagos"
1714376336968,serious food scarcity lagos island lagos right market shelf empty trader say supply chain broken lagos,Negative,2023-10-09,"Lagos Island, Lagos"
1627878111728,palm oil groundnut oil everything skyrocket oshodi lagos cooking self become unaffordable,Negative,2023-01-13,"Oshodi, Lagos"
1754828502411,federal government emergency food intervention reach lagos island lagos today household receive support naijaproblems,Positive,2024-10-05,"Lagos Island, Lagos"
1797748439962,federal ministry agriculture release emergency food reserve stock state including lagos foodscarcity,Neutral,2023-03-07,"Oshodi, Lagos"
1658424588613,new study university lagos examines relationship twitter sentiment food price trend nigeria,Neutral,2023-02-07,"Shomolu, Lagos"
1766791807438,federal government import metric tonne rice stabilize price city including lagos,Neutral,2023-05-29,"Ikorodu, Lagos"
1667074406190,food insecurity ikeja lagos crisis level ipc indicator pointing phase nobody talking foodscarcity,Negative,2024-10-24,"Ikeja, Lagos"
1607812229595,semovita finish shop oshodi lagos supplier say factory ration production raw material cost,Negative,2024-08-03,"Oshodi, Lagos"
1741535548799,cost feeding family four lagos risen per month two year,Neutral,2024-11-19,"Somolu, Lagos"
1645062026266,ifako ijaiye lagos hunger respect anybody rich poor everybody feel nigeria,Negative,2023-04-23,"Ifako-Ijaiye, Lagos"
1635787894918,empty stall everywhere surulere lagos market today wholesale supply dried completely foodscarcity,Negative,2023-02-15,"Surulere, Lagos"
1724877654548,market watch price key food commodity surulere lagos reviewed weekly lagos consumer protection council,Neutral,2024-07-05,"Surulere, Lagos"
1665675960901,kind country surulere lagos man work hard every day cannt afford eat three time nonsense naijaeconomy,Negative,2023-07-29,"Surulere, Lagos"
1793665225854,child shomolu lagos sleep hungry every night beg government let hear endpoverty,Negative,2023-04-08,"Shomolu, Lagos"
1657954482889,number people begging oshodi lagos street doubled last six month normal inflation,Negative,2023-12-17,"Oshodi, Lagos"
1792409474327,pepper tomato onion combination extremely scarce expensive ifako ijaiye lagos market cooking become gold economichardship,Negative,2023-10-22,"Ifako-Ijaiye, Lagos"
1655391170426,federal government import metric tonne rice stabilize price city including lagos,Neutral,2023-01-14,"Alimosho, Lagos"
1689899665138,oxfam nigeria call government implement emergency food subsidy urban poor lagos kano,Neutral,2024-01-26,"Alimosho, Lagos"
1736147530460,pepper tomato onion combination extremely scarce expensive alimosho lagos market cooking become gold,Negative,2024-10-26,"Alimosho, Lagos"
1734100995605,small win price indomie noodle remains stable baruwa lagos despite general inflation least one thing holding nigeria,Positive,2024-04-24,"Baruwa, Lagos"
1756676817964,federal government emergency food intervention reach apapa lagos today household receive support,Positive,2024-08-31,"Apapa, Lagos"
1723745644608,neighbour fainted morning alimosho lagos doctor say hunger people die starvation zerohunger,Negative,2023-01-17,"Alimosho, Lagos"
1768050365909,man collapsed hunger near ifako ijaiye lagos today food hope country finish foodprices,Negative,2024-07-10,"Ifako-Ijaiye, Lagos"
1710225912684,food security stakeholder gather ikorodu lagos quarterly review meeting hunger mitigation strategy foodcrisis,Neutral,2023-08-23,"Ikorodu, Lagos"
1626321199359,uncle ikeja lagos said cried first time adult life last night could feed child,Negative,2024-02-01,"Ikeja, Lagos"
1626129011421,subsidy removal supposed free fund investment tell one person apapa lagos benefited,Negative,2024-07-28,"Apapa, Lagos"
1605074322793,mama tunde lagos island lagos say sell cooking pot afford food heartbreaking foodcrisis,Negative,2024-12-31,"Lagos Island, Lagos"
1645685459491,nigeria food import bill rose billion amid declining local agricultural productivity,Neutral,2023-12-16,"Somolu, Lagos"
1798703800680,bread cost naira three month ago naira today lagos island lagos cause thsi,Negative,2024-01-11,"Lagos Island, Lagos"
1768409319166,know three family ojo lagos eaten proper meal day exaggerating lagossuffers,Negative,2024-05-31,"Ojo, Lagos"
1636575027612,man collapsed hunger near somolu lagos today food hope country finish,Negative,2024-12-17,"Somolu, Lagos"
1793516685329,few net lagos categorized ipc phase stress level pocket phase crisis informal settlement hunger,Neutral,2024-01-20,"Ajeromi-Ifelodun, Lagos"
1719789440527,ngo working ojo lagos report increase demand emergency food assistance since january,Neutral,2024-09-05,"Ojo, Lagos"
1664477286333,farmer herder clash reduced produce coming oshodi lagos almost half according trader oyingbo foodprices,Negative,2023-02-17,"Oshodi, Lagos"
1611338707770,food scarcity natural policy failure apapa lagos resident paying life health economichardship,Negative,2024-09-11,"Apapa, Lagos"
1719959132332,ground report eti osa lagos street food vendor adjusting portion size manage rising ingredient cost,Neutral,2023-05-29,"Eti-Osa, Lagos"
1707426741543,food security stakeholder gather oshodi lagos quarterly review meeting hunger mitigation strategy foodprices,Neutral,2023-02-04,"Oshodi, Lagos"
1756098505055,new food bank open oshodi lagos struggling feed family please walk form stress sdg,Positive,2023-07-05,"Oshodi, Lagos"
1772042012554,snack shop near epe lagos increased food price approximately due gas crisis wareffects inflation lagospalliative,Negative,2023-04-18,"Epe, Lagos"
1789244989978,woman oshodi lagos said mixing garri water child afford,Negative,2023-10-30,"Oshodi, Lagos"
1661613136477,actionaid nigeria release report impact food insecurity woman headed household apapa lagos foodprices,Neutral,2023-09-12,"Apapa, Lagos"
1681968244016,school dropout rate lagos island lagos rising parent cannot afford school fee food time,Negative,2024-07-26,"Lagos Island, Lagos"
1789587875222,actionaid nigeria release report impact food insecurity woman headed household surulere lagos,Neutral,2023-01-27,"Surulere, Lagos"
1788421787467,agric minister confirms new fertilizer subsidy reduce input cost farmer expected lower food price naijaproblems,Positive,2023-07-23,"Mushin, Lagos"
1606401499909,food price kosofe lagos gone completely control market woman today told tomato luxury item economichardship,Negative,2024-05-18,"Kosofe, Lagos"
1789791794128,domestic violence case ajeromi ifelodun lagos linked food stress hungry people become desperate people,Negative,2023-05-07,"Ajeromi-Ifelodun, Lagos"
1707466453471,food scarcity natural policy failure ojo lagos resident paying life health zerohunger,Negative,2024-08-11,"Ojo, Lagos"
1662293512854,snack shop near ikeja lagos increase price gas problem suffer,Negative,2024-09-21,"Ikeja, Lagos"
1665339932379,food scarcity natural policy failure lagos mainland lagos resident paying life health nigeria,Negative,2024-05-07,"Lagos Mainland, Lagos"
1721700807526,last time bought cooking oil kosofe lagos market three month ago price gone,Negative,2024-05-17,"Kosofe, Lagos"
1798545078863,lagos state opened new food distribution centre alimosho lagos finally government try small goodnews hardtimes,Positive,2024-04-11,"Alimosho, Lagos"
1723781264244,number child visible sign malnutrition agege lagos school increasing teacher reporting,Negative,2024-01-29,"Agege, Lagos"
1765355507398,reach level share one wrap eba three people kosofe lagos god help inflation,Negative,2024-07-02,"Kosofe, Lagos"
1784199476699,sharp sharp price ifako ijaiye lagos pas roof shout manage,Negative,2023-05-01,"Ifako-Ijaiye, Lagos"
1656868496502,subsidy removal supposed free fund investment tell one person epe lagos benefited,Negative,2024-08-20,"Epe, Lagos"
1608420949471,pepper tomato onion combination extremely scarce expensive alimosho lagos market cooking become gold lagossuffers,Negative,2024-12-03,"Alimosho, Lagos"
1630958151875,lagos resident spend average household income food new survey nb reveals,Neutral,2023-05-15,"Ikeja, Lagos"
1717789968642,unicef report highlight rising acute malnutrition among five child urban lagos slum lagossuffers,Neutral,2024-03-21,"Oshodi, Lagos"
1621990134256,price bag rice ajeromi ifelodun lagos tripled less year family supposed survive foodcrisis,Negative,2024-09-11,"Ajeromi-Ifelodun, Lagos"
1786638003631,government release palliative apapa lagos today rice bean garri least something small reach people suffering,Positive,2024-10-12,"Apapa, Lagos"
1676393448187,neighbour fainted morning shomolu lagos doctor say hunger peopo die starvation,Negative,2023-09-23,"Shomolu, Lagos"
1708986113513,eyan eti osa lagos ti fr ta gbogbo ohun ini lat le ra ounje ebi pa gbogbo eniyan,Negative,2023-07-23,"Eti-Osa, Lagos"
1675809756463,lovely initiative church mosque shomolu lagos joined force provide daily meal hungry family,Positive,2024-12-10,"Shomolu, Lagos"
1722457898424,senate committee agriculture hold hearing food security situation minister fao representative,Neutral,2023-04-16,"Shomolu, Lagos"
1633720706904,supply chain staple food item mushin lagos completely broken government must act,Negative,2024-04-26,"Mushin, Lagos"
1617208145100,new food bank open ikeja lagos struggling feed family please walk form stress,Positive,2024-09-23,"Ikeja, Lagos"
1676234820749,tomato naira last year reach somolu lagos market inflation kill,Negative,2024-12-12,"Somolu, Lagos"
1624052221578,lagos chamber commerce hold summit strategy stabilize food supply chain state lagos,Neutral,2024-03-29,"Mushin, Lagos"
1631335207791,ncdc monitoring nutrition related health admission lagos hospital amid rising food insecurity report tinubu,Neutral,2024-04-17,"Agege, Lagos"
1758181561639,new study university lagos examines relationship twitter sentiment food price trend nigeria lagos,Neutral,2023-07-23,"Somolu, Lagos"
1605674725112,finally mobile food market come ifako ijaiye lagos bringing affordable produce directly underserved community,Positive,2024-11-04,"Ifako-Ijaiye, Lagos"
1760639498633,please let government came help ifako ijaiye lagos people ebi kill every day,Negative,2023-02-16,"Ifako-Ijaiye, Lagos"
1609914239192,lagos resident spend average household income food new survey nb reveals,Neutral,2023-12-27,"Apapa, Lagos"
1697739271636,school dropout rate badagry lagos rising parent cannot afford school fee food time,Negative,2024-03-25,"Badagry, Lagos"
1697405848335,child area surulere lagos visibly malnourished crisis nobody talking,Negative,2023-12-06,"Surulere, Lagos"
1639470199348,lagos state agricultural development authority hold meeting strategy reduce food import dependency,Neutral,2024-11-10,"Apapa, Lagos"
1745814420382,woman mushin lagos forced dangerous situation feed family hunger real,Negative,2023-05-22,"Mushin, Lagos"
1641464559819,beggar street apapa lagos increasing daily people cannot feed family anymore,Negative,2023-06-14,"Apapa, Lagos"
1603898595925,psychological trauma knowing next meal came destroying somolu lagos community,Negative,2023-10-15,"Somolu, Lagos"
1708094846205,lagos state opened new food distribution centre kosofe lagos finally government try small goodnews tinubu,Positive,2024-01-27,"Kosofe, Lagos"
1695019346445,number people begging ojo lagos street doubled last six month normal,Negative,2024-01-21,"Ojo, Lagos"
1716280886478,actionaid nigeria release report impact food insecurity woman headed household somolu lagos lagospalliative,Neutral,2024-05-20,"Somolu, Lagos"
1614605386871,supply chain staple food item ajeromi ifelodun lagos completely broken government must act tinubu,Negative,2024-08-06,"Ajeromi-Ifelodun, Lagos"
1684806511799,serious food scarcity ajeromi ifelodun lagos right market shelf empty trader say supply chain broken,Negative,2023-01-24,"Ajeromi-Ifelodun, Lagos"
1731422273897,great news ikorodu lagos resident community food cooperative launch help family access affordable food,Positive,2023-06-17,"Ikorodu, Lagos"
1673460788052,food scarcity natural policy failure baruwa lagos resident paying life health foodprices,Negative,2024-05-26,"Baruwa, Lagos"
1739310906922,yeparipa eba reach epe lagos eat sand soon naijaproblems foodprices,Negative,2024-10-29,"Epe, Lagos"
1667962945684,snack shop near lagos mainland lagos increased food price approximately due gas crisis wareffects inflation suffering,Negative,2023-12-12,"Lagos Mainland, Lagos"
1692132595862,uncle ojo lagos said cried da first time adult life last night could feed child naijaeconomy,Negative,2023-05-05,"Ojo, Lagos"
1718316097651,central bank nigeria attribute food inflation partly exchange rate pas imported food item lagos,Neutral,2024-05-06,"Baruwa, Lagos"
1668864538052,joint statement ngo food situation agege lagos requires urgent coordinated humanitarian response,Neutral,2023-12-05,"Agege, Lagos"
1745312610632,pain see ikeja lagos people suffer food government waste money,Negative,2023-07-15,"Ikeja, Lagos"
1775610869816,finally mobile food market come surulere lagos bringing affordable produce directly underserved community,Positive,2024-03-21,"Surulere, Lagos"
1675969348844,microfinance bank launch special loan product food vendor market woman somolu lagos help,Positive,2023-11-03,"Somolu, Lagos"
1709230185747,uncle lagos mainland lagos said cried first time adult life last night could feed child foodprices,Negative,2023-01-30,"Lagos Mainland, Lagos"
1703088666646,lagos state opened new food distribution centre baruwa lagos finally government try small goodnews,Positive,2024-03-10,"Baruwa, Lagos"
1724854610944,neighbour fainted morning baruwa lagos doctor say hunger people die starvation,Negative,2023-02-28,"Baruwa, Lagos"
1675380289914,government share food abuja camera ajeromi ifelodun lagos ground zero nothing reach ordinary people,Negative,2023-05-09,"Ajeromi-Ifelodun, Lagos"
1762825415254,subsidy removal supposed free fund investment tell one person ifako ijaiye lagos benefited foodprices,Negative,2023-10-22,"Ifako-Ijaiye, Lagos"
1706893654637,bos apapa lagos cut canteen budget food vendor cannot maintain affordable price anymore,Negative,2024-09-21,"Apapa, Lagos"
1705853724453,start fuel price rippling economy fertilizer shortage let food price worse season oshodi lagos,Negative,2024-01-23,"Oshodi, Lagos"
1710965647777,start fuel price rippling economy fertilizer shortage let food price worse season ifako ijaiye lagos,Negative,2024-05-22,"Ifako-Ijaiye, Lagos"
1786285962859,pilot urban farming project epe lagos yield first harvest prof city food production possible inflation,Positive,2024-12-03,"Epe, Lagos"
1758781692583,plantain grow right eti osa lagos outskirt reach per finger local food inflation crazy,Negative,2024-10-14,"Eti-Osa, Lagos"
1785901780338,few net lagos categorized ipc phase stress level pocket phase crisis informal settlement,Neutral,2023-09-03,"Ojo, Lagos"
1653744918819,want police soldier respect law salary cannot put food table lagos island lagos,Negative,2024-02-14,"Lagos Island, Lagos"
1793636575800,lasg governor approves billion food subsidy fund low income family across lagos lgas progress lagospalliative,Positive,2023-10-02,"Lagos Island, Lagos"
1790656254221,semovita finish shop ifako ijaiye lagos supplier say factory ration production raw material cost nigeria,Negative,2023-11-12,"Ifako-Ijaiye, Lagos"
1665058832449,insecurity made farming impossible north lagos mainland lagos market running dwindling reserve inflation,Negative,2023-04-16,"Lagos Mainland, Lagos"
1636961241767,rice reach per bag ifako ijaiye lagos person eat foodcrisis lagos nigeria,Negative,2023-05-22,"Ifako-Ijaiye, Lagos"
1620553057929,food scarcity natural policy failure apapa lagos resident paying life health,Negative,2024-07-07,"Apapa, Lagos"
1609033549389,trader badagry lagos market confirm food price percent three month inflationng sdg,Negative,2023-03-16,"Badagry, Lagos"
1792658554329,opolopo eniyan jiya ninu epe lagos owo ko si ounje ko si oluwa gba wa,Negative,2023-05-26,"Epe, Lagos"
1644571728649,pain see apapa lagos people suffer food government waste money,Negative,2024-02-18,"Apapa, Lagos"
1791304623139,student unilag volunteer distribute food hunger affected family ikeja lagos community love,Positive,2024-11-10,"Ikeja, Lagos"
1633753066826,joint statement ngo food situation ikeja lagos requires urgent coordinated humanitarian response naijaproblems,Neutral,2023-05-27,"Ikeja, Lagos"
1632360838802,yeparipa eba reach lagos island lagos eat sand soon naijaproblems,Negative,2023-01-02,"Lagos Island, Lagos"
1689336012943,farmer herder clash reduced produce coming mushin lagos almost half according trader oyingbo,Negative,2024-02-27,"Mushin, Lagos"
1730109384802,lagos resident spend average household income food new survey nb reveals,Neutral,2024-04-23,"Agege, Lagos"
1747718991653,school feeding program resume ikorodu lagos primary school today brief suspension child happy,Positive,2023-12-03,"Ikorodu, Lagos"
1768526771192,news emergency food aid distribution begin three eti osa lagos lgas targeted lagos state government today,Neutral,2023-02-03,"Eti-Osa, Lagos"
1778295665438,ncdc monitoring nutrition related health admission lagos hospital amid rising food insecurity report,Neutral,2024-02-26,"Oshodi, Lagos"
1783804522197,rice reach per bag mushin lagos person eat foodcrisis lagos suffering,Negative,2024-11-05,"Mushin, Lagos"
1603384696270,market survey kosofe lagos basket tomato cost compared period last year,Neutral,2024-09-12,"Kosofe, Lagos"
1731221970959,hunger kill people oshodi lagos government eat alone wickedness highest level,Negative,2023-02-23,"Oshodi, Lagos"
1697726364218,snack shop near apapa lagos increase price becus gas problem suffer sdg,Negative,2024-02-14,"Apapa, Lagos"
1649642297370,snack shop near ifako ijaiye lagos increased food price approximately due gas crisis wareffects inflation,Negative,2023-10-28,"Ifako-Ijaiye, Lagos"
1797841423091,expert call policy intervention nigeria global hunger index score worsens nigeria,Neutral,2023-08-02,"Ojo, Lagos"
1659520000833,price kg bag rice ajeromi ifelodun lagos market currently stand according trader marketupdate,Neutral,2023-03-10,"Ajeromi-Ifelodun, Lagos"
1709824268070,humanitarian organization call increased funding address food crisis affecting lagos urban poor community nigeriadecides,Neutral,2024-04-28,"Ikorodu, Lagos"
1660202218913,new food bank open apapa lagos struggling feed family please walk form stress,Positive,2023-06-21,"Apapa, Lagos"
1710513609624,old mama lagos mainland lagos say never eat two day nobody care thee poor,Negative,2024-04-29,"Lagos Mainland, Lagos"
1775051332233,imagine going ojo lagos government stop people hungry act,Negative,2023-12-26,"Ojo, Lagos"
1664897811311,price bag rice ojo lagos tripled less year family supposed survive hunger,Negative,2023-01-17,"Ojo, Lagos"
1730561614759,egg per piece alimosho lagos say poultry feed cost plenty pay price,Negative,2023-11-05,"Alimosho, Lagos"
1756238370128,lie thing hard surulere lagos beyond social medium even describe real life suffering happen foodscarcity,Negative,2024-05-10,"Surulere, Lagos"
1668385643813,new direct farmer market ifako ijaiye lagos reducing price compared regular market,Positive,2023-03-10,"Ifako-Ijaiye, Lagos"
1615451027008,loaf sliced bread ajeromi ifelodun lagos bakery today naira last year naira explain lagos,Negative,2023-06-29,"Ajeromi-Ifelodun, Lagos"
1716866844737,price bag rice ikeja lagos tripled less year family supposed survive,Negative,2024-08-16,"Ikeja, Lagos"
1672687295087,market watch price key food commodity ikeja lagos reviewed weekly lagos consumer protection council,Neutral,2023-03-11,"Ikeja, Lagos"
1607410172562,government share food abuja camera ifako ijaiye lagos ground zero nothing reach ordinary people,Negative,2024-09-27,"Ifako-Ijaiye, Lagos"
1719219180168,beg government let intervene food price lagos mainland lagos people suffer silence,Negative,2023-08-26,"Lagos Mainland, Lagos"
1736164635272,want police soldier respect law dir salary cannot put food table baruwa lagos naijaeconomy,Negative,2024-02-07,"Baruwa, Lagos"
1622227459264,wa price yam lagos mainland lagos higher teh price petrol per litre something wrong foodprices,Negative,2024-07-01,"Lagos Mainland, Lagos"
1790587906670,noodle last option poor people lagos island lagos increase price supposed eat foodscarcity,Negative,2023-04-26,"Lagos Island, Lagos"
1607649631356,community garden initiative alimosho lagos begin harvest providing fresh vegetable local family,Positive,2024-06-30,"Alimosho, Lagos"
1773452383167,advocated mental health check economic crisis poor salary barely put food table epe lagos,Negative,2023-02-19,"Epe, Lagos"
1620002835309,federal government inaugurates food price monitoring committee track inflation across state including lagos,Neutral,2024-03-01,"Kosofe, Lagos"
1623177147544,tomato naira last year reach baruwa lagos market inflation kill hunger,Negative,2024-03-05,"Baruwa, Lagos"
1797492842268,woman somolu lagos said mixing garri water child afford,Negative,2023-03-28,"Somolu, Lagos"
1755561188230,engineered scarcity nigeria feeding west africa people starve apapa lagos lagos,Negative,2024-02-02,"Apapa, Lagos"
1686093459446,international food aid organization begin registration vulnerable household mushin lagos monthly food support hardtimes,Positive,2023-12-28,"Mushin, Lagos"
1661384718385,bama yola people flee shomolu lagos food supply cannot handle population pressure,Negative,2023-08-25,"Shomolu, Lagos"
1707809125536,humanitarian organization call increased funding address food crisis affecting lagos urban poor community suffering,Neutral,2024-07-05,"Ikorodu, Lagos"
1681866031767,know three family somolu lagos eaten proper meal day exaggerating,Negative,2023-11-19,"Somolu, Lagos"
1726636076641,eat eba without soup even thank god agege lagos living enduring lagossuffers,Negative,2023-03-11,"Agege, Lagos"
1790129823786,loaf sliced bread agege lagos bakery today naira last year naira explain,Negative,2023-03-27,"Agege, Lagos"
1665452218110,indomie food last resort many family badagry lagos increased price deliberate suffering sdg,Negative,2023-02-21,"Badagry, Lagos"
1676870504095,first batch subsidized food federal strategic reserve arrives eti osa lagos distribution point today,Positive,2024-05-23,"Eti-Osa, Lagos"
1672421060044,stockfish poor family depend epe lagos disappeared market become expensive buy,Negative,2023-07-11,"Epe, Lagos"
1630419694252,child agege lagos sleep hungry every night beg government let hear,Negative,2024-05-15,"Agege, Lagos"
1778693767783,psychological trauma knowing next meal came destroying apapa lagos community,Negative,2024-02-09,"Apapa, Lagos"
1700307591533,farmer badagry lagos outskirt say longer afford fertilizer current price next harvest disaster inflation,Negative,2023-11-14,"Badagry, Lagos"
1658259418799,rice reach per bag agege lagos person eat foodcrisis lagos foodscarcity,Negative,2023-03-12,"Agege, Lagos"
1760782930867,household food budget crisis agege lagos price outpace income significantly naijaeconomy,Negative,2024-09-06,"Agege, Lagos"
1741419900314,kind country mushin lagos man work hard every day cannot afford eat three time nonsense endpoverty,Negative,2023-04-21,"Mushin, Lagos"
1720899690334,cadre harmonis assessment million people southwest nigeria face acute food insecurity lean season,Neutral,2024-05-01,"Kosofe, Lagos"
1717609286388,plantain grow right badagry lagos outskirt reach per finger local food inflation crazy,Negative,2023-07-24,"Badagry, Lagos"
1781495132601,opolopo eniyan jiya food cost alimosho lagos island pas roof naijaeconomy foodcrisis,Negative,2024-05-02,"Alimosho, Lagos"
1667653366158,lie thing hard epe lagos beyond social medium even describe real life suffering happen,Negative,2024-10-14,"Epe, Lagos"
1614482022253,seen price baby food diaper rent badagry lagos person manage hunger,Negative,2024-06-06,"Badagry, Lagos"
1722433602756,engineered scarcity nigeria feeding west africa people starve kosofe lagos,Negative,2023-03-12,"Kosofe, Lagos"
1606365144668,swr tire food money hope shomolu lagos suffering end hunger,Negative,2024-01-26,"Shomolu, Lagos"
1638001640829,number people begging kosofe lagos street doubled last six month normal,Negative,2023-12-19,"Kosofe, Lagos"
1605678735227,armed force salary cannot buy food family baruwa lagos corruption abuse power start,Negative,2024-10-10,"Baruwa, Lagos"
1670369717733,know three family kosofe lagos eaten proper meal day exaggerating,Negative,2024-10-14,"Kosofe, Lagos"
1765200314647,last time bought cooking oil somolu lagos markeet three month ago price gone lagospalliative,Negative,2024-07-17,"Somolu, Lagos"
1703713926169,sharp sharp price shomolu lagos pas roof shout manage,Negative,2024-04-02,"Shomolu, Lagos"
1714963862068,child cry food since last night get anything give oshodi lagos suffering nigeria,Negative,2024-03-09,"Oshodi, Lagos"
1653691716436,shomolu lagos hunger respect anybody rich poor everybody feel,Negative,2023-08-05,"Shomolu, Lagos"
1690219247045,domestic violence case eti osa lagos linked food stress hungry people become desperate people,Negative,2023-02-14,"Eti-Osa, Lagos"
1788013254181,new direct farmer market agege lagos reducing price compared regular market hardtimes,Positive,2024-08-19,"Agege, Lagos"
1770034127912,lagos state agricultural development authority hold meeting strategy reduce food import dependency naijaproblems,Neutral,2023-03-02,"Ikeja, Lagos"
1661587740595,want police soldier respect law salary cannot put food table shomolu lagos inflation,Negative,2023-12-08,"Shomolu, Lagos"
1669041780419,snack shop near ajeromi ifelodun lagos increased food price approximately due gas crisis wareffects inflation,Negative,2023-12-04,"Ajeromi-Ifelodun, Lagos"
1690795230889,market survey baruwa lagos basket tomato cost compared period last year naijaeconomy,Neutral,2024-06-17,"Baruwa, Lagos"
1788429222229,know three family shomolu lagos eaten proper meal day exaggerating,Negative,2023-06-08,"Shomolu, Lagos"
1712787774395,cadre harmonis assessment million people southwest nigeria face acute food insecurity lean season,Neutral,2023-04-19,"Ifako-Ijaiye, Lagos"
1786289015408,new usaid funded study track social medium signal food insecurity nigerian urban centre,Neutral,2024-05-08,"Badagry, Lagos"
1783273436009,beggar street surulere lagos increasing daily people cannot feed family anymore,Negative,2023-04-03,"Surulere, Lagos"
1684910820760,see kind suffering shomolu lagos child school empty stomach every day,Negative,2024-12-07,"Shomolu, Lagos"
1667200539464,bag bean last january alimosho lagos tell engineered scarcity,Negative,2023-04-24,"Alimosho, Lagos"
1635314458649,child mushin lagos sleep hungry every night beg government let hear,Negative,2023-07-22,"Mushin, Lagos"
1781610697061,household food budget crisis somolu lagos price outpace income significantly naijaeconomy,Negative,2024-08-09,"Somolu, Lagos"
1706549849580,woman lagos mainland lagos said mixing garri water child afford,Negative,2024-11-03,"Lagos Mainland, Lagos"
1784713797924,dangote group donates bag rice litre oil food bank serving lagos mainland lagos community foodscarcity,Positive,2024-05-22,"Lagos Mainland, Lagos"
1620560060641,know three family surulere lagos eaten proper meal day exaggerating,Negative,2023-08-13,"Surulere, Lagos"
1753012777971,unicef report highlight rising acute malnutrition among five kid urban lagos slum,Neutral,2024-11-27,"Lagos Mainland, Lagos"
1637492866457,lagos state food bank initiative record increase demand low income household,Neutral,2023-03-09,"Ajeromi-Ifelodun, Lagos"
1689403099478,area lagos mainland lagos get stable food supply since fuel subsidy removal thing get worse,Negative,2024-12-25,"Lagos Mainland, Lagos"
1638738008264,restaurant ojo lagos closing even middle class longer afford eat regularly suffering,Negative,2023-02-20,"Ojo, Lagos"
1790156020467,eba vegetable soup used affordable meal eti osa lagos hustler even become expensive,Negative,2023-05-13,"Eti-Osa, Lagos"
1792547121359,household food budget crisis shomolu lagos price outpace income significantly naijaeconomy,Negative,2023-04-03,"Shomolu, Lagos"
1696965602581,depression anxiety rising mushin lagos people struggle feed hunger mental health crisis,Negative,2024-11-21,"Mushin, Lagos"
1764970481804,irony lagos mainland lagos commercial hub nigeria million resident bed hungry every night,Negative,2024-09-20,"Lagos Mainland, Lagos"
1670858501546,joint statement ngo foood situation kosofe lagos requires urgent coordinated humanitarian response economichardship,Neutral,2024-07-26,"Kosofe, Lagos"
1744785426312,microfinance bank launch special loan product food vendor market woman alimosho lagos help,Positive,2024-03-11,"Alimosho, Lagos"
1790668851053,opolopo eniyan jiya food cost lagos mainland lagos island pas roof naijaeconomy,Negative,2023-02-14,"Lagos Mainland, Lagos"
1761825158103,cadre harmonis assessment million people southwest nigeria face acute food insecurity lean season,Neutral,2024-08-19,"Agege, Lagos"
1743238353948,government release palliative kosofe lagos today rice bean garri least something small reach people,Positive,2024-01-21,"Kosofe, Lagos"
1714923744621,local government official apapa lagos conduct market inspection following report artificial food scarcity hunger,Neutral,2024-02-20,"Apapa, Lagos"
1690754761566,know three family alimosho lagos eaten proper meal day exaggerating,Negative,2023-07-01,"Alimosho, Lagos"
1712026879943,lie thing hard surulere lagos beyond social medium even describe real life suffering happen zerohunger,Negative,2024-12-22,"Surulere, Lagos"
1685392831396,food security stakeholder gather apapa lagos quarterly review meeting hunger mitigation strategy,Neutral,2023-02-24,"Apapa, Lagos"
1696208279010,start fuel price rippling economy fertilizer shortage let food price worse season ikeja lagos,Negative,2024-05-02,"Ikeja, Lagos"
1721489843576,eu donates million food security program targeting urban poor community lagos including baruwa lagos zerohunger,Positive,2023-02-06,"Baruwa, Lagos"
1760066281966,subsidy removal supposed free fund investment tell one person epe lagos benefited,Negative,2024-02-15,"Epe, Lagos"
1721400019570,beg government let intervene food price kosofe lagos people suffer silence,Negative,2024-06-07,"Kosofe, Lagos"
1746744151070,wa price yam badagry lagos higher price petrol per litre something wrong,Negative,2023-07-31,"Badagry, Lagos"
1644048862775,finally mobile food market come ifako ijaiye lagos bringing affordable produce directly underserved community,Positive,2024-01-06,"Ifako-Ijaiye, Lagos"
1783466649385,tomato supply dry completely shomolu lagos farmer say insecurity north finish everything,Negative,2024-01-08,"Shomolu, Lagos"
1712796443135,government stop hunger abandoned badagry lagos completely,Negative,2023-03-03,"Badagry, Lagos"
1754756039538,sharp sharp price somolu lagos pas roof shout manage,Negative,2023-02-10,"Somolu, Lagos"
1770108100488,federal government inaugurates food price monitoring committee track inflation across state including lagos inflationng,Neutral,2023-03-07,"Ifako-Ijaiye, Lagos"
1770039850332,tomato naira last year reach ikorodu lagos market inflation kill,Negative,2024-09-18,"Ikorodu, Lagos"
1791889338359,school dropout rate apapa lagos rising parent cannot afford school fee food time,Negative,2023-07-04,"Apapa, Lagos"
1716955485995,ngo working mushin lagos report increase demand emergency food assistance since january,Neutral,2023-02-09,"Mushin, Lagos"
1700409972479,loaf sliced bread epe lagos bakery today naira last year naira explain,Negative,2024-08-24,"Epe, Lagos"
1608476528358,new direct farmer market ikorodu lagos reducing price compared regular market,Positive,2024-04-22,"Ikorodu, Lagos"
1759320667714,three day family eat day kosofe lagos god please help,Negative,2023-12-11,"Kosofe, Lagos"
1770164140505,cadre harmonis assessment million people southwest nigeria face acute food insecurity lean season,Neutral,2023-09-15,"Ojo, Lagos"
1713465603869,swr hunger want collect child eat since yesterday ifako ijaiye lagos,Negative,2023-07-13,"Ifako-Ijaiye, Lagos"
1671648853780,tomato naira last year reach apapa lagos market inflation kill nigeria,Negative,2023-04-15,"Apapa, Lagos"
1626884311222,tinubu government remove subsidy food price sky rocket lagos island lagos poor people carry burden economichardship,Negative,2024-07-12,"Lagos Island, Lagos"
1644344541692,want police soldier respect law salary cannot put food table ojo lagos,Negative,2024-09-24,"Ojo, Lagos"
1774958582126,nb data show food inflation lagos reached highest five year economy,Neutral,2023-01-14,"Ikeja, Lagos"
1651359201472,market trader association apapa lagos issue statement factor driving current food price increase foodscarcity,Neutral,2024-01-10,"Apapa, Lagos"
1681023706947,good news epe lagos local farmer cooperative report increase food production thsi planting season tinubu,Positive,2024-04-03,"Epe, Lagos"
1682721223564,mama cry ifako ijaiye lagos say feed four child today god please,Negative,2024-07-01,"Ifako-Ijaiye, Lagos"
1663320370174,pilot urban farming project ojo lagos yield first harvest prof city food production possible,Positive,2024-12-06,"Ojo, Lagos"
1709981067310,badagry lagos market food price percent three month alone inflationng inflation,Negative,2023-06-10,"Badagry, Lagos"
1652583351073,federal government import metric tonne rice stabilize price city including lagos,Neutral,2024-03-31,"Ajeromi-Ifelodun, Lagos"
1706237481262,manage half cup garri whole family ikorodu lagos hard lagospalliative,Negative,2024-09-29,"Ikorodu, Lagos"
1796861366411,woman ifako ijaiye lagos forced dangerous situation feed family hunger real,Negative,2024-08-26,"Ifako-Ijaiye, Lagos"
1762547710139,government release palliative ajeromi ifelodun lagos today rice bean garri least something small reach peopo,Positive,2024-04-15,"Ajeromi-Ifelodun, Lagos"
1774548415004,unicef report highlight rising acute malnutrition among five child urban lagos slum,Neutral,2023-08-17,"Apapa, Lagos"
1793834384496,few net quarterly report flag lagos kano area requiring close food security monitoring coming month,Neutral,2024-03-25,"Ajeromi-Ifelodun, Lagos"
1697858201201,international monetary fund warns nigeria food inflation could remain elevated without reform,Neutral,2024-06-23,"Agege, Lagos"
1626492425553,bean protein poor baruwa lagos luxury paint bucket bean cost naira economichardship,Negative,2024-10-24,"Baruwa, Lagos"
1620553843442,new usaid funded study track social medium signal food insecurity nigerian urban centre,Neutral,2023-11-09,"Ikorodu, Lagos"
1664921989360,policy response weak useless ifako ijaiye lagos resident starving politician share rice election,Negative,2023-11-08,"Ifako-Ijaiye, Lagos"
1671469634860,supply chain staple food item alimosho lagos completely broken government must act lagossuffers,Negative,2024-07-01,"Alimosho, Lagos"
1601179385865,local government official ikorodu lagos conduct market inspection following report artificial food scarcity endpoverty,Neutral,2023-01-08,"Ikorodu, Lagos"
1663425286857,finally mobile food market come ajeromi ifelodun lagos bringing affordable produce directly underserved community,Positive,2024-03-30,"Ajeromi-Ifelodun, Lagos"
1604687469031,government say share palliative ajeromi ifelodun lagos ordinary people grassroots see anything lie,Negative,2024-03-07,"Ajeromi-Ifelodun, Lagos"
1692032606907,market trader association baruwa lagos issue statement factor driving current food price increase,Neutral,2023-03-01,"Baruwa, Lagos"
1774774054700,integrated food security phase classification ipc team begin data collection across lagos lgas today,Neutral,2023-10-16,"Ajeromi-Ifelodun, Lagos"
1603278108191,school dropout rate shomolu lagos rising parent cannot afford school fee food time nigeriadecides,Negative,2024-06-25,"Shomolu, Lagos"
1684615482142,government stop hunger abandoned oshodi lagos completely,Negative,2024-10-26,"Oshodi, Lagos"
1791543581583,news emergency food aid distribution begin three epe lagos lgas targeted lagos state government today,Neutral,2024-11-08,"Epe, Lagos"
1615542120668,lagos chamber commerce hold summit strategy stabilize food supply chain state economichardship,Neutral,2024-12-22,"Apapa, Lagos"
1750493226614,last time bought cooking oil surulere lagos market three month ago price gone,Negative,2024-08-27,"Surulere, Lagos"
1666271429927,beg government let intervene food price ajeromi ifelodun lagos people suffer silence naijaeconomy,Negative,2024-07-23,"Ajeromi-Ifelodun, Lagos"
1603995004351,restaurant mushin lagos closing even middle class longer afford eat regularly inflation,Negative,2023-11-07,"Mushin, Lagos"
1605455676361,few net quarterly report flag lagos kano area requiring close food security monitoring coming month nigeria,Neutral,2024-11-22,"Kosofe, Lagos"
1707180111751,supply chain staple food item badagry lagos completely broken government must act zerohunger,Negative,2024-10-16,"Badagry, Lagos"
1730458410167,eat eba without soup even thank god ikeja lagos living enduring,Negative,2023-10-29,"Ikeja, Lagos"
1737051808667,beggar street baruwa lagos increasing daily people cannot feed family anymore,Negative,2023-01-05,"Baruwa, Lagos"
1610971388629,farmer ifako ijaiye lagos outskirt say longer afford fertilizer current price next harvest disaster,Negative,2024-01-29,"Ifako-Ijaiye, Lagos"
1638136415885,beg government let intervene food price badagry lagos people suffer silence,Negative,2023-03-13,"Badagry, Lagos"
1799867066907,first batch subsidized food federal strategic reserve arrives oshodi lagos distribution point today,Positive,2023-11-02,"Oshodi, Lagos"
1705412202161,bean protein poor badagry lagos luxury paint bucket bean cost naira endpoverty,Negative,2024-02-09,"Badagry, Lagos"
1794621764903,tomato supply dry completely kosofe lagos farmer say insecurity north finish everything,Negative,2024-07-20,"Kosofe, Lagos"
1651648692382,price tomato pepper coming small epe lagos market week give hope small small,Positive,2024-09-15,"Epe, Lagos"
1769255294254,price bag rice eti osa lagos tripled less year family supposed survive inflationng,Negative,2024-12-17,"Eti-Osa, Lagos"
1634768727336,woman ajeromi ifelodun lagos said mixing garri water kid afford,Negative,2024-02-26,"Ajeromi-Ifelodun, Lagos"
1686865782079,great news surulere lagos resident community food cooperative launch help family access affordable food lagospalliative,Positive,2024-05-06,"Surulere, Lagos"
1648248614431,integrated food security phase classification ipc team begin data collection across lagos lgas today lagos,Neutral,2023-02-28,"Baruwa, Lagos"
1624519791212,empty stall everywhere surulere lagos market today wholesale supply dried completely foodscarcity,Negative,2024-12-21,"Surulere, Lagos"
1725531939537,price moimoi akara ikorodu lagos doubled supposed food ordinary person,Negative,2024-01-06,"Ikorodu, Lagos"
1605303683498,stockfish poor family depend apapa lagos disappeared market become expensive buy,Negative,2023-10-25,"Apapa, Lagos"
1658653616538,new direct farmer market ajeromi ifelodun lagos reducing price compared regular market foodcrisis,Positive,2024-07-24,"Ajeromi-Ifelodun, Lagos"
1656638557235,palm oil groundnut oil everything skyrocket ikorodu lagos cooking self become unaffordable,Negative,2023-07-09,"Ikorodu, Lagos"
1651376006719,lagos chamber commerce hold summit strategy stabilize food supply chain state tinubu,Neutral,2024-12-24,"Ajeromi-Ifelodun, Lagos"
1726599120615,opolopo eniyan jiya food cost kosofe lagos island pas roof naijaeconomy,Negative,2024-07-07,"Kosofe, Lagos"
1717790862830,market survey kosofe lagos basket tomato cost compared period last year lagossuffers,Neutral,2024-07-15,"Kosofe, Lagos"
1664804701933,nigeria food self sufficiency ratio declined steadily since new agriculture ministry data show,Neutral,2024-03-03,"Lagos Mainland, Lagos"
1798048603091,number people begging oshodi lagos street doubled last six month normal,Negative,2023-06-23,"Oshodi, Lagos"
1654697800879,sharp sharp price alimosho lagos pas roof shout manage lagossuffers,Negative,2023-05-24,"Alimosho, Lagos"
1727886727729,price tomato pepper coming small ajeromi ifelodun lagos market week give hope small small foodscarcity,Positive,2023-08-14,"Ajeromi-Ifelodun, Lagos"
1653809625393,actionaid nigeria release report impact food insecurity woman headed household apapa lagos,Neutral,2024-07-21,"Apapa, Lagos"
1740950210401,new direct farmer market ikeja lagos reducing price compared regular market naijaproblems,Positive,2024-04-14,"Ikeja, Lagos"
1773269424871,nigeria war food inflation crushing household farmer unsafe supply chain broken epe lagos,Negative,2024-12-04,"Epe, Lagos"
1762074342115,eat eba without soup even thank god epe lagos living enduring,Negative,2024-02-05,"Epe, Lagos"
1782904940918,yeparipa eba reach surulere lagos eat sand soon naijaproblems,Negative,2024-01-25,"Surulere, Lagos"
1681888908881,bean protein poor mushin lagos luxury paint bucket bean cost naira foodscarcity,Negative,2024-11-14,"Mushin, Lagos"
1603390543744,nobody held accountable child die malnutrition mushin lagos government must charged,Negative,2024-08-14,"Mushin, Lagos"
1710813664475,government share food abuja camera lagos island lagos ground zero nothing reach ordinary people,Negative,2024-12-18,"Lagos Island, Lagos"
1781334617039,insecurity made farming impossible north baruwa lagos market running dwindling reserve,Negative,2023-05-26,"Baruwa, Lagos"
1672059844074,fuel price go food price go transport go salary stay loyal nigeria inflation,Negative,2023-01-24,"Apapa, Lagos"
1612836070337,governor lagos personally supervises food distribution ikorodu lagos community least paying attention,Positive,2023-06-02,"Ikorodu, Lagos"
1722407929552,local government eti osa lagos distributes free food seedling household encourage home gardening,Positive,2023-02-28,"Eti-Osa, Lagos"
1770174007947,supply chain staple food item eti osa lagos completely broken government must act,Negative,2024-11-22,"Eti-Osa, Lagos"
1717033740676,expert call policy intervention nigeria global hunger index score worsens nigeria,Neutral,2023-05-02,"Apapa, Lagos"
1795225029167,market trader association lagos mainland lagos issue statement factor driving current food price increase naijaeconomy,Neutral,2023-05-10,"Lagos Mainland, Lagos"
1679652206028,subsidy removal supposed free fund investment tell one person badagry lagos benefited nigeriadecides,Negative,2023-11-25,"Badagry, Lagos"
1712598597173,god help ajeromi ifelodun lagos people government abandon completely came food inflation,Negative,2024-05-17,"Ajeromi-Ifelodun, Lagos"
1739545995585,tuc threatened nationwide protest may day worsening economic hardship citing rising food price naijatalk xyz inflation,Neutral,2024-08-22,"Ikorodu, Lagos"
1630345565395,empty stall everywhere shomolu lagos market today wholesale supply dried completely foodscarcity,Negative,2023-05-28,"Shomolu, Lagos"
1686740182114,indomie food last resort many family baruwa lagos increased price deliberate suffering sdg,Negative,2023-09-24,"Baruwa, Lagos"
1739373576245,microfinance bank launch special loan product food vendor market woman ajeromi ifelodun lagos help,Positive,2023-08-17,"Ajeromi-Ifelodun, Lagos"
1729371133353,new cold chain facility open lagos island lagos mean less food waste stable supply market,Positive,2024-01-29,"Lagos Island, Lagos"
1799120983434,government share food abuja camera baruwa lagos ground zero nothing reach ordinary people,Negative,2024-06-12,"Baruwa, Lagos"
1605610360690,oshodi lagos market food price percent three month alone inflationng,Negative,2024-08-04,"Oshodi, Lagos"
1657534306865,woman badagry lagos forced dangerous situation feed family hunger real,Negative,2023-08-05,"Badagry, Lagos"
1692176016007,number child visible sign malnutrition apapa lagos school increasing teacher reporting foodscarcity,Negative,2023-03-29,"Apapa, Lagos"
1703856895793,ground report lagos mainland lagos street food vendor adjusting portion size manage rising ingredient cost,Neutral,2023-02-21,"Lagos Mainland, Lagos"
1607142529575,plantain grow right lagos mainland lagos outskirt reach per finger local food inflation crazy,Negative,2023-03-27,"Lagos Mainland, Lagos"
1713934572244,number people begging mushin lagos street doubled last six month normal tinubu,Negative,2023-06-15,"Mushin, Lagos"
1755918837592,local government official oshodi lagos conduct market inspection following report artificial food scarcity,Neutral,2023-05-22,"Oshodi, Lagos"
1760832043280,market watch price key food commodity somolu lagos reviewed weekly lagos consumer protection council naijaeconomy,Neutral,2023-11-27,"Somolu, Lagos"
1694826584918,ngo distributes food pack vulnerable family alimosho lagos today kind help need foodscarcity,Positive,2023-08-04,"Alimosho, Lagos"
1763497686340,number people begging apapa lagos street doubled last six month normal,Negative,2024-02-01,"Apapa, Lagos"
1731098383439,farmer herder clash reduced produce coming ojo lagos almost half according trader oyingbo endpoverty,Negative,2024-07-28,"Ojo, Lagos"
