tweet_id,tweet_text,label,date,location
1739197773496,"Mama Tunde for Oshodi, Lagos say she dey sell her cooking pots because she no fit afford food. This is heartbreaking #Hunger",Negative,2023-01-21,"Oshodi, Lagos"
1666819857381,"RT @spcvhk: Pepper, tomato and onion combination now extremely scarce and expensive for Lagos Island, Lagos market. Cooking don become gold",Negative,2023-07-16,"Lagos Island, Lagos"
1629737240948,"Dangote Group donates 10,000 bags of rice and 5,000 litres of oil to food bank serving Eti-Osa, Lagos communities",Positive,2023-06-27,"Eti-Osa, Lagos"
1651667106112,"RT @achfptb: The price of moimoi and akara in Ikorodu, Lagos has doubled. These are supposed to be the food of the ordinary person...",Negative,2023-07-22,"Ikorodu, Lagos"
1777791540464,"RT @togklstmf: Displaced families from Borno and Zamfara are now in Baruwa, Lagos and competing for already scarce food resources http://bit.ly/3xYzAbc",Negative,2024-08-08,"Baruwa, Lagos"
1748783303895,"High cost of living don swallow us for Kosofe, Lagos. Expenses higher than income, business dey struggle https://t.co/QwErTy9876",Negative,2024-06-20,"Kosofe, Lagos"
1690196136078,"Displaced families from Borno and Zamfara are now in Baruwa, Lagos and competing for already scarce food resources",Negative,2023-07-11,"Baruwa, Lagos"
1721321877097,"Federal government to import 500,000 metric tonnes of rice to stabilize prices in cities including Lagos",Neutral,2023-09-14,"Ajeromi-Ifelodun, Lagos"
1640673200916,"Food prices in Apapa, Lagos have gone completely out of control. A market woman today told me tomatoes are now luxury items #HardTimes...",Negative,2024-10-17,"Apapa, Lagos"
1629032674449,"TUC has threatened a nationwide protest on May Day over worsening economic hardship, citing rising food prices. naijatalk.xyz...",Neutral,2024-05-12,"Oshodi, Lagos"
1738708209026,"Journalists document conditions in Alimosho, Lagos foood bank where queues begin forming before dawn each day #Inflation http://bit.ly/3xYzAbc",Neutral,2023-08-21,"Alimosho, Lagos"
1783499493731,"Plantain wey grow right here in Alimosho, Lagos outskirts don reach 600 per finger. Local food inflation is crazy #LagosSuffers",Negative,2024-07-26,"Alimosho, Lagos"
1723816410321,"RT @fdfvjxp: Semovita don finish for all shops in Eti-Osa, Lagos. Supplier say factory dey ration production because of raw material cost https://t.co/xK7mN3pQrL",Negative,2024-05-01,"Eti-Osa, Lagos"
1629679209742,World Food Programme (WFP) to begin assessment of food insecurity levels in Lagos communities next month,Neutral,2023-12-04,"Lagos Mainland, Lagos"
1624820086353,"RT @ucbjeu: Mama Tunde for Surulere, Lagos say she dey sell her cooking pots because she no fit afford food. This is heartbreaking #EconomicHardship @wfp_nigeria",Negative,2023-03-19,"Surulere, Lagos"
1741612286273,"Men in Lagos Island, Lagos are breaking down. Breadwinners cannot provide. Family pressure from hunger is destroying homes #EconomicHardship @NigeriaPolice",Negative,2023-07-06,"Lagos Island, Lagos"
1661016149073,"Egg wey be 100 per piece for Epe, Lagos now. They say poultry feed cost plenty. Na us dey pay the price...",Negative,2023-06-03,"Epe, Lagos"
1780715444615,"Agric minister confirms new fertilizer subsidy will reduce input costs for farmers, expected to lower food prices",Positive,2023-03-14,"Ikorodu, Lagos"
1617267055166,"Plantain wey grow right here in Shomolu, Lagos outskirts don reach 600 per finger. Local food inflation is crazy",Negative,2024-08-03,"Shomolu, Lagos"
1749279849611,"Displaced families from Borno and Zamfara are now in Somolu, Lagos and competing for already scarce food resources #NigeriaDecides https://t.co/AbC12dEfGh",Negative,2024-10-20,"Somolu, Lagos"
1714221847843,"Lovely initiative: churches and mosques in Shomolu, Lagos have joined forces to provide daily meals to hungry families",Positive,2023-02-16,"Shomolu, Lagos"
1621636716148,"What kind of country is this? Eti-Osa, Lagos man wey work hard every day cannot afford to eat three times. Nonsense @officialABAT",Negative,2024-01-08,"Eti-Osa, Lagos"
1792989573534,Oxfam Nigeria calls on government to implement emergency food subsidy for urban poor in Lagos and Kano #Inflation https://t.co/QwErTy9876,Neutral,2023-03-18,"Ojo, Lagos"
1753107735714,"Food scarcity is not natural. It is a policy failure. Ajeromi-Ifelodun, Lagos residents are paying with their lives and health...",Negative,2024-12-22,"Ajeromi-Ifelodun, Lagos"
1651758160017,"There is serious food scarcity in Alimosho, Lagos right now. Market shelves dey empty and traders say supply chain broken #Tinubu http://bit.ly/3xYzAbc",Negative,2023-08-11,"Alimosho, Lagos"
1611609154076,"Domestic violence cases in Mushin, Lagos are being linked to food stress. Hungry people become desperate people #Lagos",Negative,2024-09-05,"Mushin, Lagos"
1727174134953,"Rice don reach 120k per bag for Epe, Lagos, how person go chop? #FoodCrisis #Lagos #Inflation",Negative,2023-06-07,"Epe, Lagos"
1726533963150,"Corporate organization distributes fd items to 1,000 families in Mushin, Lagos as part of CSR program 🙏 #GoodNess #FoodPrices https://t.co/xK7mN3pQrL",Positive,2024-03-14,"Mushin, Lagos"
1736948615486,"The price of a bag of rice in Ifako-Ijaiye, Lagos has tripled in less than a year. How are families supposed to survive? #NaijaEconomy @NigeriaPolice",Negative,2023-08-03,"Ifako-Ijaiye, Lagos"
1623006685083,"The number of children with visible signs of malnutrition in Surulere, Lagos schools is increasing. Teachers are reporting this",Negative,2023-01-14,"Surulere, Lagos"
1712904764685,"Women in Agege, Lagos are being forced into dangerous situations just to feed their families. The hunger is that real #Lagos",Negative,2023-07-03,"Agege, Lagos"
1756213181959,International Monetary Fund warns that Nigeria's food inflation could remain elevated through 2025 without reforms @wfp_nigeria,Neutral,2024-01-26,"Baruwa, Lagos"
1613248509936,"I know three families in Kosofe, Lagos that have not eaten a proper meal in days. I am not exaggerating #LagosSuffers https://t.co/xK7mN3pQrL",Negative,2023-10-04,"Kosofe, Lagos"
1663850585283,"Fuel price goes up, food price goes up, transport goes up… only salary stays loyal 😂😭 #Nigeria #Inflation @officialABAT",Negative,2023-07-19,"Shomolu, Lagos"
1782852767641,"I swr hunger wan collect my pikin from me, we no chop since yesterday for Ifako-Ijaiye, Lagos 😥",Negative,2023-05-31,"Ifako-Ijaiye, Lagos"
1637282827762,"RT @dayo_naija: Agege, Lagos market food prices up by 60 percent in three months alone #InflationNG https://t.co/xK7mN3pQrL",Negative,2024-03-27,"Agege, Lagos"
1702174345537,World Food Programme (WFP) to begin assessment of food insecurity levels in Lagos communities next month https://t.co/AbC12dEfGh @UN_Nigeria,Neutral,2023-04-02,"Agege, Lagos"
1627112530031,Satellite data from GEOGLAM shows below average crop yields expected in major food producing states this season,Neutral,2024-02-20,"Ikorodu, Lagos"
1672187574420,"Lagos residents spend an average of 65% of household income on food, new survey by NBS reveals #FoodPrices https://t.co/xK7mN3pQrL...",Neutral,2024-09-14,"Lagos Mainland, Lagos"
1656523348964,"Community garden initiative in Shomolu, Lagos begins harvest, providing fresh vegetables for 200 local families 🥬🌿 #EconomicHardship @MBuhari",Positive,2023-08-01,"Shomolu, Lagos"
1742009118858,"The irony of Agege, Lagos being the commercial hub of Nigeria while millions of its residents go to bed hungry every night",Negative,2023-09-04,"Agege, Lagos"
1712623764697,"Ground report from Ifako-Ijaiye, Lagos: how street food vendors are adjusting portion sizes to manage rising ingredient costs @UN_Nigeria",Neutral,2023-01-10,"Ifako-Ijaiye, Lagos"
1741184511498,"RT @ksellgfv: Government statisticians to conduct fresh foood price survey across all Mushin, Lagos markets starting Monday https://t.co/AbC12dEfGh",Neutral,2024-09-16,"Mushin, Lagos"
1668701594104,"Opolopo eniyan n jiya ninu Ifako-Ijaiye, Lagos. Owo ko si, ounje ko si. Oluwa gba wa o 😭",Negative,2024-06-15,"Ifako-Ijaiye, Lagos"
1749557437357,A joint UN FAO-WFP mission visits Lagos to assess the food security situation on the ground #FoodPrices @NigeriaPolice,Neutral,2023-01-29,"Kosofe, Lagos"
1786934456254,"Restaurants in Shomolu, Lagos are closing because even the middle class can no longer afford to eat out regularly",Negative,2024-05-24,"Shomolu, Lagos"
1678390317905,"Mama Tunde for Alimosho, Lagos say she dey sell her cooking pots because she no fit afford food. This is heartbreaking",Negative,2023-06-15,"Alimosho, Lagos"
1737148776533,Lagos chamber of commerce holds summit on strategies to stabilize food supply chains in the state...,Neutral,2024-03-28,"Kosofe, Lagos"
1631363006459,UNICEF report highlights rising acute malnutrition among under-five children in urban Lagos slums,Neutral,2024-02-25,"Baruwa, Lagos"
1636287835908,"Pepper, tomato and onion combination now extremely scarce and expensive for Mushin, Lagos market. Cooking don become gold @NigeriaGov",Negative,2023-06-02,"Mushin, Lagos"
1671369222841,"Another Yariba state with massive hunger. Lagos was built by Nigerians, not by government. Eti-Osa, Lagos people are suffering",Negative,2024-01-08,"Eti-Osa, Lagos"
1617517803110,"Praise God! The foodbank in Ajeromi-Ifelodun, Lagos got a massive donation today. Over 500 families will eat dis week 🙌",Positive,2023-03-03,"Ajeromi-Ifelodun, Lagos"
1797331378678,"RT @dhfjjh: Tomato supply don dry up completely for Kosofe, Lagos. Farmers say insecurity for north don finish everything",Negative,2023-06-12,"Kosofe, Lagos"
1776843117527,"Bread wey cost 500 naira three months ago na 900 naira today for Shomolu, Lagos. Na who cause this?",Negative,2023-06-05,"Shomolu, Lagos"
1638528532290,"Wonderful gesture: a Lagos businessman distributes free food bags to 300 families in Kosofe, Lagos every weekend @officialABAT",Positive,2024-01-09,"Kosofe, Lagos"
1791312989310,"Fuel price goes up, food price goes up, transport goes up… only salary stays loyal 😂😭 #Nigeria #Inflation",Negative,2023-10-01,"Badagry, Lagos"
1770615918758,"RT @wlkmptzakn: The number of children with visible signs of malnutrition in Agege, Lagos schools is increasing. Teachers are reporting this...",Negative,2024-11-25,"Agege, Lagos"
1756465338295,New USAID-funded study to track social media signals of food insecurity in Nigerian urban centres,Neutral,2024-10-14,"Oshodi, Lagos"
1628861289528,"I've advocated for mental health checks cos the economic crisis and poor salaries can barely put food on the table in Ajeromi-Ifelodun, Lagos",Negative,2023-12-17,"Ajeromi-Ifelodun, Lagos"
1689356991310,"Bread wey cost 500 naira three months ago na 900 naira today for Agege, Lagos. Na who cause this? #SDG2...",Negative,2024-02-15,"Agege, Lagos"
1644732747231,"Rice don reach 120k per bag for Somolu, Lagos, how person go chop? #FoodCrisis #Lagos",Negative,2024-12-14,"Somolu, Lagos"
1731658810935,"Prices of tomatoes and pepper coming down small in Somolu, Lagos market this week. E dey give us hope small small #FoodPrices",Positive,2024-12-06,"Somolu, Lagos"
1703899485211,"The number of children with visible signs of malnutrition in Shomolu, Lagos schools is increasing. Teachers are reporting this",Negative,2024-01-19,"Shomolu, Lagos"
1717027195353,RT @plfebvy: Report: over 31 million Nigerians currently experiencing severe food insecurity according to IPC Phase 3 classification #LagosSuffers,Neutral,2024-04-09,"Kosofe, Lagos"
1682664085013,"RT @pztufjc: I went to Ifako-Ijaiye, Lagos market today and came back empty handed. My 10k could not buy anything meaningful for a fam of five #HardTimes",Negative,2024-11-28,"Ifako-Ijaiye, Lagos"
1780631074083,"Snack shops near me in Shomolu, Lagos don increase price by 30% because of gas wahala. Na us go suffer am #ZeroHunger https://t.co/AbC12dEfGh",Negative,2023-09-08,"Shomolu, Lagos"
1632302625707,"Traders at Ajeromi-Ifelodun, Lagos market report a 25% reduction in daily customers as residents cut back on food purchases #Nigeria",Neutral,2023-01-04,"Ajeromi-Ifelodun, Lagos"
1756217161494,"I swr I don tire. No food, no money, no hope for Surulere, Lagos. When this suffering go end? @officialABAT",Negative,2024-11-04,"Surulere, Lagos"
1703876129547,"NAFDAC confirms seizure of substandard food items worth millions at Lagos Island, Lagos market this week #Suffering @officialABAT",Neutral,2023-03-10,"Lagos Island, Lagos"
1645355367858,"Lagos State just opened a new food distribution centre in Alimosho, Lagos. Finally government dey try small #GoodNews #NaijaProblems",Positive,2024-08-06,"Alimosho, Lagos"
1677689342624,UNICEF report highlights rising acute malnutrition among under-five childrn in urban Lagos slums #LagosPalliative,Neutral,2023-05-31,"Oshodi, Lagos"
1677882717738,"All the beggars on the streets of Oshodi, Lagos are increasing daily because people cannot feed their families anymore #FoodPrices @MBuhari...",Negative,2024-01-11,"Oshodi, Lagos"
1650751181468,"New cold chain facility opens in Ajeromi-Ifelodun, Lagos, which means less food waste and more stable supply for markeets",Positive,2023-11-16,"Ajeromi-Ifelodun, Lagos"
1644526007862,"Government don release palliative for Eti-Osa, Lagos today! Rice, beans, garri. At least something small reach the people 🙏",Positive,2023-02-10,"Eti-Osa, Lagos"
1771847802133,"RT @jvkwwfq: I no go lie, things don hard for Eti-Osa, Lagos beyond what social media sef can describe. Real life suffering dey happen...",Negative,2024-10-09,"Eti-Osa, Lagos"
1783163281897,"Food insecurity in Ikorodu, Lagos is at crisis level. The IPC indicators are all pointing to phase 3 and nobody is talking",Negative,2024-03-09,"Ikorodu, Lagos"
1638408810857,"RT @bsoyssm: Egg wey be 100 per piece for Oshodi, Lagos now. They say poultry feed cost plenty. Na us dey pay the price @wfp_nigeria",Negative,2024-02-10,"Oshodi, Lagos"
1656131628237,Lagos State government announces plans to establish food distribution centres across the 20 LGAs. @followlasg #HardTimes,Neutral,2023-10-03,"Lagos Mainland, Lagos"
1703363638303,"e don reach level where i dey share one wrap of eba between three people for Apapa, Lagos. God help us http://naijatalk.xyz",Negative,2024-06-24,"Apapa, Lagos"
1708893740327,"We dey eat eba without soup sef we don thank God. Alimosho, Lagos. This is not living, na enduring #LagosPalliative",Negative,2023-05-17,"Alimosho, Lagos"
1730024407461,"RT @tfjxadcrd: Opolopo eniyan n jiya ninu Ifako-Ijaiye, Lagos. Owo ko si, ounje ko si. Oluwa gba wa o 😭 #NigeriaDecides...",Negative,2023-07-24,"Ifako-Ijaiye, Lagos"
1712658479649,"Fuel price goes up, foood price goes up, transport goes up… only salary stays loyal 😂😭 #Nigeria #Inflation #FoodCrisis",Negative,2023-12-05,"Agege, Lagos"
1650330995935,"Subsidy removal was supposed to free funds for investment. Tell me one person in Lagos Island, Lagos that benefited from it @followlasg",Negative,2023-01-15,"Lagos Island, Lagos"
1607604551606,FAO report: Nigeria ranks among countries with highest rates of acute food insecurity in West Africa. #FoodSecurity #NaijaEconomy https://t.co/QwErTy9876,Neutral,2023-04-04,"Alimosho, Lagos"
1744349040882,"What kind of country is tis? Badagry, Lagos man wey work hard every day cannot afford to eat three times. Nonsense http://bit.ly/3xYzAbc",Negative,2024-03-09,"Badagry, Lagos"
1622949701961,"Students from UNILAG volunteer to distribute food to hunger-affected families in Baruwa, Lagos community. Love this 💚 #Tinubu...",Positive,2024-11-13,"Baruwa, Lagos"
1665637649830,"The irony of Alimosho, Lagos being the commercial hub of Nigeria while millions of its residents go to bed hungry every night @NigeriaGov",Negative,2024-01-21,"Alimosho, Lagos"
1786023653213,"e don reach level where i dey share one wrap of eba between three people for Epe, Lagos. God help us #EndPoverty",Negative,2024-03-30,"Epe, Lagos"
1684873246482,"A bag of beans that was 35k last January is now 90k in Agege, Lagos. Tell me this is not engineered scarcity #EconomicHardship @followlasg",Negative,2024-12-04,"Agege, Lagos"
1732685396077,"Nigeria is not at war but fud inflation is crushing households, farmers are unsafe, supply chains are broken in Surulere, Lagos http://naijatalk.xyz",Negative,2024-12-22,"Surulere, Lagos"
1677073602299,"New food bank opens in Kosofe, Lagos! If you are struggling to feed your family please walk in. No form, no stress @MBuhari",Positive,2023-04-07,"Kosofe, Lagos"
1603755317390,"My boss in Ojo, Lagos just cut our canteen budget because da food vendor cannot maintain affordable prices anymore http://naijatalk.xyz",Negative,2024-03-10,"Ojo, Lagos"
1758538740584,"We dey Ifako-Ijaiye, Lagos, hunger no dey respect anybody. Rich, poor, everybody dey feel am now",Negative,2024-05-29,"Ifako-Ijaiye, Lagos"
1627555150472,"Private sector food relief: GTBank staff donate food items to 400 vulnerable families in Mushin, Lagos community 💛 #FoodScarcity http://bit.ly/3xYzAbc",Positive,2024-01-16,"Mushin, Lagos"
1733075267750,"The conflict in the north has broken food supply chains all the way down to Ojo, Lagos. We are all affected @followlasg",Negative,2023-02-05,"Ojo, Lagos"
1684250521470,"Na only God go help Badagry, Lagos people because government don abandon us completely when e come to food",Negative,2024-03-04,"Badagry, Lagos"
1757334055912,Report: over 31 million Nigerians currently experiencing severe food insecurity according to IPC Phase 3 classification #LagosSuffers,Neutral,2024-01-01,"Kosofe, Lagos"
1700062247301,"Community garden initiative in Oshodi, Lagos begins harvest, providing fresh vegetables for 200 local families 🥬🌿 #Hunger",Positive,2023-10-06,"Oshodi, Lagos"
1724087729489,"Three days now my family don dey eat once a day. Ifako-Ijaiye, Lagos. God abeg help us #Inflation",Negative,2024-09-19,"Ifako-Ijaiye, Lagos"
1756583003065,"A loaf of sliced bread in Agege, Lagos bakery today: 1,200 naira. Last year it was 450 naira. Explain dis to me https://t.co/xK7mN3pQrL",Negative,2024-05-22,"Agege, Lagos"
1639395775907,"Climate shock plus conflict plus inflation equals catastrophe for food security in Alimosho, Lagos. This is a perfect storm",Negative,2024-08-13,"Alimosho, Lagos"
1648258449715,Lagos chamber of commerce holds summit on strategies to stabilize food supply chains in the state #Suffering @officialABAT,Neutral,2023-02-02,"Ajeromi-Ifelodun, Lagos"
1714799319342,"Restaurants in Eti-Osa, Lagos are closing because even the middle class can no longer afford to eat out regularly",Negative,2024-09-11,"Eti-Osa, Lagos"
1703363692865,"We dey manage half cup of garri for the whole family for Ikorodu, Lagos, e too hard 😭 @NigeriaGov",Negative,2023-10-18,"Ikorodu, Lagos"
1685997415573,"Yeparipa! Eba don reach 800 for Oshodi, Lagos? Na so we go chop sand soon? 😭 #NaijaProblems https://t.co/QwErTy9876",Negative,2024-09-16,"Oshodi, Lagos"
1653194591980,"The irony of Baruwa, Lagos being teh commercial hub of Nigeria while millions of its residents go to bed hungry every night #Nigeria",Negative,2023-07-17,"Baruwa, Lagos"
1763765884276,"We dey eat eba without soup sef we don thank God. Ajeromi-Ifelodun, Lagos. This is not living, na enduring #Hunger",Negative,2024-02-12,"Ajeromi-Ifelodun, Lagos"
1706857240087,"Omo the tin wey dey happen for Ikeja, Lagos market no good at all. E be like say food don become luxury #EconomicHardship",Negative,2023-10-12,"Ikeja, Lagos"
1674983043057,"RT @aqrlxjd: Imagine what is going on in Eti-Osa, Lagos. Is it the govt that will stop people from being hungry? When will they act? @NigeriaPolice",Negative,2023-01-10,"Eti-Osa, Lagos"
1713788662714,"Household food budget crisis in Lagos Mainland, Lagos as prices outpace incomes significantly #NaijaEconomy #SDG2",Negative,2024-07-20,"Lagos Mainland, Lagos"
1720632673440,"Policy responses are weak and useless. Eti-Osa, Lagos residents are starving while politicians share rice for election...",Negative,2023-05-01,"Eti-Osa, Lagos"
1782057645640,"RT @eaceaq: Farmer herder clashes have reduced produce coming to Ifako-Ijaiye, Lagos by almost half according to traders in Oyingbo #Suffering",Negative,2024-05-16,"Ifako-Ijaiye, Lagos"
1781037748937,"I swr I don tire. No food, no money, no hope for Lagos Island, Lagos. When tis suffering go end?...",Negative,2024-04-02,"Lagos Island, Lagos"
1743545713033,"We beg government make una intervene on food prices for Ifako-Ijaiye, Lagos. People dey suffer in silence",Negative,2024-08-14,"Ifako-Ijaiye, Lagos"
1679510058596,NCDC monitoring nutrition-related health admissions in Lagos hospitals amid rising food insecurity reports #NaijaEconomy,Neutral,2023-09-27,"Ifako-Ijaiye, Lagos"
1755147568518,Experts call for policy intervention as Nigeria's 2024 Global Hunger Index score worsens to 28.8 from 27.5 #HardTimes...,Neutral,2023-03-23,"Shomolu, Lagos"
1611288404976,"Empty stalls everywhere in Ajeromi-Ifelodun, Lagos market today. Wholesale supply has dried up completely #FoodScarcity #Inflation @NigeriaGov",Negative,2024-07-31,"Ajeromi-Ifelodun, Lagos"
1734835529834,"Lovely initiative: churches and mosques in Somolu, Lagos have joined forces to provide daily meals to hungry families #FoodCrisis",Positive,2023-01-09,"Somolu, Lagos"
1770355530580,"Tomatoes wey be 500 naira last year don reach 3000 for Badagry, Lagos market. Inflation don kill us #Suffering @followlasg",Negative,2024-02-17,"Badagry, Lagos"
1785059786111,"Praise God! The foodbank in Agege, Lagos got a massive donation today. Over 500 families will eat this week 🙌 #FoodCrisis",Positive,2023-02-07,"Agege, Lagos"
1736178331846,"Plantain wey grow right here in Badagry, Lagos outskirts don reach 600 per finger. Local food inflation is crazy",Negative,2023-09-13,"Badagry, Lagos"
1661495288799,Federal government inaugurates food price monitoring committee to track inflation across 36 states including Lagos http://naijatalk.xyz,Neutral,2023-03-16,"Kosofe, Lagos"
1797129277102,"Restaurants in Ifako-Ijaiye, Lagos are closing because even the middle class can no longer afford to eat out regularly #FoodScarcity",Negative,2023-06-23,"Ifako-Ijaiye, Lagos"
1721087973703,"The irony of Baruwa, Lagos being the commercial hub of Nigeria while millions of its residents go to bed hungry every night #Hunger",Negative,2023-01-10,"Baruwa, Lagos"
1665836198628,"Eyan Badagry, Lagos ti fẹrẹ ta gbogbo ohun ini won lati le ra ounje. Ebi n pa gbogbo eniyan",Negative,2024-01-06,"Badagry, Lagos"
1652463319825,"My uncle in Mushin, Lagos said he cried for the first time in his adult life last night becus he could not feed his children",Negative,2024-03-29,"Mushin, Lagos"
1729102513237,"Eyan Surulere, Lagos ti fẹrẹ ta gbogbo ohun ini won lati le ra ounje. Ebi n pa gbogbo eniyan #LagosSuffers",Negative,2023-09-10,"Surulere, Lagos"
1740815906891,"Palm oil, groundnut oil, everything don skyrocket for Badagry, Lagos. Cooking self don become unaffordable @wfp_nigeria",Negative,2023-06-13,"Badagry, Lagos"
1756212373365,New study from University of Lagos examines relationship between Twitter sentiment and fud price trends in Nigeria #InflationNG @MBuhari,Neutral,2024-04-23,"Lagos Mainland, Lagos"
1604940014092,"Nigeria is not at war but food inflation is crushing households, farmers are unsafe, supply chains are broken in Apapa, Lagos",Negative,2024-08-24,"Apapa, Lagos"
1701269728912,"Snack shops near me in Alimosho, Lagos have increased food price approximately 20% due to gas crisis. #wareffects #inflation #FoodScarcity",Negative,2023-12-24,"Alimosho, Lagos"
1632143734465,"Joint statement by NGOs: food situation in Ifako-Ijaiye, Lagos requires urgent coordinated humanitarian response #ZeroHunger",Neutral,2023-01-28,"Ifako-Ijaiye, Lagos"
1786137334380,"First batch of subsidized food from federal strategic reserves arrives at Ifako-Ijaiye, Lagos distribution point today @followlasg",Positive,2023-03-23,"Ifako-Ijaiye, Lagos"
1675920776093,"Budget was passed, billions allocated for food security, yet Lagos Island, Lagos residents are starving. Where is the money?",Negative,2024-06-19,"Lagos Island, Lagos"
1636451295826,Cadre Harmonisé assessment: 7.2 million people in southwest Nigeria face acute food insecurity in lean season #FoodPrices,Neutral,2023-10-07,"Somolu, Lagos"
1678338184488,"Imagine what is going on in Shomolu, Lagos. Is it the govt that will stop people from being hungry? When will they act? @followlasg",Negative,2023-06-16,"Shomolu, Lagos"
1718692234792,"Local government officials in Lagos Mainland, Lagos conduct market inspection following reports of artificial food scarcity",Neutral,2024-06-16,"Lagos Mainland, Lagos"
1618648717429,"The supply chain for staple food items in Epe, Lagos has completely broken down. Government must act now",Negative,2024-07-21,"Epe, Lagos"
1608087132960,"Garri wey I dey buy 1500 last year don reach 4500 for Agege, Lagos. How e take happen like this? #NaijaProblems",Negative,2024-09-26,"Agege, Lagos"
1750937285099,FEWS NET quarterly report flags Lagos and Kano as areas requiring close food security monitoring in coming months #Tinubu @followlasg,Neutral,2023-06-01,"Ifako-Ijaiye, Lagos"
1746012212934,"Just the start. Fuel prices rippling through economy. Fertilizer shortage go make food prices worse this season for Oshodi, Lagos @NigeriaGov",Negative,2024-02-20,"Oshodi, Lagos"
1751357967050,"Is it the government that will stop hunger? They have abandoned Oshodi, Lagos completely. We are on our own #Nigeria http://bit.ly/3xYzAbc",Negative,2024-02-07,"Oshodi, Lagos"
1727857326178,"NBS data shows food inflation in Lagos reached 42% in Q3 2024, highest in five years. #Economy",Neutral,2023-01-04,"Shomolu, Lagos"
1623763297805,"Food prices for key staples like yam and plantain have stabilized in Shomolu, Lagos market tis week. Hope is not lost #Nigeria",Positive,2024-11-18,"Shomolu, Lagos"
1652546583175,"The new direct-farmer market in Ikeja, Lagos is reducing prices by 20-40% compared to regular markets. Go there! #Inflation",Positive,2023-07-07,"Ikeja, Lagos"
1674885943647,"My area for Baruwa, Lagos no get stable food supply since the fuel subsidy removal. Things just dey get worse #FoodCrisis https://t.co/QwErTy9876 @followlasg",Negative,2023-07-01,"Baruwa, Lagos"
1718255250798,"Federal government to import 500,000 metric tonnes of rice to stabilize prices in cities including Lagos #Inflation...",Neutral,2023-02-14,"Baruwa, Lagos"
1639582281572,"Opolopo eniyan n jiya. Food cost for Ifako-Ijaiye, Lagos Island don pass roof. #NaijaEconomy #NaijaProblems http://naijatalk.xyz",Negative,2023-01-13,"Ifako-Ijaiye, Lagos"
1622759394756,"Another Yariba state with massive hunger. Lagos was built by Nigerians, not by government. Lagos Island, Lagos people are suffering",Negative,2023-09-06,"Lagos Island, Lagos"
1784280090410,"Market Watch: prices of key food commodities in Badagry, Lagos reviewed weekly by Lagos Consumer Protection Council @officialABAT",Neutral,2024-11-13,"Badagry, Lagos"
1673604695274,"Lagos residents spend an average of 65% of household income on food, new survey by NBS reveals #InflationNG https://t.co/QwErTy9876",Neutral,2023-03-04,"Ikeja, Lagos"
1734359443459,"Global food commodity prices continue to affect local markets in Lagos, traders say #GlobalEconomy #EndPoverty...",Neutral,2023-03-08,"Ifako-Ijaiye, Lagos"
1747924543090,"My uncle in Epe, Lagos said he cried for the first time in his adult life last night because he could not feed his children #Inflation",Negative,2023-08-12,"Epe, Lagos"
1748939735405,"I know three families in Mushin, Lagos that have not eaten a proper meal in days. I am not exaggerating...",Negative,2024-09-21,"Mushin, Lagos"
1687452598280,"Microfinance bank launches special loan product for food vendors and market women in Badagry, Lagos. This will help #EconomicHardship",Positive,2023-11-07,"Badagry, Lagos"
1643681949233,"The cost of feeding a family of four in Lagos has risen from N40,000 to N120,000 per month in two years #LagosPalliative",Neutral,2024-01-03,"Alimosho, Lagos"
1672803165393,"School feeding program resumes in Somolu, Lagos primary schools today after brief suspension. Children are happy 😊 #NaijaProblems @UN_Nigeria",Positive,2024-03-26,"Somolu, Lagos"
1690768934459,"My children dey cry for food since last night and I no get anything to give them. Ajeromi-Ifelodun, Lagos is suffering #Suffering",Negative,2024-05-16,"Ajeromi-Ifelodun, Lagos"
1791243941668,"Tomatoes wey be 500 naira last year don reach 3000 for Shomolu, Lagos market. Inflation don kill us #InflationNG https://t.co/QwErTy9876",Negative,2023-11-03,"Shomolu, Lagos"
1616915043286,"Great news for Kosofe, Lagos residents: community food cooperative launches to help families access affordable food #EconomicHardship",Positive,2023-10-18,"Kosofe, Lagos"
1767092726882,"International food aid organization begins registration of vulnerable households in Surulere, Lagos for monthly food support",Positive,2024-03-08,"Surulere, Lagos"
1658980715186,"New food bank opens in Ikorodu, Lagos! If you are struggling to feed your family please walk in. No form, no stress",Positive,2024-09-10,"Ikorodu, Lagos"
1744569603343,"Governor of Lagos personally supervises food distribution in Ifako-Ijaiye, Lagos community. At least dem are paying attention now #SDG2",Positive,2024-12-11,"Ifako-Ijaiye, Lagos"
1691307302029,World Food Programme (WFP) to begin assessment of foood insecurity levels in Lagos communities next month https://t.co/xK7mN3pQrL,Neutral,2024-05-28,"Mushin, Lagos"
1689247335445,"The supply chain for staple food items in Apapa, Lagos has completely broken down. Government must act now #Hunger",Negative,2023-05-06,"Apapa, Lagos"
1713449980974,"A loaf of sliced bread in Kosofe, Lagos bakery today: 1,200 naira. Last year it was 450 naira. Explain this to me https://t.co/xK7mN3pQrL",Negative,2023-02-16,"Kosofe, Lagos"
1618097515854,Federal Ministry of Agriculture to release emergency food reserve stocks to 10 states including Lagos https://t.co/xK7mN3pQrL @faoNG,Neutral,2023-05-18,"Somolu, Lagos"
1761666093294,"RT @kegde: Na wa o. The price of yam in Mushin, Lagos is now higher than the price of petrol per litre. Something is wrong",Negative,2023-05-03,"Mushin, Lagos"
1796635160085,Academic paper published: sentiment analysis of Nigerian Twitter reveals early warning signals of food crisis #HardTimes @followlasg,Neutral,2023-04-11,"Apapa, Lagos"
1704003203793,"RT @okdqat: Omo the tin wey dey happen for Ifako-Ijaiye, Lagos market no good at all. E be like say food don become luxury #NaijaProblems https://t.co/AbC12dEfGh",Negative,2024-03-05,"Ifako-Ijaiye, Lagos"
1684132699978,"Mama dey cry for Oshodi, Lagos say she no fit feed her four children today. God abeg",Negative,2023-06-21,"Oshodi, Lagos"
1750001137305,"Farmers in Kosofe, Lagos outskirts say they can no longer afford fertilizer at current prices. Next harvest will be disaster #NaijaProblems...",Negative,2023-06-30,"Kosofe, Lagos"
1685871092442,"Traders at Lagos Mainland, Lagos market report a 25% reduction in daily customers as residents cut back on foood purchases",Neutral,2023-05-30,"Lagos Mainland, Lagos"
1679872391741,"Plantain wey grow right here in Apapa, Lagos outskirts don reach 600 per finger. Local food inflation is crazy",Negative,2024-11-14,"Apapa, Lagos"
1786734909138,"Private sector food relief: GTBank staff donate food items to 400 vulnerable families in Apapa, Lagos community 💛 #Hunger https://t.co/QwErTy9876",Positive,2023-01-15,"Apapa, Lagos"
1666368514577,"I swr hunger wan collect my pikin from me, we no chop since yesterday for Ajeromi-Ifelodun, Lagos 😥 #NigeriaDecides",Negative,2023-04-03,"Ajeromi-Ifelodun, Lagos"
1682269134320,"The price of moimoi and akara in Ajeromi-Ifelodun, Lagos has doubled. These are supposed to be the food of the ordinary person",Negative,2024-10-05,"Ajeromi-Ifelodun, Lagos"
1678137121927,RT @cmbixn: Lagos State Food Bank Initiative records 40% increase in demand from low income households in 2024 #Inflation,Neutral,2024-10-07,"Eti-Osa, Lagos"
1763580038096,"School dropout rate in Apapa, Lagos is rising because parents cannot afford school fees AND food at the same time #EndPoverty @faoNG",Negative,2023-09-17,"Apapa, Lagos"
1644172719797,"Bread wey cost 500 naira three months ago na 900 naira today for Baruwa, Lagos. Na who cause this?",Negative,2024-08-23,"Baruwa, Lagos"
1778608339227,"Pikin dem for Ikeja, Lagos dey sleep hungry every night. We beg government make una hear us #InflationNG",Negative,2024-06-13,"Ikeja, Lagos"
1633749020497,"Three days now my family don dey eat once a day. Ikeja, Lagos. God abeg help us",Negative,2023-10-25,"Ikeja, Lagos"
1645049844157,"Pepper, tomato and onion combination now extremely scarce and expensive for Oshodi, Lagos market. Cooking don become gold",Negative,2024-03-09,"Oshodi, Lagos"
1604785618523,"There is serious food scarcity in Ifako-Ijaiye, Lagos right now. Market shelves dey empty and traders say supply chain broken #EndPoverty",Negative,2024-05-25,"Ifako-Ijaiye, Lagos"
1612672661473,"Journalists document conditions in Lagos Island, Lagos food bank where queues begin forming before dawn each day",Neutral,2024-05-31,"Lagos Island, Lagos"
1741474416437,"Traders for Ikorodu, Lagos market confirm food prices up by 60 percent in three months #InflationNG #ZeroHunger",Negative,2023-04-19,"Ikorodu, Lagos"
1770381318028,RT @knxehhyuh: Humanitarian organizations call for increased funding to address food crisis affecting Lagos urban poor communities #InflationNG,Neutral,2024-04-13,"Somolu, Lagos"
1686877920851,"RT @znqbqywp: Beans, the protein of the poor for Ifako-Ijaiye, Lagos, is now a luxury. A paint bucket of beans cost 8000 naira",Negative,2023-11-28,"Ifako-Ijaiye, Lagos"
1618200589631,"School feeding program resumes in Agege, Lagos primary schools today after brief suspension. Children are happy 😊",Positive,2023-07-30,"Agege, Lagos"
1629478409221,New study from University of Lagos examines relationship between Twitter sentiment and food priice trends in Nigeria...,Neutral,2023-12-31,"Agege, Lagos"
1644422461174,Humanitarian organizations call for increased funding to address food crisis affecting Lagos urban poor communities #NaijaEconomy,Neutral,2024-02-13,"Ojo, Lagos"
1718086857663,RT @drythjbhkj: Humanitarian organizations call for increased funding to address food crisis affecting Lagos urban poor communities #Tinubu @faoNG,Neutral,2023-07-29,"Oshodi, Lagos"
1759576589012,"Global food commodity prices continue to affect local markets in Lagos, traders say #GlobalEconomy #EndPoverty",Neutral,2024-09-09,"Lagos Mainland, Lagos"
1607700588051,"I swr I don tire. No food, no money, no hope for Mushin, Lagos. When this suffering go end?",Negative,2023-04-06,"Mushin, Lagos"
1699341476340,Senate committee on agriculture holds hearing on food security situation with ministers and FAO representatives #Lagos,Neutral,2024-05-12,"Somolu, Lagos"
1666949229543,Research team from Covenant University develops NLP model to monitor food crisis signals on Nigerian Twitter http://bit.ly/3xYzAbc @faoNG...,Neutral,2023-01-13,"Mushin, Lagos"
1691805390335,"Cooperative of market women in Kosofe, Lagos launches price stabilization scheme for essential food items. Community power",Positive,2024-01-05,"Kosofe, Lagos"
1633563019440,"What kind of country is this? Apapa, Lagos man wey work hard every day cannot afford to eat three times. Nonsense #FoodScarcity",Negative,2023-04-06,"Apapa, Lagos"
1638509813308,"Omo the tin wey dey happen for Ojo, Lagos market no good at all. E be like say food don become luxury",Negative,2024-03-19,"Ojo, Lagos"
1651343478833,"RT @psbrpqgjn: Mama Tunde for Lagos Island, Lagos say she dey sell her cooking pots because she no fit afford food. This is heartbreaking #FoodCrisis...",Negative,2023-11-04,"Lagos Island, Lagos"
1616059986772,"What kind of country is this? Ajeromi-Ifelodun, Lagos man wey work hard every day cannot afford to eat three times. Nonsense #FoodCrisis",Negative,2024-07-01,"Ajeromi-Ifelodun, Lagos"
1615458982992,"Displaced families from Borno and Zamfara are now in Epe, Lagos and competing for already scarce food resources #FoodPrices https://t.co/QwErTy9876...",Negative,2023-01-08,"Epe, Lagos"
1705027297526,"Fuel price goes up, food price goes up, transport goes up… only salary stays loyal 😂😭 #Nigeria #Inflation #ZeroHunger",Negative,2024-11-04,"Apapa, Lagos"
1625605426221,"Bama, Yola, now people dey flee to Agege, Lagos and food supply cannot handle the population pressure...",Negative,2023-04-29,"Agege, Lagos"
1669550060702,"We dey manage half cup of garri for the whole family for Lagos Mainland, Lagos, e too hard 😭 @NigeriaGov",Negative,2024-06-15,"Lagos Mainland, Lagos"
1756166948716,"Prices of tomatoes and pepper coming down small in Ajeromi-Ifelodun, Lagos market this week. E dey give us hope small small @UN_Nigeria",Positive,2023-10-08,"Ajeromi-Ifelodun, Lagos"
1766625684733,"Governor of Lagos personally supervises food distribution in Epe, Lagos community. At least they are paying attention now",Positive,2023-05-20,"Epe, Lagos"
1747833040896,"Rice don reach 120k per bag for Epe, Lagos, how person go chop? #FoodCrisis #Lagos",Negative,2024-04-04,"Epe, Lagos"
1613909841682,"This is engineered scarcity. Nigeria should be feeding West Africa but people dey starve for Apapa, Lagos",Negative,2023-09-08,"Apapa, Lagos"
1672632496196,"Opolopo eniyan n jiya ninu Kosofe, Lagos. Owo ko si, ounje ko si. Oluwa gba wa o 😭...",Negative,2023-06-19,"Kosofe, Lagos"
1676678079573,"Praise God! The foodbank in Ikorodu, Lagos got a massive donation today. Over 500 families will eat this week 🙌 #Lagos https://t.co/QwErTy9876 @NigeriaPolice",Positive,2023-06-09,"Ikorodu, Lagos"
1679333049548,Lagos State Food Bank Initiative records 40% increase in demand from low income households in 2024 http://naijatalk.xyz,Neutral,2024-06-29,"Baruwa, Lagos"
1744359107455,"Small wins: price of Indomie noodles remains stable in Shomolu, Lagos despite general inflation. At least one thing holding http://bit.ly/3xYzAbc @NigeriaPolice",Positive,2023-12-04,"Shomolu, Lagos"
1775066157660,"Microfinance bank launches special loan product for food vendors and market women in Kosofe, Lagos. This will help #NaijaProblems",Positive,2024-10-08,"Kosofe, Lagos"
1612459690743,"I am not exaggerating when I say d food situation in Agege, Lagos is a humanitarian emergency waiting to be declared #EndPoverty @officialABAT",Negative,2023-06-14,"Agege, Lagos"
1765201601504,"Federal goverment to import 500,000 metric tonnes of rice to stabilize prices in cities including Lagos #HardTimes http://naijatalk.xyz",Neutral,2023-09-29,"Oshodi, Lagos"
1687264055102,"Joint statement by NGOs: food situation in Kosofe, Lagos requires urgent coordinated humanitarian response #HardTimes",Neutral,2024-11-11,"Kosofe, Lagos"
1616099224493,"TUC has threatened a nationwide protest on May Day over worsening economic hardship, citing rising food prices. naijatalk.xyz http://bit.ly/3xYzAbc",Neutral,2023-06-27,"Agege, Lagos"
1659205476986,"Insecurity has made farming impossible in the north. Mushin, Lagos markets are now running on dwindling reserves #ZeroHunger",Negative,2023-07-31,"Mushin, Lagos"
1609106852588,"Empty stalls everywhere in Mushin, Lagos market today. Wholesale supply has dried up completely #FoodScarcity",Negative,2024-08-23,"Mushin, Lagos"
1717635985519,"Federal government to import 500,000 metric tonnes of rice to stabilize prices in cities including Lagos",Neutral,2024-06-13,"Ifako-Ijaiye, Lagos"
1748588716669,"RT @uzgyxbcmks: Have you seen the price of baby food nkor? Diapers nkor? Rent in Ikorodu, Lagos nkor? How person go manage?? https://t.co/xK7mN3pQrL",Negative,2024-07-22,"Ikorodu, Lagos"
1709534546313,"Food security stakeholders gather in Baruwa, Lagos for quarterly review meeting on hunger mitigation strategies #FoodScarcity...",Neutral,2024-04-08,"Baruwa, Lagos"
1794615532410,"How you want police and soldier to respect law when their salary cannot put food on the table for Ajeromi-Ifelodun, Lagos? #SDG2",Negative,2024-02-03,"Ajeromi-Ifelodun, Lagos"
1691036950523,"RT @taopsh: Subsidy removal was supposed to free funds for investment. Tell me one person in Agege, Lagos that benefited from it #Tinubu",Negative,2023-08-24,"Agege, Lagos"
1614694515206,"NBS data shows food inflation in Lagos reached 42% in Q3 2024, highest in five years. #Economy #LagosPalliative",Neutral,2023-04-27,"Surulere, Lagos"
1699183470685,"We dey manage half cup of garri for the whole family for Lagos Island, Lagos, e too hard 😭 @NigeriaGov",Negative,2023-12-17,"Lagos Island, Lagos"
1608800010833,"My uncle in Somolu, Lagos said he cried for the first time in his adult life last night because he could not feed his children #FoodScarcity",Negative,2023-09-16,"Somolu, Lagos"
1768905808181,"What kind of country is this? Ifako-Ijaiye, Lagos man wey work hard every day cannot afford to eat three times. Nonsense #NaijaProblems https://t.co/AbC12dEfGh",Negative,2023-07-09,"Ifako-Ijaiye, Lagos"
1700120754172,The Integrated Food Security Phase Classification (IPC) team begins data collection across Lagos LGAs today,Neutral,2024-06-05,"Baruwa, Lagos"
1695000489890,FAO report: Nigeria ranks among countries with highest rates of acute food insecurity in West Africa. #FoodSecurity,Neutral,2024-08-19,"Ojo, Lagos"
1758053336433,"Indomie, the food of last resort for many families in Shomolu, Lagos, just increased price again. This is deliberate suffering #NigeriaDecides http://naijatalk.xyz",Negative,2023-02-25,"Shomolu, Lagos"
1677058715882,UNICEF report highlights rising acute malnutrition among under-five children in urban Lagos slums,Neutral,2024-11-26,"Mushin, Lagos"
1739209691124,"Stockfish that poor families depend on in Ojo, Lagos has disappeared from markets or become too expensive to buy #HardTimes",Negative,2024-10-17,"Ojo, Lagos"
1707321973350,"Market Watch: prices of key food commodities in Eti-Osa, Lagos reviewed weekly by Lagos Consumer Protection Council",Neutral,2023-09-15,"Eti-Osa, Lagos"
1651869549744,"RT @dnelwbplr: Government dey share food in Abuja for camera. For Lagos Mainland, Lagos ground zero, nothing reach ordinary people",Negative,2024-05-08,"Lagos Mainland, Lagos"
1762132158439,"RT @zehrsooz: My neighbour fainted this morning in Lagos Island, Lagos, doctor say na hunger. 2024 and people dey die of starvation",Negative,2024-01-04,"Lagos Island, Lagos"
1666216942476,"Tomato supply don dry up completely for Apapa, Lagos. Farmers say insecurity for north don finish everything http://bit.ly/3xYzAbc",Negative,2024-08-09,"Apapa, Lagos"
1628998826285,"There is serious food scarcity in Shomolu, Lagos right now. Market shelves dey empty and traders say supply chain broken #FoodPrices",Negative,2024-06-20,"Shomolu, Lagos"
1786925225943,Experts call for policy intervention as Nigeria's 2024 Global Hunger Index score worsens to 28.8 from 27.5 #HardTimes,Neutral,2024-05-11,"Surulere, Lagos"
1710278587703,"Hunger dey kill people for Surulere, Lagos and government dey chop alone. Wickedness at the highest level http://naijatalk.xyz",Negative,2024-05-16,"Surulere, Lagos"
1699761280574,"Noodles, the last option for poor people for Badagry, Lagos, don increase price too. What are we supposed to eat? #ZeroHunger",Negative,2023-07-03,"Badagry, Lagos"
1755088272189,"Fuel price goes up, food price goes up, transport goes up… only salary stays loyal 😂😭 #Nigeria #Inflation",Negative,2024-10-06,"Eti-Osa, Lagos"
1603756463034,"Lagos residents spend an average of 65% of household income on food, new survey by NBS reveals https://t.co/QwErTy9876",Neutral,2023-03-21,"Shomolu, Lagos"
1716615433542,"Tomatoes wey be 500 naira last year don reach 3000 for Alimosho, Lagos mkt. Inflation don kill us #LagosSuffers",Negative,2024-07-14,"Alimosho, Lagos"
1778061412860,"Community garden initiative in Ikorodu, Lagos begins harvest, providing fresh vegetables for 200 local families 🥬🌿 #Suffering",Positive,2023-02-09,"Ikorodu, Lagos"
1725609706972,"Government dey share food in Abuja for camera. For Epe, Lagos ground zero, nothing reach ordinary peopo @faoNG",Negative,2023-06-29,"Epe, Lagos"
1650894691971,"The price of moimoi and akara in Ojo, Lagos has doubled. These are supposed to be the food of the ordinary person #EconomicHardship",Negative,2024-03-01,"Ojo, Lagos"
1605745298252,"Government say they share palliative for Ojo, Lagos but ordinary people for grassroots no see anything. Na lie @wfp_nigeria",Negative,2023-02-03,"Ojo, Lagos"
1713457250388,"Policy responses are weak and useless. Ifako-Ijaiye, Lagos residents are starving while politicians share rice for election",Negative,2023-06-02,"Ifako-Ijaiye, Lagos"
1737642926883,"Fuel price goes up, fd price goes up, transport goes up… only salary stays loyal 😂😭 #Nigeria #Inflation #InflationNG",Negative,2024-01-13,"Ikeja, Lagos"
1782868562758,"Corporate organization distributes food items to 1,000 families in Ikorodu, Lagos as part of CSR program 🙏 #GoodNess @faoNG...",Positive,2023-03-11,"Ikorodu, Lagos"
1697141360560,RT @ugudzmlhqt: Lagos State government announces plans to establish food distribution centres across the 20 LGAs. @followlasg,Neutral,2024-07-23,"Oshodi, Lagos"
1708344241180,"New farm produce market opens in Oshodi, Lagos to connect farmers directly to consumers, cutting out middlemen 🌾",Positive,2023-02-08,"Oshodi, Lagos"
1606319449363,"I am not exaggerating when I say the food situation in Ojo, Lagos is a humanitarian emergency waiting to be declared",Negative,2023-10-09,"Ojo, Lagos"
1601178884276,"Household food budget crisis in Apapa, Lagos as prices outpace incomes significantly #NaijaEconomy",Negative,2024-08-02,"Apapa, Lagos"
1652722617541,"There is serious food scarcity in Ikeja, Lagos right now. Market shelves dey empty and traders say supply chain broken @NigeriaPolice",Negative,2023-01-08,"Ikeja, Lagos"
1794891630930,"FEWS NET: Lagos categorized under IPC Phase 2 stress level, with pockets of Phase 3 crisis in informal settlements #InflationNG",Neutral,2024-09-29,"Ikeja, Lagos"
1700537488207,"Na only God go help Apapa, Lagos peopo because government don abandon us completely when e come to food #NigeriaDecides",Negative,2024-10-21,"Apapa, Lagos"
1733031852026,"See the kind suffering wey dey Ojo, Lagos. Pikin dem dey go school empty stomach every day",Negative,2024-01-29,"Ojo, Lagos"
1711452693451,NCDC monitoring nutrition-related health admissions in Lagos hospitals amid rising food insecurity reports,Neutral,2023-11-29,"Epe, Lagos"
1689158277290,"Pilot urban farming project in Badagry, Lagos yields first harvest, proves that city food production is very possible 🌾",Positive,2024-04-07,"Badagry, Lagos"
1723251659743,"What kind of country is this? Lagos Island, Lagos man wey work hard every day cannot afford to eat three times. Nonsense #HardTimes",Negative,2023-11-23,"Lagos Island, Lagos"
1755750269393,"Price of garri drops by 15% in Shomolu, Lagos market after new cassava harvest arrives from Ogun State. Small win!...",Positive,2023-02-06,"Shomolu, Lagos"
1668045872334,"Armed forces salary cannot buy food for their families in Ikorodu, Lagos. This is how corruption and abuse of power starts @UN_Nigeria",Negative,2024-03-05,"Ikorodu, Lagos"
1657775532784,"Global food commodity prices continue to affect local markets in Lagos, traders say #GlobalEconomy http://bit.ly/3xYzAbc",Neutral,2023-06-15,"Lagos Island, Lagos"
1643508304461,"A bag of beans that was 35k last January is now 90k in Agege, Lagos. Tell me this is not engineered scarcity #FoodCrisis @followlasg",Negative,2024-08-21,"Agege, Lagos"
1618684815260,"NGO distributes 500 food packs to vulnerable families in Somolu, Lagos today. This is the kind of help we need",Positive,2024-08-08,"Somolu, Lagos"
1739476633126,RT @gqxzla: International Monetary Fund warns that Nigeria's fud inflation could remain elevated through 2025 without reforms,Neutral,2024-07-01,"Mushin, Lagos"
1778792582685,Senators from Lagos agree to review food importation policy to support local farmers. Long overdue but good...,Positive,2023-12-02,"Kosofe, Lagos"
1757657123297,"Microfinance bank launches special loan product for food vendors and market women in Epe, Lagos. This will help #NaijaProblems",Positive,2023-08-23,"Epe, Lagos"
1624425539508,"RT @sqegudnknd: NGO distributes 500 food packs to vulnerable families in Oshodi, Lagos today. This is the kind of help we need http://bit.ly/3xYzAbc",Positive,2024-10-10,"Oshodi, Lagos"
1641163696438,"Old mama for Kosofe, Lagos say she never chop for two days. Nobody dey care about the poor again",Negative,2024-08-02,"Kosofe, Lagos"
1781451005358,"I swr I don tire. No food, no money, no hope for Ikeja, Lagos. When this suffering go end? #NaijaEconomy @NigeriaPolice",Negative,2024-03-15,"Ikeja, Lagos"
1776868499751,"School dropout rate in Apapa, Lagos is rising because parents cannot afford school fees AND food at the same time #InflationNG",Negative,2023-10-16,"Apapa, Lagos"
1613171869297,"Another Yariba state with massive hunger. Lagos was built by Nigerians, not by government. Ikorodu, Lagos people are suffering #Suffering https://t.co/AbC12dEfGh",Negative,2024-02-25,"Ikorodu, Lagos"
1712494810386,"A bag of beans that was 35k last January is now 90k in Mushin, Lagos. Tell me this is not engineered scarcity",Negative,2023-07-10,"Mushin, Lagos"
1682820239738,"RT @tnnub: A bag of beans that was 35k last January is now 90k in Lagos Mainland, Lagos. Tell me this is not engineered scarcity",Negative,2023-01-25,"Lagos Mainland, Lagos"
1733232959895,"Displaced families from Borno and Zamfara are now in Apapa, Lagos and competing for already scarce food resources #NaijaProblems",Negative,2024-06-03,"Apapa, Lagos"
1708154403326,"NBS data shows food inflation in Lagos reached 42% in Q3 2024, highest in five years. #Economy",Neutral,2024-03-13,"Baruwa, Lagos"
1728172247442,Senators from Lagos agree to review food importation policy to support local farmers. Long overdue but good #FoodScarcity https://t.co/QwErTy9876 @NigeriaGov,Positive,2024-02-21,"Ikorodu, Lagos"
1648010262987,"The price of a 50kg bag of rice in Apapa, Lagos market currently stands at N85,000 according to traders. #MarketUpdate #NaijaEconomy https://t.co/AbC12dEfGh",Neutral,2023-07-05,"Apapa, Lagos"
1607196462270,UNICEF report highlights rising acute malnutrition among under-five children in urban Lagos slums,Neutral,2023-06-04,"Somolu, Lagos"
1736291075899,Lagos State Agricultural Development Authority holds meeting on strategies to reduce fud import dependency #Lagos @NigeriaPolice,Neutral,2024-06-07,"Ojo, Lagos"
1632689181397,"Women in Alimosho, Lagos are being forced into dangerous situations just to feed their families. The hunger is that real #Suffering https://t.co/QwErTy9876",Negative,2023-05-12,"Alimosho, Lagos"
1687211662595,"The conflict in the north has broken food supply chains all the way down to Ajeromi-Ifelodun, Lagos. We are all affected...",Negative,2024-08-12,"Ajeromi-Ifelodun, Lagos"
1681021237564,"Finally! Mobile food market comes to Eti-Osa, Lagos, bringing affordable produce directly to underserved communities #Tinubu",Positive,2024-02-14,"Eti-Osa, Lagos"
1705995669534,"The new direct-farmer market in Ajeromi-Ifelodun, Lagos is reducing prices by 20-40% compared to regular markets. Go there! #FoodCrisis...",Positive,2024-10-08,"Ajeromi-Ifelodun, Lagos"
1685974370509,"The price of a 50kg bag of rice in Ajeromi-Ifelodun, Lagos markeet currently stands at N85,000 according to traders. #MarketUpdate",Neutral,2023-03-30,"Ajeromi-Ifelodun, Lagos"
1744970209411,"Mama Tunde for Epe, Lagos say she dey sell her cooking pots because she no fit afford food. This is heartbreaking #NaijaProblems",Negative,2024-03-07,"Epe, Lagos"
1622084883147,"NBS data shows food inflation in Lagos reached 42% in Q3 2024, highest in five years. #Economy https://t.co/QwErTy9876",Neutral,2023-11-26,"Ikeja, Lagos"
1781132022806,"My children dey cry for food since last night and I no get anything to give them. Ikorodu, Lagos is suffering #ZeroHunger",Negative,2024-11-16,"Ikorodu, Lagos"
1622040892907,"Food scarcity is not natural. It is a policy failure. Alimosho, Lagos residents are paying with their lives and health",Negative,2024-12-16,"Alimosho, Lagos"
1756046966373,Humanitarian organizations call for increased funding to address food crisis affecting Lagos urban poor communities,Neutral,2023-03-09,"Shomolu, Lagos"
1688523684942,"Three days now my family don dey eat once a day. Agege, Lagos. God abeg help us #NaijaEconomy",Negative,2023-10-14,"Agege, Lagos"
1647061693932,Lagos State Food Bank Initiative records 40% increase in demand from low income households in 2024,Neutral,2023-09-08,"Surulere, Lagos"
1739816918618,"Opolopo eniyan n jiya ninu Oshodi, Lagos. Owo ko si, ounje ko si. Oluwa gba wa o 😭",Negative,2024-07-23,"Oshodi, Lagos"
1696142917655,"Plantain wey grow right here in Badagry, Lagos outskirts don reach 600 per finger. Local food inflation is crazy http://bit.ly/3xYzAbc",Negative,2023-11-23,"Badagry, Lagos"
1714320615758,Senate committee on agriculture holds hearing on food security situation with ministers and FAO representatives,Neutral,2024-03-09,"Agege, Lagos"
1769043895148,"Snack shops near me in Ajeromi-Ifelodun, Lagos don increase price by 30% because of gas wahala. Na us go suffer am @faoNG",Negative,2023-01-30,"Ajeromi-Ifelodun, Lagos"
1779639281235,"Food prices for key staples like yam and plantain have stabilized in Ojo, Lagos market this week. Hope is not lost #EconomicHardship",Positive,2024-10-20,"Ojo, Lagos"
1757056866712,"The supply chain for staple food items in Lagos Mainland, Lagos has completely broken down. Government must act now #ZeroHunger",Negative,2023-05-26,"Lagos Mainland, Lagos"
1722835702732,"How you want police and soldier to respect law when their salary cannot put food on the table for Ikeja, Lagos? @UN_Nigeria",Negative,2023-12-27,"Ikeja, Lagos"
1783379946390,"RT @kjjeblgvo: I swr I don tire. No food, no money, no hope for Badagry, Lagos. When this suffering go end?",Negative,2023-04-10,"Badagry, Lagos"
1636251670444,"Finally! Mobile food market comes to Kosofe, Lagos, bringing affordable produce directly to underserved communities #Inflation",Positive,2024-07-28,"Kosofe, Lagos"
1644246175446,"The conflict in the north has broken foood supply chains all the way down to Ajeromi-Ifelodun, Lagos. We are all affected #EconomicHardship http://naijatalk.xyz",Negative,2023-10-08,"Ajeromi-Ifelodun, Lagos"
1605259132207,"Nobody is held accountable when children die of malnutrition in Lagos Island, Lagos. Government must be charged for this #ZeroHunger",Negative,2023-01-24,"Lagos Island, Lagos"
1720386915083,"Climate shock plus conflict plus inflation equals catastrophe for food security in Mushin, Lagos. This is a perfect storm #FoodPrices",Negative,2023-05-30,"Mushin, Lagos"
1634909519709,Central Bank of Nigeria attributes food inflation partly to exchange rate pass-through on imported food items,Neutral,2024-11-27,"Apapa, Lagos"
1723593530675,"Market Watch: prices of key food commodities in Ikeja, Lagos reviewed weekly by Lagos Consumer Protection Council",Neutral,2024-07-10,"Ikeja, Lagos"
1616488995632,"Federal government to import 500,000 metric tonnes of rice to stabilize prices in cities including Lagos #EconomicHardship http://bit.ly/3xYzAbc",Neutral,2024-08-17,"Ikeja, Lagos"
1608983313948,"Youth group in Agege, Lagos starts rooftop farming project to grow vegetables for local community. Innovation! 🌿...",Positive,2024-08-07,"Agege, Lagos"
1794810790880,"Rice don reach 120k per bag for Kosofe, Lagos, how person go chop? #FoodCrisis #Lagos #Inflation",Negative,2024-02-24,"Kosofe, Lagos"
1755679243702,New study from University of Lagos examines relationship between Twitter sentiment and food price trends in Nigeria #LagosSuffers https://t.co/AbC12dEfGh,Neutral,2024-09-08,"Ajeromi-Ifelodun, Lagos"
1767176652048,"Na only God go help Eti-Osa, Lagos people because government don abandon us completely when e come to food",Negative,2023-03-08,"Eti-Osa, Lagos"
1650427618767,"I went to Lagos Mainland, Lagos market today and came back empty handed. My 10k could not buy anything meaningful for a family of five #Suffering @followlasg",Negative,2023-10-23,"Lagos Mainland, Lagos"
1667906651242,"The number of children with visible signs of malnutrition in Lagos Mainland, Lagos schools is increasing. Teachers are reporting this",Negative,2023-10-01,"Lagos Mainland, Lagos"
1799336403108,"Market survey in Oshodi, Lagos: a basket of tomatoes now costs N4,500 compared to N1,200 same period last year",Neutral,2023-03-14,"Oshodi, Lagos"
1699125271771,"Market traders association in Oshodi, Lagos issues statement on factors driving the current food price increases #Inflation",Neutral,2024-07-16,"Oshodi, Lagos"
1631810729186,"What kind of country is this? Ikorodu, Lagos man wey work hard every day cant afford to eat three times. Nonsense #NaijaProblems",Negative,2024-07-02,"Ikorodu, Lagos"
1729069028512,"RT @upyvshmvc: Rice price drops slightly in Ifako-Ijaiye, Lagos market after government releases emergency reserves. Little relief for families #EndPoverty",Positive,2024-08-12,"Ifako-Ijaiye, Lagos"
1602873030685,Senators from Lagos agree to review food importation policy to support local farmers. Long overdue but good #Suffering,Positive,2023-10-15,"Ikeja, Lagos"
1753724115929,"Government don release palliative for Ikorodu, Lagos today! Rice, beans, garri. At least something small reach the people 🙏",Positive,2023-04-15,"Ikorodu, Lagos"
1670887553701,"The conflict in the north has broken food supply chains all the way down to Ojo, Lagos. We are all affected",Negative,2024-07-09,"Ojo, Lagos"
1610993228181,"Indomie, the food of last resort for many families in Ajeromi-Ifelodun, Lagos, just increased price again. This is deliberate suffering #NigeriaDecides",Negative,2024-08-17,"Ajeromi-Ifelodun, Lagos"
1611627053645,"Na only God go help Lagos Island, Lagos people because government don abandon us completely when e come to food #Inflation https://t.co/AbC12dEfGh",Negative,2024-11-12,"Lagos Island, Lagos"
1680939810785,"The cost of feeding a family of four in Lagos has risen from N40,000 to N120,000 per month in two years #SDG2",Neutral,2023-12-05,"Ifako-Ijaiye, Lagos"
1624285611888,"Old mama for Badagry, Lagos say she never chop for two days. Nobody dey care about the poor again #NaijaProblems",Negative,2023-08-16,"Badagry, Lagos"
1733689832400,"Government don release palliative for Ikorodu, Lagos today! Rice, beans, garri. At least something small reach the people 🙏 #LagosSuffers",Positive,2024-06-23,"Ikorodu, Lagos"
1672083392075,Lagos chamber of commerce holds summit on strategies to stabilize food supply chains in the state @UN_Nigeria...,Neutral,2023-11-04,"Mushin, Lagos"
1755256189684,"Semovita don finish for all shops in Somolu, Lagos. Supplier say factory dey ration production because of raw material cost",Negative,2024-05-21,"Somolu, Lagos"
1642000840044,"RT @ydavuzfeu: Federal government to import 500,000 metric tonnes of rice to stabilize prices in cities including Lagos #LagosSuffers http://bit.ly/3xYzAbc",Neutral,2023-05-12,"Ikorodu, Lagos"
1754634257833,"The price of a 50kg bag of rice in Ikeja, Lagos market currently stands at N85,000 according to traders. #MarketUpdate",Neutral,2023-06-27,"Ikeja, Lagos"
1741752550724,"The children for my area in Ikeja, Lagos are visibly malnourished. This is a crisis nobody is talking about #ZeroHunger http://bit.ly/3xYzAbc",Negative,2023-02-19,"Ikeja, Lagos"
1644043562705,"Market traders association in Ikorodu, Lagos issues statement on factors driving the current food price increases http://bit.ly/3xYzAbc",Neutral,2024-03-22,"Ikorodu, Lagos"
1646858135110,"Opolopo eniyan n jiya. Food cost for Ajeromi-Ifelodun, Lagos Island don pass roof. #NaijaEconomy",Negative,2024-01-04,"Ajeromi-Ifelodun, Lagos"
1724389389446,"Pilot urban farming project in Apapa, Lagos yields first harvest, proves that city food production is very possible 🌾 @followlasg",Positive,2023-10-11,"Apapa, Lagos"
1665471125870,RT @vrlbwi: UNICEF report highlights rising acute malnutrition among under-five children in urban Lagos slums,Neutral,2023-10-15,"Kosofe, Lagos"
1721925671645,"RT @dlicbuoofg: Pepper, tomato and onion combination now extremely scarce and expensive for Ifako-Ijaiye, Lagos market. Cooking don become gold",Negative,2024-10-07,"Ifako-Ijaiye, Lagos"
1636029830000,"Na only God go help Alimosho, Lagos people because government don abandon us completely when e come to fd",Negative,2023-04-23,"Alimosho, Lagos"
1692444375695,Senate committee on agriculture holds hearing on food security situation with ministers and FAO representatives,Neutral,2024-01-09,"Ajeromi-Ifelodun, Lagos"
1785124322465,"Food scarcity is not natural. It is a policy failure. Badagry, Lagos residents are paying with their lives and health #SDG2 https://t.co/xK7mN3pQrL @MBuhari",Negative,2024-07-15,"Badagry, Lagos"
1656091902319,"The priice of a 50kg bag of rice in Ojo, Lagos market currently stands at N85,000 according to traders. #MarketUpdate",Neutral,2023-11-23,"Ojo, Lagos"
1767915312347,"Hunger dey kill people for Agege, Lagos and government dey chop alone. Wickedness at the highest level #LagosPalliative @NigeriaGov",Negative,2024-02-25,"Agege, Lagos"
1770680179204,"RT @wuicljhu: The psychological trauma of not knowing where your next meal will come from is destroying Shomolu, Lagos communities #Nigeria",Negative,2023-09-06,"Shomolu, Lagos"
1749652193284,"The price of a 50kg bag of rice in Kosofe, Lagos market currently stands at N85,000 according to traders. #MarketUpdate",Neutral,2024-04-26,"Kosofe, Lagos"
1792353978867,"The psychological trauma of not knowing where your next meal will come from is destroying Ifako-Ijaiye, Lagos communities...",Negative,2024-12-29,"Ifako-Ijaiye, Lagos"
1639024407761,"Mama Tunde for Lagos Mainland, Lagos say she dey sell her cooking pots because she no fit afford food. This is heartbreaking",Negative,2023-08-01,"Lagos Mainland, Lagos"
1710770135588,"Tomatoes wey be 500 naira last year don reach 3000 for Mushin, Lagos market. Inflation don kill us",Negative,2023-01-15,"Mushin, Lagos"
1619730778142,"Eyan Epe, Lagos ti fẹrẹ ta gbogbo ohun ini won lati le ra ounje. Ebi n pa gbogbo eniyan #LagosSuffers @officialABAT",Negative,2024-06-24,"Epe, Lagos"
1631902502965,"Our local government in Eti-Osa, Lagos has done absolutely nothing about the food crisis. They only appear during election",Negative,2023-08-26,"Eti-Osa, Lagos"
1767082821578,"We dey Kosofe, Lagos, hunger no dey respect anybody. Rich, poor, everybody dey feel am now http://naijatalk.xyz",Negative,2023-12-12,"Kosofe, Lagos"
1755181422190,"Federal government to import 500,000 metric tonnes of rice to stabilize prices in cities including Lagos",Neutral,2023-04-23,"Oshodi, Lagos"
1696204835156,"RT @nsprjrzch: Yeparipa! Eba don reach 800 for Badagry, Lagos? Na so we go chop sand soon? 😭 #NaijaProblems",Negative,2024-11-16,"Badagry, Lagos"
1603207911561,"Subsidy removal was supposed to free funds for investment. Tell me one person in Mushin, Lagos that benefited from it",Negative,2023-05-13,"Mushin, Lagos"
1663574059125,"We beg government make una intervene on food prices for Ifako-Ijaiye, Lagos. People dey suffer in silence...",Negative,2024-06-16,"Ifako-Ijaiye, Lagos"
1745328163417,"I swr hunger wan collect my pikin from me, we no chop since yesterday for Alimosho, Lagos 😥",Negative,2023-03-15,"Alimosho, Lagos"
1782115004306,"High cost of living don swallow us for Eti-Osa, Lagos. Expenses higher than income, business dey struggle",Negative,2024-09-08,"Eti-Osa, Lagos"
1612726034334,"Federal government emergency food intervention reaches Ikorodu, Lagos today. 2000 households receive support",Positive,2024-04-07,"Ikorodu, Lagos"
1768697862850,"NGO distributes 500 food packs to vulnerable families in Eti-Osa, Lagos today. This is the kind of help we need https://t.co/xK7mN3pQrL",Positive,2023-01-25,"Eti-Osa, Lagos"
1647930183240,"Dangote Group donates 10,000 bags of rice and 5,000 litres of oil to food bank serving Somolu, Lagos communities",Positive,2024-03-03,"Somolu, Lagos"
1629019000848,"Youth group in Oshodi, Lagos starts rooftop farming project to grow vegetables for local community. Innovation! 🌿",Positive,2023-12-23,"Oshodi, Lagos"
1683639971629,"Rice don reach 120k per bag for Lagos Mainland, Lagos, how person go chop? #FoodCrisis #Lagos #Hunger",Negative,2024-02-15,"Lagos Mainland, Lagos"
1686700357654,"International food aid organization begins registration of vulnerable households in Mushin, Lagos for monthly food support",Positive,2023-07-09,"Mushin, Lagos"
1682804985565,"We beg government make una intervene on food prices for Ajeromi-Ifelodun, Lagos. People dey suffer in silence",Negative,2023-06-21,"Ajeromi-Ifelodun, Lagos"
1607100577390,"Household food budget crisis in Epe, Lagos as prces outpace incomes significantly #NaijaEconomy",Negative,2023-02-03,"Epe, Lagos"
1667637443095,"Men in Ojo, Lagos are breaking down. Breadwinners cannot provide. Family pressure from hunger is destroying homes #Tinubu",Negative,2024-11-30,"Ojo, Lagos"
1676765926430,"We dey manage half cup of garri for the whole family for Lagos Mainland, Lagos, e too hard 😭 @NigeriaGov",Negative,2023-05-01,"Lagos Mainland, Lagos"
1601247437523,"RT @mopbjx: Our local government in Shomolu, Lagos has done absolutely nothing about the food crisis. They only appear during election http://naijatalk.xyz @MBuhari",Negative,2023-09-04,"Shomolu, Lagos"
1699907646453,"Eyan Alimosho, Lagos ti fẹrẹ ta gbogbo ohun ini won lati le ra ounje. Ebi n pa gbogbo eniyan #InflationNG",Negative,2024-06-09,"Alimosho, Lagos"
1686131879996,"Prices of tomatoes and pepper coming down small in Ajeromi-Ifelodun, Lagos market this week. E dey give us hope small small http://naijatalk.xyz",Positive,2023-10-20,"Ajeromi-Ifelodun, Lagos"
1787605886082,"WFP has begun food distribution in Ifako-Ijaiye, Lagos community today. Families are receiving assistance 🙏 #Relief @NigeriaPolice",Positive,2024-12-26,"Ifako-Ijaiye, Lagos"
1642995095149,"The last time I bought cooking oil in Lagos Mainland, Lagos market was three months ago. The price has gone from 2k to 6.5k",Negative,2024-03-03,"Lagos Mainland, Lagos"
1711097681777,"RT @dyiqpp: Policy responses are weak and useless. Apapa, Lagos residents are starving while politicians share rice for election",Negative,2024-01-26,"Apapa, Lagos"
1646208590961,"RT @vphket: The price of a 50kg bag of rice in Kosofe, Lagos market currently stands at N85,000 according to traders. #MarketUpdate #HardTimes http://naijatalk.xyz",Neutral,2023-07-23,"Kosofe, Lagos"
1791422462812,"TUC don threaten nationwide protest over worsening economic hardship in Nigeria, citing food prices. #Lagos #Hunger",Negative,2023-04-17,"Ifako-Ijaiye, Lagos"
1614483591814,"Government don release palliative for Ajeromi-Ifelodun, Lagos today! Rice, beans, garri. At least something small reach the people 🙏 https://t.co/xK7mN3pQrL...",Positive,2023-06-02,"Ajeromi-Ifelodun, Lagos"
1770781138370,"Snack shops near me in Alimosho, Lagos don increase price by 30% because of gas wahala. Na us go suffer am #LagosSuffers",Negative,2024-08-24,"Alimosho, Lagos"
1619706637131,"Even sachet water for Shomolu, Lagos don increase. Pure water wey be 10 naira don reach 30 naira. What is going on?",Negative,2024-02-23,"Shomolu, Lagos"
1602303090267,"Budget was passed, billions allocated for food security, yet Oshodi, Lagos residents are starving. Where is the money? #FoodCrisis",Negative,2024-10-04,"Oshodi, Lagos"
1676077602247,"RT @dwunyoy: My children dey cry for fd since last night and I no get anything to give them. Kosofe, Lagos is suffering #Nigeria",Negative,2023-05-27,"Kosofe, Lagos"
1790284622725,"Hunger dey kill people for Lagos Mainland, Lagos and government dey chop alone. Wickedness at the highest level",Negative,2024-02-17,"Lagos Mainland, Lagos"
1651175267758,"Bama, Yola, now people dey flee to Badagry, Lagos and food supply cannot handle the population pressure",Negative,2023-03-18,"Badagry, Lagos"
1768784804472,"Cooperative of market women in Ikorodu, Lagos launches price stabilization scheme for essential food items. Community power #FoodCrisis...",Positive,2024-02-05,"Ikorodu, Lagos"
1796181992665,Lagos State government announces plans to establish food distribution centres across the 20 LGAs. @followlasg #HardTimes,Neutral,2024-03-04,"Kosofe, Lagos"
1760772614359,"Cooperative of mkt. women in Oshodi, Lagos launches price stabilization scheme for essential food items. Community power #SDG2 @MBuhari",Positive,2023-02-12,"Oshodi, Lagos"
1797750409634,"The children for my area in Ojo, Lagos are visibly malnourished. This is a crisis nobody is talking about #Suffering",Negative,2023-12-28,"Ojo, Lagos"
1733237103940,"We dey manage half cup of garri for thee whole family for Ikeja, Lagos, e too hard 😭 @NigeriaGov @MBuhari",Negative,2024-02-06,"Ikeja, Lagos"
1607874882122,Nigeria's food import bill rose to $5.8 billion in 2023 amid declining local agricultural productivity,Neutral,2023-11-09,"Oshodi, Lagos"
1744268408133,"Abeg make government come help Ajeromi-Ifelodun, Lagos people o. Ebi dey kill us here every day",Negative,2023-06-21,"Ajeromi-Ifelodun, Lagos"
1734840492626,"RT @ldxvibleov: The irony of Apapa, Lagos being the commercial hub of Nigeria while millions of its residents go to bed hungry every night #FoodCrisis...",Negative,2023-01-31,"Apapa, Lagos"
1719045266482,"RT @vymkv: The number of children with visible signs of malnutrition in Lagos Mainland, Lagos schools is increasing. Teachers are reporting this",Negative,2023-04-13,"Lagos Mainland, Lagos"
1708945361466,"A man collapsed from hunger near Somolu, Lagos today. No food, no hope. This country don finish us",Negative,2023-08-17,"Somolu, Lagos"
1768180674176,RT @vqmpzceu: Lagos State Agricultural Development Authority holds meeting on strategies to reduce food import dependency,Neutral,2024-07-10,"Ajeromi-Ifelodun, Lagos"
1716417402979,"No tomato, no pepper, no onion for Ifako-Ijaiye, Lagos market today. Traders say trucks from Kano cannot pass the road",Negative,2024-01-06,"Ifako-Ijaiye, Lagos"
1633178750253,"Opolopo eniyan n jiya. Food cost for Oshodi, Lagos Island don pass roof. #NaijaEconomy",Negative,2023-07-04,"Oshodi, Lagos"
1619779167549,"Ground report from Baruwa, Lagos: how street food vendors are adjusting portion sizes to manage rising ingredient costs #FoodPrices",Neutral,2023-09-02,"Baruwa, Lagos"
1641730271478,"Imagine what is going on in Ifako-Ijaiye, Lagos. Is it d govt that will stop people from being hungry? When will they act? #InflationNG",Negative,2024-07-07,"Ifako-Ijaiye, Lagos"
1633202016466,"RT @lzkgevb: Nobody is held accountable when children die of malnutrition in Badagry, Lagos. Government must be charged for this https://t.co/xK7mN3pQrL @wfp_nigeria",Negative,2023-06-18,"Badagry, Lagos"
1761137211140,"Displaced families from Borno and Zamfara are now in Shomolu, Lagos and competing for already scarce food resources #SDG2 @NigeriaPolice",Negative,2024-11-04,"Shomolu, Lagos"
1624415451059,"Beans, the protein of the poor for Ikorodu, Lagos, is now a luxury. A paint bucket of beans cost 8000 naira",Negative,2024-09-27,"Ikorodu, Lagos"
1681934822636,"My neighbour fainted this morning in Lagos Mainland, Lagos, doctor say na hunger. 2024 and people dey die of starvation",Negative,2023-06-16,"Lagos Mainland, Lagos"
1692558213709,"A bag of beans that was 35k last January is now 90k in Mushin, Lagos. Tell me this is not engineered scarcity",Negative,2023-12-27,"Mushin, Lagos"
1713158591730,"Mama Tunde for Shomolu, Lagos say she dey sell her cooking pots because she no fit afford food. This is heartbreaking #EndPoverty",Negative,2023-06-28,"Shomolu, Lagos"
1673572884348,NCDC monitoring nutrition-related health admissions in Lagos hospitals amid rising food insecurity reports,Neutral,2023-03-20,"Oshodi, Lagos"
1680073841381,"See the kind suffering wey dey Baruwa, Lagos. Pikin dem dey go school empty stomach every day",Negative,2023-11-27,"Baruwa, Lagos"
1642323637545,"Three days now my famliy don dey eat once a day. Somolu, Lagos. God abeg help us",Negative,2023-05-21,"Somolu, Lagos"
1615651441405,"I no chop since morning, wallet empty, no food for house. Somolu, Lagos life don become survival of the fittest #NaijaEconomy",Negative,2024-02-05,"Somolu, Lagos"
1700334567894,"Bama, Yola, now people dey flee to Eti-Osa, Lagos and food supply cannot handle the population pressure https://t.co/AbC12dEfGh",Negative,2024-07-27,"Eti-Osa, Lagos"
1633413448856,"Even sachet water for Kosofe, Lagos don increase. Pure water wey be 10 naira don reach 30 naira. What is going on?",Negative,2023-08-29,"Kosofe, Lagos"
1752098656783,"RT @dayo_naija: Surulere, Lagos market food prices up by 60 percent in three months alone #InflationNG",Negative,2024-07-24,"Surulere, Lagos"
1790943835326,"Cooperative of market women in Ikeja, Lagos launches price stabilization scheme for essential food items. Community power...",Positive,2024-10-19,"Ikeja, Lagos"
1665269079698,"Great news for Epe, Lagos residents: community food cooperative launches to help families access affordable food #Tinubu",Positive,2023-03-27,"Epe, Lagos"
1776477889984,"Government officials dey chop millions while people dey die of hunger for Badagry, Lagos. Shame on all of you",Negative,2024-08-10,"Badagry, Lagos"
1775369302758,New study from University of Lagos examines relationship between Twitter sentiment and food price trends in Nigeria #FoodScarcity,Neutral,2023-06-18,"Kosofe, Lagos"
1724330258686,New study from University of Lagos examines relationship between Twitter sentiment and food priice trends in Nigeria https://t.co/AbC12dEfGh,Neutral,2024-07-28,"Kosofe, Lagos"
1727918356201,Humanitarian organizations call for increased funding to address food crisis affecting Lagos urban poor communities #NaijaProblems,Neutral,2024-01-09,"Oshodi, Lagos"
1748650673219,"A man collapsed from hunger near Baruwa, Lagos today. No food, no hope. This country don finish us @followlasg",Negative,2024-05-19,"Baruwa, Lagos"
1734070432368,"Nigeria is not at war but food inflation is crushing households, farmers are unsafe, supply chains are broken in Kosofe, Lagos",Negative,2023-10-26,"Kosofe, Lagos"
1707898129512,"Farmer herder clashes have reduced produce coming to Somolu, Lagos by almost half according to traders in Oyingbo #FoodCrisis",Negative,2024-01-18,"Somolu, Lagos"
1749864409117,"I went to Epe, Lagos market today and came back empty handed. My 10k could not buy anything meaningful for a family of five",Negative,2023-03-24,"Epe, Lagos"
1654299671031,"Old mama for Ifako-Ijaiye, Lagos say she never chop for two days. Nobody dey care about the poor again",Negative,2024-08-26,"Ifako-Ijaiye, Lagos"
1720623584361,"Armed forces salary cannot buy food for their families in Kosofe, Lagos. This is how corruption and abuse of power starts",Negative,2024-03-24,"Kosofe, Lagos"
1628383113536,"Price of garri drops by 15% in Baruwa, Lagos market after new cassava harvest arrives from Ogun State. Small win!",Positive,2024-12-26,"Baruwa, Lagos"
1616044819180,"A loaf of sliced bread in Apapa, Lagos bakery today: 1,200 naira. Last year it was 450 naira. Explain this to me #HardTimes",Negative,2023-07-03,"Apapa, Lagos"
1691026014876,"My area for Apapa, Lagos no get stable food supply since the fuel subsidy removal. Things just dey get worse",Negative,2024-03-23,"Apapa, Lagos"
1680424339189,"Nigeria is not at war but food inflation is crushing households, farmers are unsafe, supply chains are broken in Ifako-Ijaiye, Lagos #Lagos @followlasg",Negative,2023-09-15,"Ifako-Ijaiye, Lagos"
1764297211407,"Pepper, tomato and onion combination now extremely scarce and expensive for Surulere, Lagos market. Cooking don become gold http://bit.ly/3xYzAbc",Negative,2023-01-11,"Surulere, Lagos"
1741971808082,"All the beggars on the streets of Ajeromi-Ifelodun, Lagos are increasing daily because people cannot feed their families anymore http://naijatalk.xyz",Negative,2023-07-28,"Ajeromi-Ifelodun, Lagos"
1624761161953,"Microfinance bank launches special loan product for food vendors and market women in Alimosho, Lagos. This will help @MBuhari",Positive,2023-06-04,"Alimosho, Lagos"
1611074125208,"Corporate organization distributes food items to 1,000 families in Ikeja, Lagos as part of CSR program 🙏 #GoodNess",Positive,2023-02-16,"Ikeja, Lagos"
1631883787622,"Yeparipa! Eba don reach 800 for Ajeromi-Ifelodun, Lagos? Na so we go chop sand soon? 😭 #NaijaProblems #ZeroHunger",Negative,2023-12-30,"Ajeromi-Ifelodun, Lagos"
1796522582843,"I've advocated for mental health checks cos the economic crisis and poor salaries can barely put food on the table in Somolu, Lagos...",Negative,2023-05-14,"Somolu, Lagos"
1652294581355,RT @onlast: Federal Ministry of Agriculture to release emergency food reserve stocks to 10 states including Lagos #Nigeria https://t.co/QwErTy9876 @NigeriaGov,Neutral,2023-05-11,"Apapa, Lagos"
1674391244809,Experts call for policy intervention as Nigeria's 2024 Global Hunger Index score worsens to 28.8 from 27.5,Neutral,2024-11-20,"Alimosho, Lagos"
1784563805284,"See the kind suffering wey dey Agege, Lagos. Pikin dem dey go school empty stomach every day #Hunger",Negative,2023-07-11,"Agege, Lagos"
1643145028395,"Opolopo eniyan n jiya ninu Surulere, Lagos. Owo ko si, ounje ko si. Oluwa gba wa o 😭",Negative,2024-06-30,"Surulere, Lagos"
1635916958498,"Displaced families from Borno and Zamfara are now in Eti-Osa, Lagos and competing for already scarce food resources @MBuhari",Negative,2024-03-28,"Eti-Osa, Lagos"
1706525552176,"Insecurity has made farming impossible in the north. Eti-Osa, Lagos markets are now running on dwindling reserves...",Negative,2023-04-03,"Eti-Osa, Lagos"
1742432858116,"Men in Apapa, Lagos are breaking down. Breadwinners cannot provide. Family pressure from hunger is destroying homes @officialABAT",Negative,2023-08-30,"Apapa, Lagos"
1639485992680,"See the kind suffering wey dey Shomolu, Lagos. Pikin dem dey go school empty stomach every day #EconomicHardship @officialABAT...",Negative,2024-12-31,"Shomolu, Lagos"
1631177571111,"Omo the tin wey dey happen for Ikorodu, Lagos market no good at all. E be like say food don become luxury #LagosSuffers",Negative,2023-10-25,"Ikorodu, Lagos"
1629491322802,"A bag of beans that was 35k last January is now 90k in Baruwa, Lagos. Tell me tis is not engineered scarcity @followlasg",Negative,2024-01-25,"Baruwa, Lagos"
1775678781188,"Yeparipa! Eba don reach 800 for Alimosho, Lagos? Na so we go chop sand soon? 😭 #NaijaProblems",Negative,2024-10-23,"Alimosho, Lagos"
1718502712936,"Eba and vegetable soup used to be the affordable meal for Ifako-Ijaiye, Lagos hustlers. Even that don become expensive now",Negative,2023-03-08,"Ifako-Ijaiye, Lagos"
1766336066617,Nigeria's food import bill rose to $5.8 billion in 2023 amid declining local agricultural productivity,Neutral,2024-05-29,"Shomolu, Lagos"
1620183148970,"Nigeria is not at war but food inflation is crushing households, farmers are unsafe, supply chains are broken in Mushin, Lagos #Tinubu",Negative,2024-01-20,"Mushin, Lagos"
1732490860713,"Policy responses are weak and useless. Ifako-Ijaiye, Lagos residents are starving while politicians share rice for election",Negative,2024-11-11,"Ifako-Ijaiye, Lagos"
1680736643954,"Mama Tunde for Badagry, Lagos say she dey sell her cooking pots because she no fit afford food. This is heartbreaking",Negative,2024-09-03,"Badagry, Lagos"
1613469159270,"Governor of Lagos personally supervises food distribution in Ikeja, Lagos community. At least they are paying attention now",Positive,2024-10-06,"Ikeja, Lagos"
1761912247960,"Noodles, the last option for poor people for Alimosho, Lagos, don increase price too. What are we supposed to eat?",Negative,2023-07-09,"Alimosho, Lagos"
1712871648969,"Government say theey share palliative for Apapa, Lagos but ordinary people for grassroots no see anything. Na lie @wfp_nigeria",Negative,2024-10-31,"Apapa, Lagos"
1636087307143,"My area for Surulere, Lagos no get stable food supply since the fuel subsidy removal. Things just dey get worse @NigeriaPolice",Negative,2024-10-03,"Surulere, Lagos"
1670752713248,"My neighbour fainted this morning in Kosofe, Lagos, doctor say na hunger. 2024 and people dey die of starvation #FoodScarcity",Negative,2023-02-07,"Kosofe, Lagos"
1755089273873,Lagos State Food Bank Initiative records 40% increase in demand from low income households in 2024 http://naijatalk.xyz,Neutral,2023-02-03,"Kosofe, Lagos"
1766807724532,RT @xllgjuur: New USAID-funded study to track social media signals of foood insecurity in Nigerian urban centres @wfp_nigeria,Neutral,2023-11-25,"Badagry, Lagos"
1620289492746,"ActionAid Nigeria releases report on impact of food insecurity on women-headed households in Mushin, Lagos #HardTimes",Neutral,2024-06-24,"Mushin, Lagos"
1731682627084,"Household food budget crisis in Somolu, Lagos as prices outpace incomes significantly #NaijaEconomy http://bit.ly/3xYzAbc",Negative,2024-07-16,"Somolu, Lagos"
1738936087538,"My neighbour fainted this morning in Eti-Osa, Lagos, doctor say na hunger. 2024 and people dey die of starvation #ZeroHunger",Negative,2024-12-27,"Eti-Osa, Lagos"
1627047754390,"Restaurants in Ojo, Lagos are closing because even the middle class can no longer afford to eat out regularly",Negative,2024-02-18,"Ojo, Lagos"
1693464923132,"Men in Somolu, Lagos are breaking down. Breadwinners cannot provide. Family pressure from hunger is destroying homes @followlasg",Negative,2024-05-09,"Somolu, Lagos"
1624820363391,"Food prices in Ikorodu, Lagos have gone completely out of control. A market woman today told me tomatoes are now luxury items",Negative,2024-05-14,"Ikorodu, Lagos"
1616516355638,"How you want police and soldier to respect law when their salary cannot put food on the table for Kosofe, Lagos?",Negative,2023-06-01,"Kosofe, Lagos"
1607304630898,"Omo the tin wey dey happen for Ikeja, Lagos market no good at all. E be like say food don become luxury #NaijaEconomy https://t.co/xK7mN3pQrL",Negative,2024-02-08,"Ikeja, Lagos"
1674388554980,"Is it the government that will stop hunger? They have abandoned Shomolu, Lagos completely. We are on our own #NaijaEconomy",Negative,2023-03-21,"Shomolu, Lagos"
1624354720593,Lagos State Agricultural Development Authority holds meeting on strategies to reduce food import dependency #FoodPrices,Neutral,2024-08-13,"Ojo, Lagos"
1659670421902,"Government say dem share palliative for Lagos Island, Lagos but ordinary people for grassroots no see anything. Na lie #FoodScarcity @NigeriaPolice",Negative,2023-04-06,"Lagos Island, Lagos"
1643272074142,"E dey pain me wey I see how Eti-Osa, Lagos people dey suffer for food while government dey waste money",Negative,2023-01-03,"Eti-Osa, Lagos"
1620964841462,"High cost of living don swallow us for Ikorodu, Lagos. Expenses higher than income, business dey struggle https://t.co/xK7mN3pQrL...",Negative,2023-06-24,"Ikorodu, Lagos"
1778715263772,"School feeding program resumes in Shomolu, Lagos primary schools today after brief suspension. Children are happy 😊 #FoodCrisis https://t.co/xK7mN3pQrL",Positive,2023-08-02,"Shomolu, Lagos"
1681016329670,"A bag of beans that was 35k last January is now 90k in Alimosho, Lagos. Tell me this is not engineered scarcity @followlasg",Negative,2024-06-09,"Alimosho, Lagos"
1647188915197,"Yeparipa! Eba don reach 800 for Somolu, Lagos? Na so we go chop sand soon? 😭 #NaijaProblems @officialABAT",Negative,2024-05-18,"Somolu, Lagos"
1767007088090,"RT @apzbvkm: Food prices in Ikeja, Lagos have gone completely out of control. A market woman today told me tomatoes are now luxury items @NigeriaPolice",Negative,2024-08-08,"Ikeja, Lagos"
1728469529075,"Opolopo eniyan n jiya ninu Ikorodu, Lagos. Owo ko si, ounje ko si. Oluwa gba wa o 😭 @NigeriaGov",Negative,2023-10-19,"Ikorodu, Lagos"
1763264568218,"Traders for Oshodi, Lagos market confirm food prices up by 60 percent in three months #InflationNG #EndPoverty @NigeriaPolice",Negative,2023-10-07,"Oshodi, Lagos"
1672555197729,"Na wa o. The price of yam in Surulere, Lagos is now higher than the price of petrol per litre. Something is wrong https://t.co/xK7mN3pQrL",Negative,2023-07-08,"Surulere, Lagos"
1754466431904,"Na only God go help Epe, Lagos people because government don abandon us completely when e come to food #InflationNG http://bit.ly/3xYzAbc",Negative,2023-06-11,"Epe, Lagos"
1685660465688,"Noodles, the last option for poor people for Agege, Lagos, don increase price too. What are we supposed to eat? @officialABAT",Negative,2024-12-26,"Agege, Lagos"
1642754696325,"The Lagos Urban Agriculture Initiative is training youth in Shomolu, Lagos to grow food on small plots. Inspiring work",Positive,2023-02-01,"Shomolu, Lagos"
1744389415737,"We beg government make una intervene on food prices for Ifako-Ijaiye, Lagos. People dey suffer in silence http://naijatalk.xyz",Negative,2024-05-01,"Ifako-Ijaiye, Lagos"
1736439980480,"Egg wey be 100 per piece for Alimosho, Lagos now. They say poultry feed cost plenty. Na us dey pay the price",Negative,2023-09-16,"Alimosho, Lagos"
1716989479595,"Great news for Mushin, Lagos residents: community food cooperative launches to help families access affordable food",Positive,2024-06-02,"Mushin, Lagos"
1611809891633,"Youth group in Eti-Osa, Lagos starts rooftop farming project to grow vegetables for local community. Innovation! 🌿 #EconomicHardship...",Positive,2024-01-28,"Eti-Osa, Lagos"
1723631726685,"Microfinance bank launches special loan product for food vendors and market women in Ikeja, Lagos. This will help",Positive,2024-08-29,"Ikeja, Lagos"
1674793349651,"RT @tbcllp: How you want police and soldier to respect law when their salary cannot put food on the table for Ikorodu, Lagos? #Suffering",Negative,2023-08-09,"Ikorodu, Lagos"
1601962491159,"My neighbour fainted this morning in Lagos Island, Lagos, doctor say na hunger. 2024 and people dey die of starvation",Negative,2023-05-28,"Lagos Island, Lagos"
1738000059904,"NGOs working in Shomolu, Lagos report 35% increase in demand for emergency food assistance since January 2024 https://t.co/xK7mN3pQrL...",Neutral,2023-04-06,"Shomolu, Lagos"
1765522942049,Senate committee on agriculture holds hearing on fd security situation with ministers and FAO representatives #NigeriaDecides,Neutral,2024-11-07,"Epe, Lagos"
1707395460769,"RT @otxjgekp: Market survey in Eti-Osa, Lagos: a basket of tomatoes now costs N4,500 compared to N1,200 same period last year...",Neutral,2023-08-15,"Eti-Osa, Lagos"
1782458934577,Lagos State Food Bank Initiative records 40% increase in demand from low income households in 2024 #FoodCrisis,Neutral,2023-07-30,"Somolu, Lagos"
1643993941939,"This is engineered scarcity. Nigeria should be feeding West Africa but people dey starve for Ifako-Ijaiye, Lagos",Negative,2023-11-30,"Ifako-Ijaiye, Lagos"
1745444853832,Cadre Harmonisé assessment: 7.2 million people in southwest Nigeria face acute food insecurity in lean season #EndPoverty,Neutral,2023-10-26,"Oshodi, Lagos"
1684117828933,"Na wa o. The price of yam in Ikeja, Lagos is now higher than thee price of petrol per litre. Something is wrong #EconomicHardship",Negative,2024-05-20,"Ikeja, Lagos"
1633942494828,"Omo the tin wey dey happen for Ikeja, Lagos market no good at all. E be like say food don become luxury http://naijatalk.xyz @UN_Nigeria",Negative,2023-04-01,"Ikeja, Lagos"
1736084735984,"The number of children with visible signs of malnutrition in Shomolu, Lagos schools is increasing. Teachers are reporting this @UN_Nigeria",Negative,2024-03-01,"Shomolu, Lagos"
1752699880124,"Policy responses are weak and useless. Ajeromi-Ifelodun, Lagos residents are starving while politicians share rice for election",Negative,2023-08-18,"Ajeromi-Ifelodun, Lagos"
1747569588145,"Tomatoes wey be 500 naira last year don reach 3000 for Somolu, Lagos market. Inflation don kill us",Negative,2024-11-23,"Somolu, Lagos"
1709085408021,"NGOs working in Agege, Lagos report 35% increase in demand for emergency food assistance since January 2024",Neutral,2023-11-02,"Agege, Lagos"
1715798532779,"Depression and anxiety are rising in Agege, Lagos as people struggle to feed. Hunger is a mental health crisis too",Negative,2024-04-17,"Agege, Lagos"
1629178706883,"Just the start. Fuel prices rippling through economy. Fertilizer shortage go make food prices worse thsi season for Ojo, Lagos #NaijaEconomy @NigeriaGov...",Negative,2024-04-12,"Ojo, Lagos"
1715943099478,"RT @dayo_naija: Ifako-Ijaiye, Lagos market food prices up by 60 percent in three months alone #InflationNG http://bit.ly/3xYzAbc...",Negative,2023-10-08,"Ifako-Ijaiye, Lagos"
1799860107850,"See the kind suffering wey dey Alimosho, Lagos. Pikin dem dey go school empty stomach every day #EconomicHardship @wfp_nigeria",Negative,2023-06-07,"Alimosho, Lagos"
1738110303925,"Budget was passed, billions allocated for food security, yet Eti-Osa, Lagos residents are starving. Where is the money?",Negative,2023-02-27,"Eti-Osa, Lagos"
1624239538968,Satellite data from GEOGLAM shows below average crop yields expected in major food producing states this season #Nigeria,Neutral,2024-06-21,"Ikorodu, Lagos"
1747062761691,"First batch of subsidized food from federal strategic reserves arrives at Somolu, Lagos distribution point today #HardTimes @NigeriaGov",Positive,2023-11-28,"Somolu, Lagos"
1696115838652,"Climate shock plus conflict plus inflation equals catastrophe for food security in Eti-Osa, Lagos. This is a perfect storm http://bit.ly/3xYzAbc",Negative,2024-07-13,"Eti-Osa, Lagos"
1727516607047,Senate committee on agriculture holds hearing on food security situation with ministers and FAO representatives #Nigeria,Neutral,2024-11-26,"Apapa, Lagos"
1704700549588,"Hunger dey kill people for Ojo, Lagos and government dey chop alone. Wickedness at thee highest level",Negative,2023-03-24,"Ojo, Lagos"
1639089797590,"A bag of beans that was 35k last January is now 90k in Shomolu, Lagos. Tell me this is not engineered scarcity @faoNG",Negative,2024-12-29,"Shomolu, Lagos"
1761220290761,UNICEF report highlights rising acute malnutrition among under-five kids dem in urban Lagos slums,Neutral,2023-04-04,"Shomolu, Lagos"
1748418058200,Academic paper published: sentiment analysis of Nigerian Twitter reveals early warning signals of food crisis,Neutral,2023-03-01,"Ikeja, Lagos"
1753590755264,"RT @tidopcb: Eba and vegetable soup used to be the affordable meal for Ojo, Lagos hustlers. Even that don become expensive now",Negative,2024-07-08,"Ojo, Lagos"
1711896263455,"Food security stakeholders gather in Ojo, Lagos for quarterly review meeting on hunger mitigation strategies https://t.co/QwErTy9876",Neutral,2024-10-19,"Ojo, Lagos"
1678332544578,"RT @lsnhfsoeb: Government say dy share palliative for Epe, Lagos but ordinary people for grassroots no see anything. Na lie #LagosSuffers",Negative,2023-02-10,"Epe, Lagos"
1784216780339,"I went to Eti-Osa, Lagos market today and came back empty handed. My 10k could not buy anything meaningful for a family of five",Negative,2024-08-03,"Eti-Osa, Lagos"
1711207424533,"The Lagos Urban Agriculture Initiative is training youth in Eti-Osa, Lagos to grow food on small plots. Inspiring work",Positive,2023-02-11,"Eti-Osa, Lagos"
1760137252038,"Small wins: price of Indomie noodles remains stable in Epe, Lagos despite general inflation. At least one thing holding",Positive,2024-09-21,"Epe, Lagos"
1654780137633,"Good news from Lagos Mainland, Lagos: local farmers cooperative reports a 30% increase in food production dis planting season",Positive,2024-09-15,"Lagos Mainland, Lagos"
1796684804286,"What kind of country is this? Ojo, Lagos man wey work hard every day cannot afford to eat three times. Nonsense",Negative,2023-03-01,"Ojo, Lagos"
1707885583872,"RT @rxxbnvk: Local government officials in Oshodi, Lagos conduct market inspection following reports of artificial food scarcity",Neutral,2024-07-11,"Oshodi, Lagos"
1749086231647,"News: emergency food aid distribution begins in three Kosofe, Lagos LGAs targeted by Lagos State government today #Suffering https://t.co/AbC12dEfGh",Neutral,2023-06-03,"Kosofe, Lagos"
1751037698011,Lagos State government announces plans to establish food distribution centres across the 20 LGAs. @followlasg,Neutral,2024-10-21,"Lagos Island, Lagos"
1652437560320,"The price of moimoi and akara in Eti-Osa, Lagos has doubled. These are supposed to be the fud of the ordinary person",Negative,2023-05-16,"Eti-Osa, Lagos"
1696831941905,"The conflict in da north has broken food supply chains all the way down to Kosofe, Lagos. We are all affected #SDG2",Negative,2023-12-21,"Kosofe, Lagos"
1660757054678,"FEWS NET: Lagos categorized under IPC Phase 2 stress level, with pockets of Phase 3 crisis in informal settlements",Neutral,2023-02-18,"Surulere, Lagos"
1728125195427,"Youth group in Apapa, Lagos starts rooftop farming project to grow vegetables for local community. Innovation! 🌿",Positive,2023-08-30,"Apapa, Lagos"
1704284296069,"The price of a 50kg bag of rice in Ifako-Ijaiye, Lagos market currently stands at N85,000 according to traders. #MarketUpdate",Neutral,2024-08-19,"Ifako-Ijaiye, Lagos"
1611295226877,"NBS data shows food inflation in Lagos reached 42% in Q3 2024, highest in five years. #Economy",Neutral,2024-12-05,"Oshodi, Lagos"
1618176686287,"A man collapsed from hunger near Lagos Island, Lagos today. No food, no hope. This country don finish us https://t.co/xK7mN3pQrL @NigeriaPolice",Negative,2023-08-31,"Lagos Island, Lagos"
1679584183736,"We dey manage half cup of garri for the whole family for Kosofe, Lagos, e too hard 😭 @NigeriaGov",Negative,2023-12-16,"Kosofe, Lagos"
1739148936228,"I no chop since morning, wallet empty, no food for house. Somolu, Lagos life don become survival of the fittest @followlasg...",Negative,2023-07-19,"Somolu, Lagos"
1707472785064,"Journalists document conditions in Lagos Island, Lagos food bank where queues begin forming before dawn each day #Lagos https://t.co/QwErTy9876",Neutral,2024-11-08,"Lagos Island, Lagos"
1772489017701,New USAID-funded study to track social media signals of fd insecurity in Nigerian urban centres https://t.co/AbC12dEfGh,Neutral,2024-09-19,"Somolu, Lagos"
1609861226149,"The cost of feeding a family of four in Lagos has risen from N40,000 to N120,000 per month in two years #EndPoverty",Neutral,2024-09-13,"Badagry, Lagos"
1628311042688,Nigeria's food import bill rose to $5.8 billion in 2023 amid declining local agricultural productivity,Neutral,2023-07-30,"Ojo, Lagos"
1711336250003,"Na only God go help Ojo, Lagos people because government don abandon us completely when e come to food #EconomicHardship",Negative,2024-03-19,"Ojo, Lagos"
1785736062449,"Empty stalls everywhere in Mushin, Lagos market today. Wholesale supply has dried up completely #FoodScarcity #FoodScarcity",Negative,2024-09-09,"Mushin, Lagos"
1680888754192,"Agric minister confirms new fertilizer subsidy will reduce input costs for farmers, expected to lower food prices",Positive,2023-03-23,"Shomolu, Lagos"
1765514750909,"RT @mknxroujx: Semovita don finish for all shops in Badagry, Lagos. Supplier say factory dey ration production because of raw material cost #Suffering",Negative,2024-10-15,"Badagry, Lagos"
1698894960493,"Na only God go help Surulere, Lagos people because goverment don abandon us completely when e come to food #FoodScarcity...",Negative,2023-07-28,"Surulere, Lagos"
1772531937623,"Snack shops near me in Oshodi, Lagos don increase price by 30% because of gas wahala. Na us go suffer am #Inflation...",Negative,2024-06-21,"Oshodi, Lagos"
1753384221962,"Garri wey I dey buy 1500 last year don reach 4500 for Epe, Lagos. How e take happen like this? #FoodScarcity",Negative,2024-12-20,"Epe, Lagos"
1750680730724,"RT @tnlkvscm: Tinubu government remove subsidy, food price sky rocket for Somolu, Lagos. The poor people dey carry all the burden #ZeroHunger",Negative,2023-01-13,"Somolu, Lagos"
1737887608271,"NGOs working in Shomolu, Lagos report 35% increase in demand for emergency food assistance since January 2024",Neutral,2024-02-07,"Shomolu, Lagos"
1703857019053,"Omo the tin wey dey happen for Epe, Lagos market no good at all. E be like say food don become luxury #ZeroHunger",Negative,2024-05-10,"Epe, Lagos"
1737121479368,"Nobody is held accountable when children die of malnutrition in Baruwa, Lagos. Government must be charged for this",Negative,2024-10-25,"Baruwa, Lagos"
1764859965050,RT @gwftfkezdp: Federal Ministry of Agriculture to release emergency food reserve stocks to 10 states including Lagos #SDG2,Neutral,2024-11-15,"Ifako-Ijaiye, Lagos"
1713333091166,"Government dey share food in Abuja for camera. For Lagos Mainland, Lagos ground zero, nothing reach ordinary people #EconomicHardship",Negative,2023-12-13,"Lagos Mainland, Lagos"
1604608464868,"We dey manage half cup of garri for the whole family for Shomolu, Lagos, e too hard 😭 @NigeriaGov https://t.co/QwErTy9876",Negative,2024-08-24,"Shomolu, Lagos"
1682292956830,RT @ogtoe: Research team from Covenant University develops NLP model to monitor food crisis signals on Nigerian Twitter #FoodCrisis,Neutral,2024-04-19,"Ikeja, Lagos"
1737470511064,"Restaurants in Shomolu, Lagos are closing because even the middle class can no longer afford to eat out regularly",Negative,2024-11-09,"Shomolu, Lagos"
1757662836942,"E dey pain me wey I see how Ikorodu, Lagos people dey suffer for food while government dey waste money #LagosPalliative",Negative,2023-11-03,"Ikorodu, Lagos"
1661589067563,"RT @pdyavv: Nigeria is not at war but food inflation is crushing households, farmers are unsafe, supply chains are broken in Alimosho, Lagos",Negative,2024-03-05,"Alimosho, Lagos"
1619693184131,"I know three families in Baruwa, Lagos that have not eaten a proper meal in days. I am not exaggerating #FoodPrices",Negative,2024-10-17,"Baruwa, Lagos"
1601179373563,"Cooperative of market women in Surulere, Lagos launches price stabilization scheme for essential food items. Community power",Positive,2023-07-28,"Surulere, Lagos"
1705853974361,"Food security stakeholders gather in Agege, Lagos for quarterly review meeting on hunger mitigation strategies #Lagos",Neutral,2023-07-16,"Agege, Lagos"
1679601963843,The Integrated Food Security Phase Classification (IPC) team begins data collection across Lagos LGAs today #FoodCrisis,Neutral,2024-12-30,"Lagos Island, Lagos"
1745157859867,"A bag of beans that was 35k last January is now 90k in Badagry, Lagos. Tell me this is not engineered scarcity @NigeriaPolice",Negative,2023-09-13,"Badagry, Lagos"
1675742627407,"Government dey share food in Abuja for camera. For Ojo, Lagos ground zero, nothing reach ordinary people",Negative,2023-05-28,"Ojo, Lagos"
1787017776196,"Displaced families from Borno and Zamfara are now in Shomolu, Lagos and competing for already scarce food resources @UN_Nigeria",Negative,2023-07-11,"Shomolu, Lagos"
1663141961931,LASG Governor approves N2billion food subsidy fund for low income families across all Lagos LGAs. Progress!...,Positive,2024-12-09,"Shomolu, Lagos"
1756928973883,Federal government inaugurates food price monitoring committee to track inflation across 36 states including Lagos #Lagos http://naijatalk.xyz,Neutral,2024-12-14,"Baruwa, Lagos"
1775409299357,A joint UN FAO-WFP mission visits Lagos to assess the food security situation on the ground,Neutral,2023-08-01,"Ikorodu, Lagos"
1792659480101,New USAID-funded study to track social media signals of food insecurity in Nigerian urban centres,Neutral,2024-12-17,"Ikeja, Lagos"
1715300038905,"RT @ctzhmc: My uncle in Somolu, Lagos said he cried for the first time in his adult life last night because he could not feed his children #InflationNG",Negative,2023-08-15,"Somolu, Lagos"
1696282467710,"Small wins: price of Indomie noodles remains stable in Baruwa, Lagos despite general inflation. At least one thing holding",Positive,2024-06-13,"Baruwa, Lagos"
1729207159917,"School dropout rate in Somolu, Lagos is rising because parents cannot afford school fees AND food at the same time https://t.co/xK7mN3pQrL",Negative,2023-07-22,"Somolu, Lagos"
1767445006675,Federal government inaugurates food price monitoring committee to track inflation across 36 states including Lagos,Neutral,2024-12-04,"Eti-Osa, Lagos"
1689221738985,"Three days now my family don dey eat once a day. Eti-Osa, Lagos. God abeg help us",Negative,2023-01-31,"Eti-Osa, Lagos"
1674724440781,"Government say they share palliative for Agege, Lagos but ordinary people for grassroots no see anything. Na lie @wfp_nigeria",Negative,2023-07-14,"Agege, Lagos"
1721208408377,"Displaced families from Borno and Zamfara are now in Ikorodu, Lagos and competing for already scarce food resources @NigeriaPolice",Negative,2024-01-19,"Ikorodu, Lagos"
1697785681376,"Governor of Lagos personally supervises food distribution in Baruwa, Lagos community. At least they are paying attention now",Positive,2024-10-18,"Baruwa, Lagos"
1642125297309,"Stockfish that poor families depend on in Apapa, Lagos has disappeared from markets or become too expensive to buy #SDG2 @followlasg",Negative,2024-07-03,"Apapa, Lagos"
1773610379847,"I swr I don tire. No food, no money, no hope for Apapa, Lagos. When this suffering go end?",Negative,2024-09-19,"Apapa, Lagos"
1670768631807,"Community garden initiative in Epe, Lagos begins harvest, providing fresh vegetables for 200 local families 🥬🌿 #LagosSuffers https://t.co/QwErTy9876 @MBuhari",Positive,2024-04-06,"Epe, Lagos"
1733458698122,Cadre Harmonisé assessment: 7.2 million ppls in southwest Nigeria face acute food insecurity in lean season,Neutral,2023-12-25,"Alimosho, Lagos"
1636187201410,"RT @lymtjuxvo: The irony of Oshodi, Lagos being the commercial hub of Nigeria while millions of its residents go to bed hungry every night",Negative,2023-09-18,"Oshodi, Lagos"
1764996211055,"We dey eat eba without soup sef we don thank God. Somolu, Lagos. This is not living, na enduring http://naijatalk.xyz",Negative,2024-09-02,"Somolu, Lagos"
1607963779249,"Na wa o. The price of yam in Agege, Lagos is now higher than the price of petrol per litre. Something is wrong",Negative,2023-05-09,"Agege, Lagos"
1740118604745,"Journalists document conditions in Badagry, Lagos food bank where queues begin forming before dawn each day #EconomicHardship https://t.co/QwErTy9876",Neutral,2023-11-08,"Badagry, Lagos"
1724131800670,"Market survey in Ojo, Lagos: a basket of tomatoes now costs N4,500 compared to N1,200 same period last year",Neutral,2023-12-17,"Ojo, Lagos"
1677426655718,"Have you seen the price of baby food nkor? Diapers nkor? Rent in Ajeromi-Ifelodun, Lagos nkor? How person go manage??",Negative,2024-05-11,"Ajeromi-Ifelodun, Lagos"
1762391760492,"School feeding program resumes in Lagos Mainland, Lagos primary schools today after brief suspension. Children are happy 😊",Positive,2023-09-28,"Lagos Mainland, Lagos"
1704532767487,RT @uhgjpdk: World Food Programme (WFP) to begin assessment of food insecurity levels in Lagos communities next month #Lagos @followlasg,Neutral,2023-04-28,"Lagos Mainland, Lagos"
1658328818921,Senate committee on agriculture holds hearing on food security situation with ministers and FAO representatives,Neutral,2024-03-15,"Epe, Lagos"
1711629040371,"Domestic violence cases in Eti-Osa, Lagos are being linked to food stress. Hungry people become desperate people @wfp_nigeria",Negative,2023-05-06,"Eti-Osa, Lagos"
1648511592345,"RT @oktjax: Local government officials in Baruwa, Lagos conduct market inspection following reports of artificial food scarcity #NaijaEconomy",Neutral,2024-06-17,"Baruwa, Lagos"
1774857599895,NCDC monitoring nutrition-related health admissions in Lagos hospitals amid rising food insecurity reports https://t.co/QwErTy9876 @faoNG,Neutral,2024-02-04,"Alimosho, Lagos"
1603892537570,"I went to Baruwa, Lagos market today and came back empty handed. My 10k could not buy anything meaningful for a family of five",Negative,2024-06-20,"Baruwa, Lagos"
1781117445413,"Eyan Ikorodu, Lagos ti fẹrẹ ta gbogbo ohun ini won lati le ra ounje. Ebi n pa gbogbo eniyan",Negative,2023-03-28,"Ikorodu, Lagos"
1735292868438,"My neighbour fainted this morning in Surulere, Lagos, doctor say na hunger. 2024 and people dey die of starvation",Negative,2023-06-24,"Surulere, Lagos"
1644583779452,"Hunger dey kill people for Mushin, Lagos and government dey chop alone. Wickedness at the highest level #SDG2 @faoNG",Negative,2023-02-25,"Mushin, Lagos"
1708240047849,"NGOs working in Kosofe, Lagos report 35% increase in demand for emergency food assistance since January 2024 @NigeriaPolice",Neutral,2024-09-14,"Kosofe, Lagos"
1782264062077,Humanitarian organizations call for increased funding to address food crisis affecting Lagos urban poor communities @officialABAT,Neutral,2023-11-08,"Badagry, Lagos"
1672663443303,"Governor of Lagos personally supervises food distribution in Ojo, Lagos community. At least they are paying attention now #EndPoverty",Positive,2024-01-22,"Ojo, Lagos"
1645394390085,"I no chop since morning, wallet empty, no food for house. Ojo, Lagos life don become survival of the fittest",Negative,2023-09-15,"Ojo, Lagos"
1716299831022,"Yeparipa! Eba don reach 800 for Lagos Island, Lagos? Na so we go chop sand soon? 😭 #NaijaProblems http://naijatalk.xyz",Negative,2024-04-23,"Lagos Island, Lagos"
1655709758852,"Market Watch: prices of key food commodities in Ojo, Lagos reviewed weekly by Lagos Consumer Protection Council",Neutral,2024-02-26,"Ojo, Lagos"
1778976851634,"My boss in Ifako-Ijaiye, Lagos just cut our canteen budget because thee food vendor cannot maintain affordable prices anymore",Negative,2023-08-29,"Ifako-Ijaiye, Lagos"
1692372120078,"Tinubu government remove subsidy, food price sky rocket for Badagry, Lagos. The poor ppl dey carry all the burden #NaijaEconomy",Negative,2023-10-10,"Badagry, Lagos"
1691755792654,"The supply chain for staple food items in Alimosho, Lagos has completely broken down. Government must act now",Negative,2023-11-30,"Alimosho, Lagos"
1791035576376,Humanitarian organizations call for increased funding to address food crisis affecting Lagos urban poor communities,Neutral,2023-04-11,"Badagry, Lagos"
1781761245449,"Noodles, the last option for poor people for Baruwa, Lagos, don increase price too. What are we supposed to eat? #Tinubu @followlasg",Negative,2023-12-22,"Baruwa, Lagos"
1780888481727,"Old mama for Badagry, Lagos say she never chop for two days. Nobody dey care about the poor again #NaijaEconomy",Negative,2024-07-21,"Badagry, Lagos"
1683278755332,"Three days now my family don dey eat once a day. Oshodi, Lagos. God abeg help us",Negative,2023-08-23,"Oshodi, Lagos"
1718598608987,"Traders for Ajeromi-Ifelodun, Lagos market confirm food prices up by 60 percent in three months #InflationNG #LagosSuffers",Negative,2024-03-17,"Ajeromi-Ifelodun, Lagos"
1727983449406,"Snack shops near me in Lagos Island, Lagos don increase price by 30% because of gas wahala. Na us go suffer am #NaijaProblems https://t.co/AbC12dEfGh",Negative,2024-05-29,"Lagos Island, Lagos"
1619951647191,"RT @qlmkuijeg: I am not exaggerating when I say the food situation in Shomolu, Lagos is a humanitarian emergency waiting to be declared #FoodCrisis https://t.co/xK7mN3pQrL",Negative,2024-01-03,"Shomolu, Lagos"
1667975269935,"Food prices for key staples like yam and plantain have stabilized in Agege, Lagos market this week. Hope is not lost #Inflation",Positive,2024-08-19,"Agege, Lagos"
1628423994812,"I swr I don tire. No food, no money, no hope for Ifako-Ijaiye, Lagos. When this suffering go end? @NigeriaPolice",Negative,2023-01-30,"Ifako-Ijaiye, Lagos"
1796878430405,"The supply chain for staple food items in Kosofe, Lagos has completely broken down. Government must act now",Negative,2024-12-10,"Kosofe, Lagos"
1692132154196,"New foood bank opens in Ojo, Lagos! If you are struggling to feed your family please walk in. No form, no stress",Positive,2024-05-26,"Ojo, Lagos"
1750702739174,"Market traders association in Badagry, Lagos issues statement on factors driving teh current food price increases #NaijaEconomy",Neutral,2024-07-13,"Badagry, Lagos"
1774259101014,RT @oxaurwv: Academic paper published: sentiment analysis of Nigerian Twitter reveals early warning signals of food crisis,Neutral,2023-06-20,"Eti-Osa, Lagos"
1648123347875,"Bama, Yola, now people dey flee to Eti-Osa, Lagos and food supply cannot handle the population pressure",Negative,2023-04-26,"Eti-Osa, Lagos"
1731677885532,"Traders at Lagos Island, Lagos market report a 25% reduction in daily customers as residents cut back on food purchases #NaijaEconomy",Neutral,2024-12-09,"Lagos Island, Lagos"
1762721931937,"I no chop since morning, wallet empty, no food for house. Apapa, Lagos life don become survival of the fittest",Negative,2023-11-07,"Apapa, Lagos"
1670431792192,"Na wa o. The price of yam in Epe, Lagos is now higher than the price of petrol per litre. Something is wrong #FoodPrices https://t.co/AbC12dEfGh",Negative,2023-02-25,"Epe, Lagos"
1618851841058,"Restaurants in Oshodi, Lagos are closing because even the middle class can no longer afford to eat out regularly",Negative,2023-02-26,"Oshodi, Lagos"
1600430258498,"Eyan Ikeja, Lagos ti fẹrẹ ta gbogbo ohun ini won lati le ra ounje. Ebi n pa gbogbo eniyan #HardTimes",Negative,2024-04-12,"Ikeja, Lagos"
1682615673587,"The number of people begging on Mushin, Lagos streets has doubled in the last six months. This is not normal",Negative,2023-08-04,"Mushin, Lagos"
1633381216885,RT @rmcgmiwy: Lagos State government announces plans to establish food distribution centres across the 20 LGAs. @followlasg #Tinubu,Neutral,2024-10-30,"Apapa, Lagos"
1717146858891,"The number of children with visible signs of malnutrition in Oshodi, Lagos schools is increasing. Teachers are reporting this http://naijatalk.xyz",Negative,2024-01-21,"Oshodi, Lagos"
1701768053888,"ActionAid Nigeria releases report on impact of food insecurity on women-headed households in Baruwa, Lagos #EconomicHardship @wfp_nigeria",Neutral,2024-08-30,"Baruwa, Lagos"
1741162406960,"Household food budget crisis in Somolu, Lagos as priices outpace incomes significantly #NaijaEconomy @faoNG",Negative,2023-02-20,"Somolu, Lagos"
1633692919468,"Mama Tunde for Somolu, Lagos say she dey sell her cooking pots because she no fit afford food. This is heartbreaking @faoNG",Negative,2024-03-31,"Somolu, Lagos"
1618473866767,FEWS NET quarterly report flags Lagos and Kano as areas requiring close food security monitoring in coming months #FoodCrisis https://t.co/AbC12dEfGh @NigeriaPolice,Neutral,2024-09-19,"Ifako-Ijaiye, Lagos"
1688385301004,"Men in Somolu, Lagos are breaking down. Breadwinners cannot provide. Family pressure from hunger is destroying homes @faoNG",Negative,2023-02-18,"Somolu, Lagos"
1743744179714,"Pikin dem for Ajeromi-Ifelodun, Lagos dey sleep hungry every night. We beg government make una hear us @UN_Nigeria",Negative,2023-09-15,"Ajeromi-Ifelodun, Lagos"
1641170584623,NCDC monitoring nutrition-related health admissions in Lagos hospitals amid rising foood insecurity reports #Tinubu,Neutral,2023-03-15,"Oshodi, Lagos"
1707287393356,"RT @ybrrxjchwk: Stockfish that poor families depend on in Oshodi, Lagos has disappeared from markets or become too expensive to buy #NigeriaDecides http://naijatalk.xyz @officialABAT",Negative,2024-06-04,"Oshodi, Lagos"
1774712828322,"Even sachet water for Alimosho, Lagos don increase. Pure water wey be 10 naira don reach 30 naira. What is going on?",Negative,2024-01-31,"Alimosho, Lagos"
1768122443988,"Good news from Ojo, Lagos: local farmers cooperative reports a 30% increase in food production this planting season #FoodCrisis",Positive,2023-07-05,"Ojo, Lagos"
1728777307374,"Na only God go help Lagos Mainland, Lagos people because government don abandon us completely when e come to food @wfp_nigeria",Negative,2023-01-26,"Lagos Mainland, Lagos"
1702711895183,"My kids dem dey cry for food since last night and I no get anything to give them. Ajeromi-Ifelodun, Lagos is suffering #EndPoverty @UN_Nigeria",Negative,2024-12-15,"Ajeromi-Ifelodun, Lagos"
1668271995375,"International food aid organization begins registration of vulnerable households in Ikeja, Lagos for monthly food support #EconomicHardship",Positive,2024-06-12,"Ikeja, Lagos"
1660742118345,Lagos State Food Bank Initiative records 40% increase in demand from low income households in 2024 #EndPoverty,Neutral,2023-01-01,"Badagry, Lagos"
1738850448940,"Woman in Baruwa, Lagos said she has been mixing garri with water for her children because that is all she can afford",Negative,2024-05-09,"Baruwa, Lagos"
1733736561722,"We dey eat eba without soup sef we don thank God. Agege, Lagos. This is not living, na enduring #NigeriaDecides",Negative,2023-10-31,"Agege, Lagos"
1757668158192,"Joint statement by NGOs: food situation in Shomolu, Lagos requires urgent coordinated humanitarian response",Neutral,2023-12-23,"Shomolu, Lagos"
1651336515978,Experts call for policy intervention as Nigeria's 2024 Global Hunger Index score worsens to 28.8 from 27.5 #FoodPrices http://bit.ly/3xYzAbc,Neutral,2024-02-08,"Mushin, Lagos"
1681599035033,"Food security stakeholders gather in Ojo, Lagos for quarterly review meeting on hunger mitigation strategies #Tinubu",Neutral,2023-06-23,"Ojo, Lagos"
1754545859575,"Rice don reach 120k per bag for Alimosho, Lagos, how person go chop? #FoodCrisis #Lagos",Negative,2023-05-13,"Alimosho, Lagos"
1612834155451,"Semovita don finish for all shops in Shomolu, Lagos. Supplier say factory dey ration production because of raw material cost http://naijatalk.xyz...",Negative,2024-09-21,"Shomolu, Lagos"
1725804230125,"NGO distributes 500 food packs to vulnerable families in Eti-Osa, Lagos today. This is thee kind of help we need #Hunger",Positive,2024-05-09,"Eti-Osa, Lagos"
1785963736640,"Is it the government that will stop hunger? They have abandoned Lagos Mainland, Lagos completely. We are on our own http://bit.ly/3xYzAbc",Negative,2024-10-25,"Lagos Mainland, Lagos"
1730679000744,"RT @jnszf: Garri wey I dey buy 1500 last year don reach 4500 for Mushin, Lagos. How e take happen like this? #LagosSuffers http://naijatalk.xyz",Negative,2023-03-04,"Mushin, Lagos"
1601044060736,"Food prces in Shomolu, Lagos have gone completely out of control. A market woman today told me tomatoes are now luxury items",Negative,2023-02-13,"Shomolu, Lagos"
1790776776048,"Ground report from Epe, Lagos: how street food vendors are adjusting portion sizes to manage rising ingredient costs https://t.co/QwErTy9876",Neutral,2023-11-27,"Epe, Lagos"
1655580316077,"Market survey in Ikeja, Lagos: a basket of tomatoes now costs N4,500 compared to N1,200 same period last year @faoNG",Neutral,2024-08-08,"Ikeja, Lagos"
1701309680625,"Lagos residents spend an average of 65% of household income on food, new survey by NBS reveals http://naijatalk.xyz...",Neutral,2023-10-12,"Lagos Island, Lagos"
1604041950526,"RT @dgebprkqv: Domestic violence cases in Shomolu, Lagos are being linked to food stress. Hungry people become desperate people",Negative,2023-11-15,"Shomolu, Lagos"
1758503062206,"Semovita don finish for all shops in Oshodi, Lagos. Supplier say factory dey ration production because of raw material cost @followlasg",Negative,2023-05-10,"Oshodi, Lagos"
1604873105890,"Na only God go help Baruwa, Lagos people because gov don abandon us completely when e come to food",Negative,2023-04-12,"Baruwa, Lagos"
1737861112039,World Food Programme (WFP) to begin assessment of food insecurity levels in Lagos communities next month,Neutral,2023-05-18,"Lagos Island, Lagos"
1704037213118,"Omo the tin wey dey happen for Ajeromi-Ifelodun, Lagos mkt no good at all. E be like say food don become luxury",Negative,2024-04-18,"Ajeromi-Ifelodun, Lagos"
1737889556687,"Pepper, tomato and onion combination now extremely scarce and expensive for Oshodi, Lagos market. Cooking don become gold #Inflation",Negative,2024-09-24,"Oshodi, Lagos"
1791940349412,"The psychological trauma of not knowing where your next meal will come from is destroying Apapa, Lagos communities @wfp_nigeria",Negative,2024-08-13,"Apapa, Lagos"
1787613793326,Senate committee on agriculture holds hearing on food security situation with ministers and FAO representatives...,Neutral,2024-01-01,"Apapa, Lagos"
1767063308851,Federal Ministry of Agriculture to release emergency food reserve stocks to 10 states including Lagos #EconomicHardship @NigeriaGov,Neutral,2024-06-23,"Agege, Lagos"
1673967343655,"New cold chain facility opens in Mushin, Lagos, which means less food waste and more stable supply for markets @NigeriaGov",Positive,2024-10-15,"Mushin, Lagos"
1680247763115,"RT @xoxmmuzwp: Good news from Ikeja, Lagos: local farmers cooperative reports a 30% increase in food production this planting season",Positive,2024-10-27,"Ikeja, Lagos"
1632334986875,"Women in Agege, Lagos are being forced into dangerous situations just to feed tehir families. The hunger is that real @MBuhari",Negative,2024-07-23,"Agege, Lagos"
1713989258797,"Government officials dey chop millions while people dey die of hunger for Eti-Osa, Lagos. Shame on all of you #Nigeria",Negative,2024-08-24,"Eti-Osa, Lagos"
1750441925624,Central Bank of Nigeria attributes fud inflation partly to exchange rate pass-through on imported food items,Neutral,2024-12-07,"Oshodi, Lagos"
1685087915960,"The psychological trauma of not knowing where your next meal will come from is destroying Somolu, Lagos communities #Nigeria @NigeriaPolice",Negative,2023-04-05,"Somolu, Lagos"
1683370691500,"Women in Ifako-Ijaiye, Lagos are being forced into dangerous situations just to feed dair families. The hunger is that real https://t.co/AbC12dEfGh",Negative,2024-03-29,"Ifako-Ijaiye, Lagos"
1705767391638,"Policy responses are weak and useless. Oshodi, Lagos residents are starving while politicians share rice for election #FoodScarcity https://t.co/xK7mN3pQrL @UN_Nigeria",Negative,2024-07-22,"Oshodi, Lagos"
1619377626926,"RT @xvrdc: A bag of beans that was 35k last January is now 90k in Lagos Mainland, Lagos. Tell me this is not engineered scarcity #Tinubu",Negative,2023-04-14,"Lagos Mainland, Lagos"
1623458701809,World Food Programme (WFP) to begin assessment of food insecurity levels in Lagos communities next month,Neutral,2023-01-30,"Shomolu, Lagos"
1620157843459,"The conflict in the north has broken food supply chains all the way down to Eti-Osa, Lagos. We are all affected @NigeriaGov",Negative,2023-05-11,"Eti-Osa, Lagos"
1627522340165,"The children for my area in Ojo, Lagos are visibly malnourished. This is a crisis nobody is talking about #Suffering",Negative,2023-01-27,"Ojo, Lagos"
1634629958770,"RT @ueovte: Farmers in Epe, Lagos outskirts say they can no longer afford fertilizer at current prices. Next harvest will be disaster",Negative,2023-07-24,"Epe, Lagos"
1755897622874,FEWS NET quarterly report flags Lagos and Kano as areas requiring close food security monitoring in coming months,Neutral,2024-04-03,"Ikeja, Lagos"
1737480492760,"Food security stakeholders gather in Ikeja, Lagos for quarterly review meeting on hunger mitigation strategies",Neutral,2024-06-22,"Ikeja, Lagos"
1736222350310,"Women in Lagos Mainland, Lagos are being forced into dangerous situations just to feed their families. The hunger is that real",Negative,2023-05-28,"Lagos Mainland, Lagos"
1624162668390,"News: emergency food aid distribution begins in three Shomolu, Lagos LGAs targeted by Lagos State government today #HardTimes",Neutral,2024-08-21,"Shomolu, Lagos"
1778457314779,"See the kind suffering wey dey Mushin, Lagos. Pikin dem dey go school empty stomach every day https://t.co/QwErTy9876",Negative,2023-05-22,"Mushin, Lagos"
1713975099207,"Agric minister confirms new fertilizer subsidy will reduce input costs for farmers, expected to lower food prices #FoodScarcity",Positive,2024-10-12,"Mushin, Lagos"
1690576004609,"Farmer herder clashes have reduced produce coming to Ifako-Ijaiye, Lagos by almost half according to traders in Oyingbo",Negative,2023-12-27,"Ifako-Ijaiye, Lagos"
1772966499695,"Tomato supply don dry up completely for Eti-Osa, Lagos. Farmers say insecurity for north don finish everything #FoodScarcity",Negative,2023-02-11,"Eti-Osa, Lagos"
1711087827569,"RT @cqoactgkm: Omo the tin wey dey happen for Eti-Osa, Lagos market no good at all. E be like say fud don become luxury #HardTimes @officialABAT",Negative,2023-03-02,"Eti-Osa, Lagos"
1623456874260,"RT @dyoauf: NBS data shows food inflation in Lagos reached 42% in Q3 2024, highest in five years. #Economy #FoodPrices...",Neutral,2023-07-14,"Somolu, Lagos"
1601069780300,"Local government officials in Surulere, Lagos conduct market inspection following reports of artificial foood scarcity @followlasg",Neutral,2024-11-15,"Surulere, Lagos"
1716660286452,"The children for my area in Agege, Lagos are visibly malnourished. This is a crisis nobody is talking about #ZeroHunger @faoNG",Negative,2024-06-25,"Agege, Lagos"
1712452521668,"Lovely initiative: churches and mosques in Oshodi, Lagos have joined forces to provide daily meals to hungry families",Positive,2023-09-24,"Oshodi, Lagos"
1770032697187,"New food bank opens in Lagos Mainland, Lagos! If you are struggling to feed your family please walk in. No form, no stress #Suffering",Positive,2023-03-27,"Lagos Mainland, Lagos"
1675726053930,RT @nrzyeq: Oxfam Nigeria calls on government to implement emergency food subsidy for urban poor in Lagos and Kano,Neutral,2023-04-01,"Kosofe, Lagos"
1648806364243,"RT @ttwcfnfofq: The price of a 50kg bag of rice in Ajeromi-Ifelodun, Lagos markeet currently stands at N85,000 according to traders. #MarketUpdate",Neutral,2024-06-13,"Ajeromi-Ifelodun, Lagos"
1691631892355,"Food insecurity in Somolu, Lagos is at crisis level. The IPC indicators are all pointing to phase 3 and nobody is talking @wfp_nigeria...",Negative,2024-10-25,"Somolu, Lagos"
1652882707904,"Armed forces salary cannot buy food for their families in Mushin, Lagos. This is how corruption and abuse of power starts #Nigeria",Negative,2023-06-13,"Mushin, Lagos"
1786983610600,"I swr I don tire. No food, no money, no hope for Shomolu, Lagos. When tis suffering go end?",Negative,2024-05-01,"Shomolu, Lagos"
1793968466179,"Beans, the protein of the poor for Ikeja, Lagos, is now a luxury. A paint bucket of beans cost 8000 naira https://t.co/AbC12dEfGh...",Negative,2024-04-15,"Ikeja, Lagos"
1715258577011,"RT @kuyawomy: Fuel price goes up, food price goes up, transport goes up… only salary stays loyal 😂😭 #Nigeria #Inflation #NaijaEconomy @UN_Nigeria",Negative,2024-07-05,"Lagos Island, Lagos"
1758030094766,"The supply chain for staple food items in Lagos Mainland, Lagos has completely broken down. Government must act now #SDG2 @NigeriaGov",Negative,2023-11-25,"Lagos Mainland, Lagos"
1747246182624,"Price of garri drops by 15% in Ikeja, Lagos market after new cassava harvest arrives from Ogun State. Small win! @MBuhari...",Positive,2024-09-08,"Ikeja, Lagos"
1673986800642,"Rice pric drops slightly in Ikorodu, Lagos market after government releases emergency reserves. Little relief for families",Positive,2024-06-30,"Ikorodu, Lagos"
1781699112298,Experts call for policy intervention as Nigeria's 2024 Global Hunger Index score worsens to 28.8 from 27.5 @officialABAT,Neutral,2024-07-07,"Shomolu, Lagos"
1725864327467,"RT @xarjucy: Mama Tunde for Lagos Mainland, Lagos say she dey sell her cooking pots because she no fit afford food. This is heartbreaking #NaijaProblems",Negative,2023-09-03,"Lagos Mainland, Lagos"
1710893310683,"A loaf of sliced bread in Ikorodu, Lagos bakery today: 1,200 naira. Last year it was 450 naira. Explain this to me",Negative,2023-08-13,"Ikorodu, Lagos"
1611260383710,"EU donates €5 million to food security programs targeting urban poor communities in Lagos including Apapa, Lagos #Nigeria @faoNG",Positive,2024-10-28,"Apapa, Lagos"
1726850834226,"RT @oyyhz: Displaced families from Borno and Zamfara are now in Oshodi, Lagos and competing for already scarce food resources #LagosPalliative",Negative,2024-03-10,"Oshodi, Lagos"
1724508392853,"RT @dayo_naija: Mushin, Lagos market food prices up by 60 percent in three months alone #InflationNG",Negative,2024-11-03,"Mushin, Lagos"
1719084450463,"Pikin dem for Epe, Lagos dey sleep hungry every night. We beg govnt make una hear us",Negative,2024-06-01,"Epe, Lagos"
1676418924080,"RT @coyasl: International food aid organization begins registration of vulnerable households in Mushin, Lagos for monthly food support @wfp_nigeria",Positive,2024-06-10,"Mushin, Lagos"
1642916610858,"Beans, the protein of the poor for Eti-Osa, Lagos, is now a luxury. A paint bucket of beans cost 8000 naira #Tinubu http://naijatalk.xyz",Negative,2024-12-12,"Eti-Osa, Lagos"
1639669874153,"Hunger dey kill people for Oshodi, Lagos and government dey chop alone. Wickedness at da highest level #LagosPalliative",Negative,2023-01-24,"Oshodi, Lagos"
1670484236010,"Climate shock plus conflict plus inflation equals catastrophe for food security in Baruwa, Lagos. This is a perfect storm @MBuhari",Negative,2024-01-28,"Baruwa, Lagos"
1625945973095,"Is it the government that will stop hunger? They have abandoned Ifako-Ijaiye, Lagos completely. We are on our own #LagosSuffers @UN_Nigeria",Negative,2024-06-28,"Ifako-Ijaiye, Lagos"
1639769667722,"NGOs working in Ikorodu, Lagos report 35% increase in demand for emergency food assistance since January 2024 https://t.co/QwErTy9876",Neutral,2024-01-21,"Ikorodu, Lagos"
1600264048255,New study from University of Lagos examines relationship between Twitter sentiment and food price trends in Nigeria #HardTimes http://bit.ly/3xYzAbc,Neutral,2024-03-29,"Epe, Lagos"
1718596386217,UNICEF report highlights rising acute malnutrition among under-five children in urban Lagos slums #FoodCrisis https://t.co/AbC12dEfGh,Neutral,2024-05-24,"Mushin, Lagos"
1608694840847,"Mama Tunde for Epe, Lagos say she dey sell her cooking pots because she no fit afford food. This is heartbreaking @officialABAT",Negative,2023-09-08,"Epe, Lagos"
1794924817946,Federal government inaugurates food price monitoring committee to track inflation across 36 states including Lagos,Neutral,2023-07-11,"Ikeja, Lagos"
1761731862274,Oxfam Nigeria calls on government to implement emergency food subsidy for urban poor in Lagos and Kano #EndPoverty,Neutral,2024-06-05,"Ifako-Ijaiye, Lagos"
1707953898530,"Government statisticians to conduct fresh food price survey across all Alimosho, Lagos markets starting Monday",Neutral,2023-06-26,"Alimosho, Lagos"
1698820169548,"Food security stakeholders gather in Agege, Lagos for quarterly review meeting on hunger mitigation strategies #LagosSuffers @NigeriaGov...",Neutral,2023-02-15,"Agege, Lagos"
1752740087173,"My area for Apapa, Lagos no get stable food supply since the fuel subsidy removal. Things just dey get worse",Negative,2024-07-10,"Apapa, Lagos"
1621834703421,FEWS NET quarterly report flags Lagos and Kano as areas requiring close food security monitoring in coming months,Neutral,2023-10-20,"Apapa, Lagos"
1632261316397,"e don reach level where i dey share one wrap of eba between three people for Surulere, Lagos. God help us #NaijaProblems https://t.co/QwErTy9876",Negative,2024-01-30,"Surulere, Lagos"
1775733683385,"FEWS NET: Lagos categorized under IPC Phase 2 stress level, with pockets of Phase 3 crisis in informal settlements",Neutral,2023-12-10,"Surulere, Lagos"
1715934711177,"RT @qryskg: NGO distributes 500 food packs to vulnerable families in Ifako-Ijaiye, Lagos today. This is the kind of help we need...",Positive,2023-07-24,"Ifako-Ijaiye, Lagos"
1623096662489,"RT @ryuegr: Great news for Lagos Island, Lagos residents: community food cooperative launches to help families access affordable food",Positive,2023-04-21,"Lagos Island, Lagos"
1770969594155,"Food prices for key staples like yam and plantain have stabilized in Oshodi, Lagos market this week. Hope is not lost",Positive,2024-01-18,"Oshodi, Lagos"
1624080282487,"Fuel price goes up, food price goes up, transport goes up… only salary stays loyal 😂😭 #Nigeria #Inflation",Negative,2023-10-15,"Ikorodu, Lagos"
1710477498666,"Lagos residents spend an average of 65% of household income on food, new survey by NBS reveals",Neutral,2023-05-12,"Eti-Osa, Lagos"
1727545787758,"Traders at Apapa, Lagos market report a 25% reduction in daily customers as residents cut back on food purchases...",Neutral,2023-11-28,"Apapa, Lagos"
1607392855042,"The number of children with visible signs of malnutrition in Surulere, Lagos schools is increasing. Teachers are reporting this #Suffering",Negative,2024-11-02,"Surulere, Lagos"
1759278443070,"Hunger dey kill people for Lagos Island, Lagos and government dey chop alone. Wickedness at the highest level http://naijatalk.xyz",Negative,2023-04-08,"Lagos Island, Lagos"
1715843895975,"E dey pain me wey I see how Ikeja, Lagos people dey suffer for food while government dey waste money",Negative,2024-05-02,"Ikeja, Lagos"
1663658482763,"Food security stakeholders gather in Alimosho, Lagos for quarterly review meeting on hunger mitigation strategies https://t.co/xK7mN3pQrL",Neutral,2023-08-21,"Alimosho, Lagos"
1772532410525,"RT @hrpfa: Have you seen the price of baby food nkor? Diapers nkor? Rent in Kosofe, Lagos nkor? How person go manage?? #Inflation https://t.co/QwErTy9876...",Negative,2023-10-26,"Kosofe, Lagos"
1778052289203,"Food prices for key staples like yam and plantain have stabilized in Shomolu, Lagos market this week. Hope is not lost #InflationNG @NigeriaGov",Positive,2024-03-31,"Shomolu, Lagos"
1689884265069,"Nigeria is not at war but fd inflation is crushing households, farmers are unsafe, supply chains are broken in Shomolu, Lagos #EconomicHardship @NigeriaPolice",Negative,2023-06-09,"Shomolu, Lagos"
1667783275504,"The conflict in the north has broken fud supply chains all the way down to Ifako-Ijaiye, Lagos. We are all affected https://t.co/QwErTy9876",Negative,2024-07-04,"Ifako-Ijaiye, Lagos"
1733220265344,"WFP has begun food distribution in Oshodi, Lagos community today. Families are receiving assistance 🙏 #Relief #FoodCrisis",Positive,2024-12-09,"Oshodi, Lagos"
1789135253733,"Eyan Baruwa, Lagos ti fẹrẹ ta gbogbo ohun ini won lati le ra ounje. Ebi n pa gbogbo eniyan http://bit.ly/3xYzAbc...",Negative,2023-10-29,"Baruwa, Lagos"
1679324654901,"Eba and vegetable soup used to be the affordable meal for Ojo, Lagos hustlers. Even that don become expensive now #NigeriaDecides",Negative,2024-11-23,"Ojo, Lagos"
1607813272857,"Mama Tunde for Ajeromi-Ifelodun, Lagos say she dey sell her cooking pots because she no fit afford food. This is heartbreaking #Tinubu @wfp_nigeria",Negative,2024-07-09,"Ajeromi-Ifelodun, Lagos"
1749261104272,"Three days now my family don dey eat once a day. Alimosho, Lagos. God abeg help us",Negative,2023-02-19,"Alimosho, Lagos"
1765210803708,"The cost of feeding a family of four in Lagos has risen from N40,000 to N120,000 per month in two years #Nigeria",Neutral,2023-05-10,"Eti-Osa, Lagos"
1689661446960,"Policy responses are weak and useless. Apapa, Lagos residents are starving while politicians share rice for election https://t.co/AbC12dEfGh",Negative,2024-08-15,"Apapa, Lagos"
1677452918146,"Food insecurity in Eti-Osa, Lagos is at crisis level. The IPC indicators are all pointing to phase 3 and nobody is talking",Negative,2023-01-21,"Eti-Osa, Lagos"
1684666471142,"Egg wey be 100 per piece for Surulere, Lagos now. They say poultry feed cost plenty. Na us dey pay the price",Negative,2024-02-13,"Surulere, Lagos"
1792296274624,"Price of garri drops by 15% in Surulere, Lagos market after new cassava harvest arrives from Ogun State. Small win! #EndPoverty @wfp_nigeria",Positive,2024-06-29,"Surulere, Lagos"
1686255388433,"New cold chain facility opens in Kosofe, Lagos, which means less food waste and more stable supply for markets",Positive,2023-05-24,"Kosofe, Lagos"
1641938510968,"Cooperative of market women in Alimosho, Lagos launches price stabilization scheme for essential food items. Community power #FoodScarcity https://t.co/AbC12dEfGh",Positive,2024-04-13,"Alimosho, Lagos"
1690637298819,"Government don release palliative for Surulere, Lagos today! Rice, beans, garri. At least something small reach the people 🙏",Positive,2024-07-02,"Surulere, Lagos"
1652259113425,"A man collapsed from hunger near Ikorodu, Lagos today. No food, no hope. This country don finish us",Negative,2024-09-27,"Ikorodu, Lagos"
1641400484289,"Wonderful gesture: a Lagos businessman distributes free foood bags to 300 families in Epe, Lagos every weekend https://t.co/xK7mN3pQrL",Positive,2023-06-26,"Epe, Lagos"
1628586822033,"Pilot urban farming project in Agege, Lagos yields first harvest, proves that city food production is very possible 🌾 #SDG2...",Positive,2024-05-16,"Agege, Lagos"
1640625459369,"Na wa o. The price of yam in Ojo, Lagos is now higher than the price of petrol per litre. Something is wrong #ZeroHunger",Negative,2023-09-29,"Ojo, Lagos"
1735417035600,"Budget was passed, billions allocated for food security, yet Somolu, Lagos residents are starving. Where is the money? https://t.co/QwErTy9876",Negative,2024-04-18,"Somolu, Lagos"
1658250290808,Humanitarian organizations call for increased funding to address food crisis affecting Lagos urban poor communities,Neutral,2024-12-11,"Kosofe, Lagos"
1644777162830,"A bag of beans that was 35k last January is now 90k in Ajeromi-Ifelodun, Lagos. Tell me this is not engineered scarcity #HardTimes...",Negative,2023-07-11,"Ajeromi-Ifelodun, Lagos"
1632068255497,"Nigeria is not at war but food inflation is crushing households, farmers are unsafe, supply chains are broken in Ikorodu, Lagos",Negative,2023-10-01,"Ikorodu, Lagos"
1604243939720,"Mama Tunde for Apapa, Lagos say she dey sell her cooking pots because she no fit afford food. This is heartbreaking",Negative,2024-11-04,"Apapa, Lagos"
1642881074329,"What kind of country is this? Ifako-Ijaiye, Lagos man wey work hard every day cannot afford to eat three times. Nonsense #FoodScarcity",Negative,2023-05-14,"Ifako-Ijaiye, Lagos"
1784125037846,"Food insecurity in Epe, Lagos is at crisis level. The IPC indicators are all pointing to phase 3 and nobody is talking",Negative,2024-11-09,"Epe, Lagos"
1791615779886,"Indomie, the food of last resort for many families in Mushin, Lagos, just increased price again. This is deliberate suffering @officialABAT",Negative,2024-12-01,"Mushin, Lagos"
1607580360284,"Displaced families from Borno and Zamfara are now in Ikorodu, Lagos and competing for already scarce food resources @MBuhari",Negative,2023-10-18,"Ikorodu, Lagos"
1704057829866,"Snack shops near me in Surulere, Lagos have increased food price approximately 20% due to gas crisis. #wareffects #inflation",Negative,2024-10-07,"Surulere, Lagos"
1707636557417,"Climate shock plus conflict plus inflation equals catastrophe for food security in Somolu, Lagos. This is a perfect storm",Negative,2024-05-23,"Somolu, Lagos"
1671208683975,"Just the start. Fuel prices rippling through economy. Fertilizer shortage go make food prices worse this season for Ikorodu, Lagos",Negative,2024-02-09,"Ikorodu, Lagos"
1774956856970,"Garri wey I dey buy 1500 last year don reach 4500 for Ikeja, Lagos. How e take happen like this? #InflationNG @faoNG",Negative,2023-02-06,"Ikeja, Lagos"
1686578156554,"The number of children with visible signs of malnutrition in Lagos Island, Lagos schools is increasing. Teachers are reporting this #NigeriaDecides",Negative,2023-03-11,"Lagos Island, Lagos"
1606657745306,"Snack shops near me in Ikorodu, Lagos don increase price by 30% because of gas wahala. Na us go suffer am https://t.co/AbC12dEfGh",Negative,2024-10-05,"Ikorodu, Lagos"
1759251787710,"RT @dqrhih: EU donates €5 million to food security programs targeting urban poor communities in Lagos including Ifako-Ijaiye, Lagos https://t.co/QwErTy9876",Positive,2024-09-27,"Ifako-Ijaiye, Lagos"
1623077856408,FAO report: Nigeria ranks among countries with highest rates of acute food insecurity in West Africa. #FoodSecurity #Tinubu https://t.co/QwErTy9876,Neutral,2024-08-22,"Epe, Lagos"
1769679049392,"Palm oil, groundnut oil, everything don skyrocket for Oshodi, Lagos. Cooking self don become unaffordable #ZeroHunger https://t.co/AbC12dEfGh",Negative,2024-12-16,"Oshodi, Lagos"
1713412007655,"Great news for Apapa, Lagos residents: community food cooperative launches to help families access affordable food #Tinubu...",Positive,2023-05-15,"Apapa, Lagos"
1768199619843,"Restaurants in Agege, Lagos are closing because even the middle class can no longer afford to eat out regularly #Suffering",Negative,2023-08-01,"Agege, Lagos"
1726093826082,"Farmers in Agege, Lagos outskirts say dey can no longer afford fertilizer at current prices. Next harvest will be disaster",Negative,2024-10-08,"Agege, Lagos"
1722747880782,"Tomatoes wey be 500 naira last year don reach 3000 for Surulere, Lagos market. Inflation don kill us #LagosPalliative",Negative,2024-11-28,"Surulere, Lagos"
1710721468170,"Traders at Badagry, Lagos market report a 25% reduction in daily customers as residents cut back on food purchases",Neutral,2024-05-04,"Badagry, Lagos"
1731838125096,"Bama, Yola, now people dey flee to Eti-Osa, Lagos and food supply cannot handle the population pressure #ZeroHunger @NigeriaPolice",Negative,2023-10-26,"Eti-Osa, Lagos"
1711697577510,"Palm oil, groundnut oil, everything don skyrocket for Badagry, Lagos. Cooking self don become unaffordable",Negative,2024-10-16,"Badagry, Lagos"
1667925130098,"Stockfish that poor families depend on in Apapa, Lagos has disappeared from markets or become too expensive to buy @followlasg",Negative,2024-01-13,"Apapa, Lagos"
1724745758167,"Rice don reach 120k per bag for Shomolu, Lagos, how person go chop? #FoodCrisis #Lagos #Inflation",Negative,2023-01-28,"Shomolu, Lagos"
1741878578242,RT @ddflxhayk: Federal government inaugurates food price monitoring committee to track inflation across 36 states including Lagos #SDG2 https://t.co/xK7mN3pQrL,Neutral,2023-12-21,"Ajeromi-Ifelodun, Lagos"
1646933025133,"FEWS NET: Lagos categorized under IPC Phase 2 stress level, with pockets of Phase 3 crisis in informal settlements #FoodCrisis",Neutral,2023-06-04,"Lagos Island, Lagos"
1719039824437,"USAID food security program begins operations in Mushin, Lagos, targeting 10,000 households over 18 months #FoodPrices http://bit.ly/3xYzAbc @followlasg",Positive,2023-09-01,"Mushin, Lagos"
1777923622661,"I've advocated for mental health checks cos the economic crisis and poor salaries can barely put food on the table in Eti-Osa, Lagos",Negative,2024-08-22,"Eti-Osa, Lagos"
1774745392444,"The Lagos Urban Agriculture Initiative is training youth in Alimosho, Lagos to grow food on small plots. Inspiring work #EconomicHardship @faoNG",Positive,2023-07-17,"Alimosho, Lagos"
1626569985665,Experts call for policy intervention as Nigeria's 2024 Global Hunger Index score worsens to 28.8 from 27.5 http://naijatalk.xyz,Neutral,2023-05-14,"Epe, Lagos"
1723625481193,"Food insecurity in Lagos Island, Lagos is at crisis level. The IPC indicators are all pointing to phase 3 and nobody is talking #LagosPalliative @faoNG",Negative,2023-08-28,"Lagos Island, Lagos"
1774554140117,"Joint statement by NGOs: food situation in Surulere, Lagos requires urgent coordinated humanitarian response #EconomicHardship",Neutral,2023-12-28,"Surulere, Lagos"
1692484076517,"Fuel price goes up, food price goes up, transport goes up… only salary stays loyal 😂😭 #Nigeria #Inflation #HardTimes",Negative,2024-07-13,"Epe, Lagos"
1701852893716,"This is engineered scarcity. Nigeria should be feeding West Africa but people dey starve for Baruwa, Lagos @NigeriaPolice",Negative,2024-06-15,"Baruwa, Lagos"
1719641574416,"Global food commodity prices continue to affect local markets in Lagos, traders say #GlobalEconomy",Neutral,2023-11-02,"Badagry, Lagos"
1684822455877,"I no chop since morning, wallet empty, no food for house. Ojo, Lagos life don become survival of the fittest #Nigeria https://t.co/xK7mN3pQrL...",Negative,2024-03-08,"Ojo, Lagos"
1674348069575,"Joint statement by NGOs: food situation in Alimosho, Lagos requires urgent coordinated humanitarian response",Neutral,2024-04-04,"Alimosho, Lagos"
1661043918852,"Joint statement by NGOs: fd situation in Oshodi, Lagos requires urgent coordinated humanitarian response #Tinubu...",Neutral,2024-11-03,"Oshodi, Lagos"
1647891364629,"Displaced families from Borno and Zamfara are now in Kosofe, Lagos and competing for already scarce food resources #FoodCrisis @faoNG",Negative,2023-10-23,"Kosofe, Lagos"
1703737924123,"WFP has begun food distribution in Agege, Lagos community today. Families are receiving assistance 🙏 #Relief",Positive,2023-01-26,"Agege, Lagos"
1772906413440,"Budget was passed, billions allocated for food security, yet Mushin, Lagos residents are starving. Where is the money? #NaijaProblems",Negative,2024-12-03,"Mushin, Lagos"
1661800359475,"RT @lmere: Pilot urban farming project in Somolu, Lagos yields first harvest, proves that city fud production is very possible 🌾 https://t.co/QwErTy9876",Positive,2024-12-08,"Somolu, Lagos"
1610752360015,"RT @jgrew: Mama Tunde for Ojo, Lagos say she dey sell her cooking pots because she no fit afford food. This is heartbreaking http://naijatalk.xyz @faoNG",Negative,2023-03-07,"Ojo, Lagos"
1758306060584,"Is it the government that will stop hunger? They have abandoned Oshodi, Lagos completely. We are on our own #Tinubu https://t.co/QwErTy9876",Negative,2023-02-18,"Oshodi, Lagos"
1662900396079,LASG Governor approves N2billion food subsidy fund for low income families across all Lagos LGAs. Progress! #LagosPalliative @MBuhari,Positive,2024-01-01,"Oshodi, Lagos"
1757697668299,FAO report: Nigeria ranks among countries with highest rates of acute food insecurity in West Africa. #FoodSecurity,Neutral,2024-04-07,"Mushin, Lagos"
1758619224844,"Government statisticians to conduct fresh food price survey across all Apapa, Lagos markets starting Monday #FoodPrices @UN_Nigeria...",Neutral,2024-08-20,"Apapa, Lagos"
1620155574061,"I went to Apapa, Lagos market today and came back empty handed. My 10k could not buy anything meaningful for a famliy of five #ZeroHunger",Negative,2024-02-23,"Apapa, Lagos"
1760901030219,"Farmer herder clashes have reduced produce coming to Baruwa, Lagos by almost half according to traders in Oyingbo https://t.co/AbC12dEfGh @wfp_nigeria",Negative,2024-06-16,"Baruwa, Lagos"
1663306577828,"e don reach level where i dey share one wrap of eba between three people for Epe, Lagos. God help us",Negative,2024-12-01,"Epe, Lagos"
1795430840937,Satellite data from GEOGLAM shows below average crop yields expected in major food producing states this season #FoodPrices https://t.co/xK7mN3pQrL,Neutral,2023-05-06,"Shomolu, Lagos"
1746286647810,World Food Programme (WFP) to begin assessment of food insecurity levels in Lagos communities next month #Inflation,Neutral,2023-02-19,"Ikorodu, Lagos"
1719949932371,"RT @fkliljbj: How you want police and soldier to respect law when their salary cannot put food on the table for Lagos Mainland, Lagos? #Tinubu",Negative,2023-07-18,"Lagos Mainland, Lagos"
1792450692086,"Budget was passed, billions allocated for food security, yet Mushin, Lagos residents are starving. Where is the money? #Hunger @MBuhari",Negative,2023-04-29,"Mushin, Lagos"
1787984202446,"RT @joirg: I swr I don tire. No food, no money, no hope for Kosofe, Lagos. When this suffering go end?",Negative,2023-10-09,"Kosofe, Lagos"
1686472171729,"News: emergency food aid distribution begins in three Baruwa, Lagos LGAs targeted by Lagos State government today",Neutral,2023-09-03,"Baruwa, Lagos"
1644977344590,"ActionAid Nigeria releases report on impact of food insecurity on women-headed households in Agege, Lagos...",Neutral,2024-02-29,"Agege, Lagos"
1629127417264,New USAID-funded study to track social media signals of food insecurity in Nigerian urban centres #FoodCrisis https://t.co/QwErTy9876,Neutral,2024-12-22,"Ajeromi-Ifelodun, Lagos"
1720254694653,"Lagos State just opened a new fd distribution centre in Alimosho, Lagos. Finally government dey try small #GoodNews #HardTimes @MBuhari",Positive,2024-09-06,"Alimosho, Lagos"
1619164245454,"Price of garri drops by 15% in Ifako-Ijaiye, Lagos market after new cassava harvest arrives from Ogun State. Small win! #SDG2",Positive,2023-11-04,"Ifako-Ijaiye, Lagos"
1673178790529,"RT @pmnncp: Prices of tomatoes and pepper coming down small in Somolu, Lagos market this week. E dey give us hope small small #Nigeria https://t.co/AbC12dEfGh",Positive,2024-02-05,"Somolu, Lagos"
1669147595726,"The price of a bag of rice in Baruwa, Lagos has tripled in less than a year. How are families supposed to survive?",Negative,2024-11-02,"Baruwa, Lagos"
1753061870476,"Lagos State just opened a new food distribution centre in Oshodi, Lagos. Finally government dey try small #GoodNews",Positive,2023-05-23,"Oshodi, Lagos"
1776694289339,"Government officials dey chop millions while people dey die of hunger for Apapa, Lagos. Shame on all of you #EndPoverty http://bit.ly/3xYzAbc @NigeriaGov",Negative,2023-11-06,"Apapa, Lagos"
1756238381662,"Yeparipa! Eba don reach 800 for Somolu, Lagos? Na so we go chop sand soon? 😭 #NaijaProblems",Negative,2023-06-10,"Somolu, Lagos"
1726630657567,"Yeparipa! Eba don reach 800 for Agege, Lagos? Na so we go chop sand soon? 😭 #NaijaProblems",Negative,2024-03-22,"Agege, Lagos"
1668587921370,"Small wins: price of Indomie noodles remains stable in Ifako-Ijaiye, Lagos despite general inflation. At least one thing holding @followlasg",Positive,2023-01-21,"Ifako-Ijaiye, Lagos"
1765050883168,"Women in Baruwa, Lagos are being forced into dangerous situations just to feed their families. The hunger is that real",Negative,2023-09-24,"Baruwa, Lagos"
1677202258319,"The price of a 50kg bag of rice in Oshodi, Lagos market currently stands at N85,000 according to traders. #MarketUpdate...",Neutral,2024-08-01,"Oshodi, Lagos"
1690840161742,"Semovita don finish for all shops in Baruwa, Lagos. Supplier say factory dey ration production because of raw material cost #HardTimes https://t.co/xK7mN3pQrL",Negative,2023-03-25,"Baruwa, Lagos"
1609074598648,"The number of people begging on Apapa, Lagos streets has doubled in the last six months. This is not normal",Negative,2024-11-07,"Apapa, Lagos"
1745523528663,"Joint statement by NGOs: food situation in Ikorodu, Lagos requires urgent coordinated humanitarian response http://bit.ly/3xYzAbc",Neutral,2024-08-19,"Ikorodu, Lagos"
1781717171891,"Beans, the protein of the poor for Badagry, Lagos, is now a luxury. A paint bucket of beans cost 8000 naira",Negative,2023-12-01,"Badagry, Lagos"
1662096198021,New study from University of Lagos examines relationship between Twitter sentiment and food price trends in Nigeria,Neutral,2023-04-17,"Kosofe, Lagos"
1690471205301,New USAID-funded study to track social media signals of food insecurity in Nigerian urban centres,Neutral,2024-07-10,"Ifako-Ijaiye, Lagos"
1683853343592,"Climate shock plus conflict plus inflation equals catastrophe for food security in Ajeromi-Ifelodun, Lagos. This is a perfect storm",Negative,2023-12-02,"Ajeromi-Ifelodun, Lagos"
1621904734999,"I went to Ifako-Ijaiye, Lagos market today and came back empty handed. My 10k could not buy anything meaningful for a family of five #Lagos",Negative,2024-05-30,"Ifako-Ijaiye, Lagos"
1789692488261,Academic paper published: sentiment analysis of Nigerian Twitter reveals early warning signals of food crisis #Tinubu,Neutral,2024-09-02,"Mushin, Lagos"
1790877554248,"No tomato, no pepper, no onion for Oshodi, Lagos market today. Traders say trucks from Kano cannot pass the road",Negative,2023-12-20,"Oshodi, Lagos"
1661026488569,"Our local government in Kosofe, Lagos has done absolutely nothing about the food crisis. They only appear during election...",Negative,2024-08-19,"Kosofe, Lagos"
1605965972383,Lagos State Agricultural Development Authority holds meeting on strategies to reduce food import dependency #EndPoverty https://t.co/AbC12dEfGh,Neutral,2024-04-22,"Kosofe, Lagos"
1637400148332,"Pikin dem for Ikeja, Lagos dey sleep hungry every night. We beg government make una hear us #LagosPalliative",Negative,2024-12-19,"Ikeja, Lagos"
1631798243067,UNICEF report highlights rising acute malnutrition among under-five children in urban Lagos slums http://bit.ly/3xYzAbc,Neutral,2023-10-08,"Baruwa, Lagos"
1723007170497,"Omo the tin wey dey happen for Oshodi, Lagos market no good at all. E be like say food don become luxury #Suffering https://t.co/xK7mN3pQrL @wfp_nigeria",Negative,2024-01-13,"Oshodi, Lagos"
1635341733100,Cadre Harmonisé assessment: 7.2 million peopo in southwest Nigeria face acute food insecurity in lean season http://bit.ly/3xYzAbc @NigeriaGov,Neutral,2024-11-09,"Eti-Osa, Lagos"
1666215513291,"Plantain wey grow right here in Shomolu, Lagos outskirts don reach 600 per finger. Local food inflation is crazy...",Negative,2023-08-03,"Shomolu, Lagos"
1621352594926,"A bag of beans that was 35k last January is now 90k in Ajeromi-Ifelodun, Lagos. Tell me this is not engineered scarcity http://naijatalk.xyz",Negative,2023-06-19,"Ajeromi-Ifelodun, Lagos"
1601699984810,"Food prices in Badagry, Lagos have gone completely out of control. A market woman today told me tomatoes are now luxury items",Negative,2024-01-19,"Badagry, Lagos"
1642386252889,"Bread wey cost 500 naira three months ago na 900 naira today for Apapa, Lagos. Na who cause this? http://naijatalk.xyz",Negative,2023-07-03,"Apapa, Lagos"
1692855213632,"RT @eqgbhaxjzj: The psychological trauma of not knowing where your next meal will come from is destroying Alimosho, Lagos communities",Negative,2024-12-03,"Alimosho, Lagos"
1778258408947,"Omo the tin wey dey happen for Shomolu, Lagos market no good at all. E be like say food don become luxury #LagosPalliative http://naijatalk.xyz",Negative,2023-10-24,"Shomolu, Lagos"
1746068188264,"Local government officials in Kosofe, Lagos conduct market inspection following reports of artificial food scarcity #EconomicHardship",Neutral,2023-10-16,"Kosofe, Lagos"
1748186270202,"I went to Ikorodu, Lagos market today and came back empty handed. My 10k could not buy anything meaningful for a family of five",Negative,2024-06-29,"Ikorodu, Lagos"
1791372971266,"Another Yariba state with massive hunger. Lagos was built by Nigerians, not by government. Ifako-Ijaiye, Lagos people are suffering #Hunger",Negative,2023-08-27,"Ifako-Ijaiye, Lagos"
1692652301271,"Market traders association in Lagos Island, Lagos issues statement on factors driving the current food price increases @followlasg",Neutral,2023-09-07,"Lagos Island, Lagos"
1699169826005,"RT @dvivm: Microfinance bank launches special loan product for food vendors and market women in Ifako-Ijaiye, Lagos. This will help #EconomicHardship",Positive,2024-01-01,"Ifako-Ijaiye, Lagos"
1605119240291,"Pepper, tomato and onion combination now extremely scarce and expensive for Ikeja, Lagos market. Cooking don become gold #Suffering",Negative,2023-09-09,"Ikeja, Lagos"
1730403849638,Lagos chamber of commerce holds summit on strategies to stabilize food supply chains in the state #Suffering http://naijatalk.xyz,Neutral,2024-03-06,"Shomolu, Lagos"
1731289202723,"The supply chain for staple food items in Mushin, Lagos has completely broken down. Government must act now #LagosPalliative http://bit.ly/3xYzAbc",Negative,2024-12-22,"Mushin, Lagos"
1734471679319,FAO report: Nigeria ranks among countries with highest rates of acute food insecurity in West Africa. #FoodSecurity @faoNG,Neutral,2023-06-02,"Eti-Osa, Lagos"
1676762150506,Oxfam Nigeria calls on government to implement emergency food subsidy for urban poor in Lagos and Kano,Neutral,2024-06-02,"Ikeja, Lagos"
1799922093644,"Empty stalls everywhere in Ajeromi-Ifelodun, Lagos market today. Wholesale supply has dried up completely #FoodScarcity",Negative,2024-08-02,"Ajeromi-Ifelodun, Lagos"
1782865490215,"RT @qsikk: Good news from Ajeromi-Ifelodun, Lagos: local farmers cooperative reports a 30% increase in food production this planting season #ZeroHunger @officialABAT",Positive,2023-05-15,"Ajeromi-Ifelodun, Lagos"
1716523318858,"Rice don reach 120k per bag for Mushin, Lagos, how person go chop? #FoodCrisis #Lagos",Negative,2023-07-31,"Mushin, Lagos"
1709069884718,"Traders for Oshodi, Lagos market confirm food prices up by 60 percent in three months #InflationNG @faoNG",Negative,2024-12-12,"Oshodi, Lagos"
1665011462619,NCDC monitoring nutrition-related health admissions in Lagos hospitals amid rising food insecurity reports,Neutral,2024-12-03,"Badagry, Lagos"
1753939822141,"Omo the tin wey dey happen for Ikorodu, Lagos market no good at all. E be like say food don become luxury",Negative,2024-03-31,"Ikorodu, Lagos"
1640959219327,"My neighbour fainted this morning in Ikorodu, Lagos, doctor say na hunger. 2024 and people dey die of starvation #Nigeria",Negative,2024-08-16,"Ikorodu, Lagos"
1624414466384,"NGO distributes 500 food packs to vulnerable families in Lagos Island, Lagos today. This is the kind of help we need",Positive,2024-09-24,"Lagos Island, Lagos"
1796144421687,"I swr hunger wan collect my pikin from me, we no chop since yesterday for Kosofe, Lagos 😥",Negative,2023-04-09,"Kosofe, Lagos"
1783079269862,"Rice don reach 120k per bag for Epe, Lagos, how person go chop? #FoodCrisis #Lagos",Negative,2023-08-02,"Epe, Lagos"
1735159500794,"Community garden initiative in Surulere, Lagos begins harvest, providing fresh vegetables for 200 local families 🥬🌿 @faoNG",Positive,2024-07-14,"Surulere, Lagos"
1652474130678,Lagos State government announces plans to establish food distribution centres across the 20 LGAs. @followlasg...,Neutral,2024-01-08,"Eti-Osa, Lagos"
1650208870152,"Stockfish that poor families depend on in Agege, Lagos has disappeared from markets or become too expensive to buy #NaijaProblems",Negative,2023-07-16,"Agege, Lagos"
1673456945159,Lagos State Food Bank Initiative records 40% increase in demand from low income households in 2024 #LagosSuffers,Neutral,2024-06-11,"Mushin, Lagos"
1787556384055,"Indomie, the food of last resort for many families in Ifako-Ijaiye, Lagos, just increased price again. This is deliberate suffering",Negative,2024-02-19,"Ifako-Ijaiye, Lagos"
1754243976273,"My uncle in Oshodi, Lagos said he cried for the first time in his adult life last night because he could not feed his children",Negative,2024-06-25,"Oshodi, Lagos"
1725264190422,"Snack shops near me in Ikorodu, Lagos don increase price by 30% because of gas wahala. Na us go suffer am https://t.co/xK7mN3pQrL",Negative,2023-01-01,"Ikorodu, Lagos"
1612510890633,"Our local government in Ifako-Ijaiye, Lagos has done absolutely nothing about the food crisis. They only appear during election",Negative,2024-12-12,"Ifako-Ijaiye, Lagos"
1610715560192,"Three days now my family don dey eat once a day. Alimosho, Lagos. God abeg help us #InflationNG",Negative,2024-03-28,"Alimosho, Lagos"
1704386545892,"News: emergency food aid distribution begins in three Ikeja, Lagos LGAs targeted by Lagos State govnt today #Tinubu @MBuhari",Neutral,2023-03-07,"Ikeja, Lagos"
1634676495270,"E dey pain me wey I see how Ojo, Lagos people dey suffer for food while government dey waste money #LagosSuffers",Negative,2023-11-21,"Ojo, Lagos"
1777925525043,"Woman in Badagry, Lagos said she has been mixing garri with water for her children because that is all she can afford @wfp_nigeria",Negative,2023-01-27,"Badagry, Lagos"
1691862939360,Lagos State government announces plans to establish food distribution centres across the 20 LGAs. @followlasg #NaijaEconomy,Neutral,2024-03-06,"Kosofe, Lagos"
1748127954068,"Government officials dey chop millions while people dey die of hunger for Kosofe, Lagos. Shame on all of you @UN_Nigeria",Negative,2024-05-26,"Kosofe, Lagos"
1763918927654,"I swr I don tire. No food, no money, no hope for Kosofe, Lagos. When this suffering go end? https://t.co/xK7mN3pQrL",Negative,2024-11-17,"Kosofe, Lagos"
1686940550350,"Fuel price goes up, food price goes up, transport goes up… only salary stays loyal 😂😭 #Nigeria #Inflation #FoodScarcity @UN_Nigeria",Negative,2024-01-21,"Kosofe, Lagos"
1757424017382,"USAID food security program begins operations in Lagos Mainland, Lagos, targeting 10,000 households over 18 months #EndPoverty",Positive,2024-04-26,"Lagos Mainland, Lagos"
1661525845901,"FEWS NET: Lagos categorized under IPC Phase 2 stress level, with pockets of Phase 3 crisis in informal settlements #FoodCrisis https://t.co/AbC12dEfGh...",Neutral,2023-09-22,"Ikeja, Lagos"
1611731209033,Lagos State Agricultural Development Authority holds meeting on strategies to reduce food import dependency http://naijatalk.xyz,Neutral,2023-09-02,"Ojo, Lagos"
1786207355936,"Joint statement by NGOs: food situation in Agege, Lagos requires urgent coordinated humanitarian response @followlasg",Neutral,2024-09-23,"Agege, Lagos"
1769440758975,"Budget was passed, billions allocated for food security, yet Ifako-Ijaiye, Lagos residents are starving. Where is the money?",Negative,2023-02-24,"Ifako-Ijaiye, Lagos"
1719659250400,"I swr hunger wan collect my pikin from me, we no chop since yesterday for Alimosho, Lagos 😥 http://naijatalk.xyz...",Negative,2024-12-11,"Alimosho, Lagos"
1692795335262,"Sharp sharp the prices for Ifako-Ijaiye, Lagos don pass roof. We no fit shout again, we just dey manage",Negative,2024-09-16,"Ifako-Ijaiye, Lagos"
1777993650060,"I no go lie, things don hard for Shomolu, Lagos beyond what social media sef can describe. Real life suffering dey happen",Negative,2023-09-20,"Shomolu, Lagos"
1785148936695,"Have you seen the price of baby food nkor? Diapers nkor? Rent in Ifako-Ijaiye, Lagos nkor? How person go manage?? #EndPoverty",Negative,2023-08-28,"Ifako-Ijaiye, Lagos"
1639461288576,FEWS NET quarterly report flags Lagos and Kano as areas requiring close food security monitoring in coming months,Neutral,2023-09-25,"Oshodi, Lagos"
1609871311515,International Monetary Fund warns that Nigeria's food inflation could remain elevated through 2025 without reforms #EconomicHardship @NigeriaGov,Neutral,2024-04-01,"Oshodi, Lagos"
1716145803824,"Food insecurity in Ifako-Ijaiye, Lagos is at crisis level. The IPC indicators are all pointing to phase 3 and nobody is talking...",Negative,2023-01-20,"Ifako-Ijaiye, Lagos"
1702683930617,Federal Ministry of Agriculture to release emergency food reserve stocks to 10 states including Lagos,Neutral,2024-03-20,"Oshodi, Lagos"
1681413795376,"TUC has threatened a nationwide protest on May Day over worsening economic hardship, citing rising food prices. naijatalk.xyz",Neutral,2024-04-06,"Ikorodu, Lagos"
1782775633204,"Egg wey be 100 per piece for Apapa, Lagos now. They say poultry feed cost plenty. Na us dey pay the price #LagosSuffers",Negative,2024-05-13,"Apapa, Lagos"
1774046934579,"Na wa o. The price of yam in Ifako-Ijaiye, Lagos is now higher than the price of petrol per litre. Something is wrong",Negative,2024-10-16,"Ifako-Ijaiye, Lagos"
1667841606598,"No tomato, no pepper, no onion for Somolu, Lagos market today. Traders say trucks from Kano cannot pass the road @MBuhari",Negative,2023-04-18,"Somolu, Lagos"
1751371981203,Research team from Covenant University develops NLP model to monitor food crisis signals on Nigerian Twitter #NaijaProblems @MBuhari,Neutral,2024-05-21,"Alimosho, Lagos"
1700088277707,"Is it the government that will stop hunger? They have abandoned Baruwa, Lagos completely. We are on our own",Negative,2023-05-29,"Baruwa, Lagos"
1794920628754,"Armed forces salary cannot buy food for their families in Mushin, Lagos. This is how corruption and abuse of power starts #EconomicHardship http://bit.ly/3xYzAbc @wfp_nigeria",Negative,2024-03-09,"Mushin, Lagos"
1690503401040,"Woman in Alimosho, Lagos said she has been mixing garri with water for her children because that is all she can afford #Lagos",Negative,2023-07-09,"Alimosho, Lagos"
1728855291749,"We dey Badagry, Lagos, hunger no dey respect anybody. Rich, poor, everybody dey feel am now https://t.co/xK7mN3pQrL",Negative,2023-07-18,"Badagry, Lagos"
1734468240512,"Lovely initiative: churches and mosques in Baruwa, Lagos have joined forces to provide daily meals to hungri families @NigeriaPolice",Positive,2023-11-11,"Baruwa, Lagos"
1621615591633,"Wonderful gesture: a Lagos businessman distributes free food bags to 300 families in Kosofe, Lagos every weekend",Positive,2023-01-13,"Kosofe, Lagos"
1685977039567,"NAFDAC confirms seizure of substandard food items worth millions at Lagos Mainland, Lagos market this week http://bit.ly/3xYzAbc @faoNG",Neutral,2023-08-20,"Lagos Mainland, Lagos"
1693458176996,RT @ulqlf: Lagos State Agricultural Development Authority holds meeting on strategies to reduce food import dependency,Neutral,2024-11-23,"Lagos Mainland, Lagos"
1720547511435,"The last time I bought cooking oil in Epe, Lagos market was three months ago. The price has gone from 2k to 6.5k",Negative,2024-03-13,"Epe, Lagos"
1726105683832,"Semovita don finish for all shops in Lagos Island, Lagos. Supplier say factory dey ration production because of raw material cost",Negative,2023-04-11,"Lagos Island, Lagos"
1763323205907,"Is it the government that will stop hunger? They have abandoned Oshodi, Lagos completely. We are on our own #Inflation",Negative,2024-04-30,"Oshodi, Lagos"
1690555535875,FEWS NET quarterly report flags Lagos and Kano as areas requiring close food security monitoring in coming months @MBuhari...,Neutral,2023-10-03,"Alimosho, Lagos"
1770189653905,"My boss in Surulere, Lagos just cut our canteen budget because the food vendor cannot maintain affordable prices anymore #EconomicHardship @MBuhari",Negative,2024-11-08,"Surulere, Lagos"
1764702203299,"RT @asaomvi: First batch of subsidized food from federal strategic reserves arrives at Ikeja, Lagos distribution point today",Positive,2024-11-22,"Ikeja, Lagos"
1708137082955,"Bama, Yola, now people dey flee to Mushin, Lagos and food supply cannot handle the population pressure",Negative,2023-10-23,"Mushin, Lagos"
1717252216446,"Na wa o. The price of yam in Ojo, Lagos is now higher than the price of petrol per litre. Something is wrong...",Negative,2024-11-10,"Ojo, Lagos"
1713458242749,Lagos State Food Bank Initiative records 40% increase in demand from low income households in 2024 @officialABAT,Neutral,2023-11-04,"Badagry, Lagos"
1701239421497,"I've advocated for mental health checks cos the economic crisis and poor salaries can barely put food on the table in Somolu, Lagos...",Negative,2023-05-23,"Somolu, Lagos"
1732514066770,"RT @zhzrlhz: RT @dayo_naija: Agege, Lagos market food prices up by 60 percent in three months alone #InflationNG #Lagos",Negative,2023-04-20,"Agege, Lagos"
1620972885080,"Semovita don finish for all shops in Ifako-Ijaiye, Lagos. Supplier say factory dey ration production because of raw material cost",Negative,2023-07-12,"Ifako-Ijaiye, Lagos"
1710120606694,"E dey pain me wey I see how Ifako-Ijaiye, Lagos people dey suffer for food while government dey waste money",Negative,2023-11-17,"Ifako-Ijaiye, Lagos"
1622250626530,"We dey Oshodi, Lagos, hunger no dey respect anybody. Rich, poor, everybody dey feel am now @faoNG",Negative,2023-03-21,"Oshodi, Lagos"
1757003959386,"Women in Ikorodu, Lagos are being forced into dangerous situations just to feed their families. The hunger is that real",Negative,2023-08-07,"Ikorodu, Lagos"
1769228711926,"Imagine what is going on in Somolu, Lagos. Is it the govt that will stop people from being hungry? When will thy act?",Negative,2023-08-14,"Somolu, Lagos"
1748790380345,"Local government officials in Agege, Lagos conduct market inspection following reports of artificial food scarcity @MBuhari",Neutral,2024-10-26,"Agege, Lagos"
1762061519096,"Fuel price goes up, food price goes up, transport goes up… only salary stays loyal 😂😭 #Nigeria #Inflation",Negative,2024-03-08,"Badagry, Lagos"
1704438633797,"RT @arknkam: Opolopo eniyan n jiya. Food cost for Mushin, Lagos Island don pass roof. #NaijaEconomy",Negative,2024-08-07,"Mushin, Lagos"
1610384673419,"Budget was passed, billions allocated for food security, yet Ikorodu, Lagos residents are starving. Where is the money? #NaijaEconomy",Negative,2023-01-10,"Ikorodu, Lagos"
1710658475024,World Food Programme (WFP) to begin assessment of food insecurity levels in Lagos communities next month,Neutral,2024-03-20,"Surulere, Lagos"
1640612853338,"Private sector food relief: GTBank staff donate food items to 400 vulnerable families in Apapa, Lagos community 💛 #EconomicHardship",Positive,2023-06-20,"Apapa, Lagos"
1769272005073,"Tomatoes wey be 500 naira last year don reach 3000 for Ojo, Lagos market. Inflation don kill us http://naijatalk.xyz",Negative,2024-12-04,"Ojo, Lagos"
1679632087667,"Woman in Apapa, Lagos said she has been mixing garri with water for her children because that is all she can afford @wfp_nigeria",Negative,2023-08-07,"Apapa, Lagos"
1674891111249,"Our local government in Ifako-Ijaiye, Lagos has done absolutely nothing about the food crisis. They only appear during election",Negative,2024-12-06,"Ifako-Ijaiye, Lagos"
1702550538341,"International food aid organization begins registration of vulnerable households in Lagos Island, Lagos for monthly food support #Inflation",Positive,2023-09-27,"Lagos Island, Lagos"
1724007351658,Academic paper published: sentiment analysis of Nigerian Twitter reveals early warning signals of food crisis #LagosSuffers,Neutral,2024-09-24,"Agege, Lagos"
1655635551193,"RT @zusfwneqbm: All the beggars on the streets of Ikeja, Lagos are increasing daily because people cannot feed their families anymore @wfp_nigeria",Negative,2023-02-23,"Ikeja, Lagos"
1764444116142,"RT @jdbyorkwyk: We beg govt make una intervene on food prices for Eti-Osa, Lagos. People dey suffer in silence #HardTimes",Negative,2023-11-16,"Eti-Osa, Lagos"
1766405273040,"I swr I don tire. No food, no money, no hope for Baruwa, Lagos. When tis suffering go end? #Inflation @UN_Nigeria",Negative,2024-05-13,"Baruwa, Lagos"
1750166982015,Lagos chamber of commerce holds summit on strategies to stabilize food supply chains in the state #Tinubu,Neutral,2024-02-17,"Alimosho, Lagos"
1765156396674,"All the beggars on the streets of Somolu, Lagos are increasing daily because people cannot feed their families anymore",Negative,2024-08-27,"Somolu, Lagos"
1639496790778,"Snack shops near me in Somolu, Lagos don increase price by 30% because of gas wahala. Na us go suffer am",Negative,2023-06-03,"Somolu, Lagos"
1666733552157,"RT @nxqplkovd: Just the start. Fuel prices rippling through economy. Fertilizer shortage go make food prices worse this season for Agege, Lagos #Inflation",Negative,2024-02-22,"Agege, Lagos"
1744722839084,"See the kind suffering wey dey Oshodi, Lagos. Pikin dem dey go school empty stomach every day",Negative,2024-04-20,"Oshodi, Lagos"
1712319373576,International Monetary Fund warns that Nigeria's food inflation could remain elevated through 2025 without reforms @wfp_nigeria...,Neutral,2023-01-10,"Badagry, Lagos"
1761429208779,"Lagos State just opened a new food distribution centre in Alimosho, Lagos. Finally government dey try small #GoodNews",Positive,2023-07-04,"Alimosho, Lagos"
1725309166143,"How you want police and soldier to respect law when their salary cannot put food on the table for Ikeja, Lagos?",Negative,2024-03-14,"Ikeja, Lagos"
1694210368782,"Food prices in Lagos Mainland, Lagos have gone completely out of control. A market woman today told me tomatoes are now luxury items #FoodCrisis @faoNG...",Negative,2023-09-14,"Lagos Mainland, Lagos"
1619041232150,"We beg government make una intervene on food prices for Ajeromi-Ifelodun, Lagos. People dey suffer in silence #NaijaEconomy...",Negative,2024-09-04,"Ajeromi-Ifelodun, Lagos"
1787351017961,"Food insecurity in Ikorodu, Lagos is at crisis level. The IPC indicators are all pointing to phase 3 and nobody is talking",Negative,2023-08-07,"Ikorodu, Lagos"
1770684083801,UNICEF report highlights rising acute malnutrition among under-five children in urban Lagos slums,Neutral,2023-03-24,"Lagos Island, Lagos"
1626892934267,"Egg wey be 100 per piece for Surulere, Lagos now. They say poultry feed cost plenty. Na us dey pay the price",Negative,2023-05-03,"Surulere, Lagos"
1625277953288,"Eyan Lagos Island, Lagos ti fẹrẹ ta gbogbo ohun ini won lati le ra ounje. Ebi n pa gbogbo eniyan...",Negative,2024-06-16,"Lagos Island, Lagos"
1720154357763,"RT @dmakkytvb: Traders at Ojo, Lagos market report a 25% reduction in daily customers as residents cut back on food purchases",Neutral,2023-05-13,"Ojo, Lagos"
1794132734951,"Market traders association in Eti-Osa, Lagos issues statement on factors driving the current food price increases #FoodScarcity @NigeriaPolice",Neutral,2023-04-12,"Eti-Osa, Lagos"
1793484653084,"RT @frqxyjddq: Cooperative of market women in Alimosho, Lagos launches price stabilization scheme for essential food items. Community power",Positive,2023-07-26,"Alimosho, Lagos"
1736823008877,"Snack shops near me in Ifako-Ijaiye, Lagos have increased food price approximately 20% due to gas crisis. #wareffects #inflation",Negative,2024-04-02,"Ifako-Ijaiye, Lagos"
1752850324588,"Tomatoes wey be 500 naira last year don reach 3000 for Ikeja, Lagos mkt. Inflation don kill us https://t.co/xK7mN3pQrL",Negative,2024-06-15,"Ikeja, Lagos"
1769212997958,"e don reach level where i dey share one wrap of eba between three people for Alimosho, Lagos. God help us",Negative,2024-12-13,"Alimosho, Lagos"
1721700359273,"The new direct-farmer market in Epe, Lagos is reducing prices by 20-40% compared to regular markets. Go there! http://naijatalk.xyz",Positive,2024-08-31,"Epe, Lagos"
1756606084503,"Tomatoes wey be 500 naira last year don reach 3000 for Agege, Lagos market. Inflation don kill us #LagosSuffers",Negative,2023-02-10,"Agege, Lagos"
1725113419168,"NBS data shows food inflation in Lagos reached 42% in Q3 2024, highest in five years. #Economy https://t.co/QwErTy9876",Neutral,2023-07-31,"Somolu, Lagos"
1711541956245,"Mama dey cry for Kosofe, Lagos say she no fit feed her four childn today. God abeg #Hunger",Negative,2023-04-13,"Kosofe, Lagos"
1797993939094,"The new direct-farmer market in Badagry, Lagos is reducing prices by 20-40% compared to regular markets. Go there! #InflationNG",Positive,2024-07-07,"Badagry, Lagos"
1707654830307,"The psychological trauma of not knowing where your next meal will come from is destroying Kosofe, Lagos communities @NigeriaGov",Negative,2024-05-18,"Kosofe, Lagos"
1630943804672,"Mama dey cry for Kosofe, Lagos say she no fit feed her four children today. God abeg",Negative,2024-10-13,"Kosofe, Lagos"
1773865557212,"The last time I bought cooking oil in Kosofe, Lagos market was three months ago. The price has gone from 2k to 6.5k",Negative,2023-11-02,"Kosofe, Lagos"
1767336354336,Satellite data from GEOGLAM shows below average crop yields expected in major food producing states this season,Neutral,2024-01-12,"Badagry, Lagos"
1674922298711,"RT @jtlias: Federal government to import 500,000 metric tonnes of rice to stabilize prices in cities including Lagos https://t.co/QwErTy9876",Neutral,2024-03-11,"Lagos Mainland, Lagos"
1786000357826,"The Lagos Urban Agriculture Initiative is training youth in Ikorodu, Lagos to grow food on small plots. Inspiring work",Positive,2023-02-09,"Ikorodu, Lagos"
1728107790095,"Government dey share food in Abuja for camera. For Baruwa, Lagos ground zero, nothing reach ordinary people @officialABAT",Negative,2024-02-13,"Baruwa, Lagos"
1639799041647,"We dey eat eba without soup sef we don thank God. Somolu, Lagos. This is not living, na enduring @faoNG",Negative,2024-12-17,"Somolu, Lagos"
1602395119111,"RT @splkpom: I went to Surulere, Lagos mkt. today and came back empty handed. My 10k could not buy anything meaningful for a family of five",Negative,2023-12-18,"Surulere, Lagos"
1661541025463,"FEWS NET: Lagos categorized under IPC Phase 2 stress level, with pockets of Phase 3 crisis in informal settlements #FoodPrices",Neutral,2024-09-06,"Agege, Lagos"
1629216010524,"Even sachet water for Epe, Lagos don increase. Pure water wey be 10 naira don reach 30 naira. What is going on? #FoodPrices",Negative,2023-10-18,"Epe, Lagos"
1626503051141,RT @hxhhujfl: New study from University of Lagos examines relationship between Twitter sentiment and food price trends in Nigeria #InflationNG,Neutral,2023-08-26,"Baruwa, Lagos"
1743847632954,"Price of garri drops by 15% in Alimosho, Lagos market after new cassava harvest arrives from Ogun State. Small win! #LagosSuffers",Positive,2024-06-04,"Alimosho, Lagos"
1745577019745,"Yeparipa! Eba don reach 800 for Oshodi, Lagos? Na so we go chop sand soon? 😭 #NaijaProblems http://bit.ly/3xYzAbc",Negative,2023-02-13,"Oshodi, Lagos"
1642370971637,"I went to Ikeja, Lagos market today and came back empty handed. My 10k could not buy anything meaningful for a family of five #NigeriaDecides @NigeriaPolice",Negative,2024-04-02,"Ikeja, Lagos"
1789837247433,The Integrated Food Security Phase Classification (IPC) team begins data collection across Lagos LGAs today #SDG2...,Neutral,2023-09-19,"Ajeromi-Ifelodun, Lagos"
1706505876333,"Nobody is held accountable when children die of malnutrition in Baruwa, Lagos. Government must be charged for this",Negative,2024-07-05,"Baruwa, Lagos"
1745506961937,"RT @ozqtod: Noodles, the last option for poor people for Apapa, Lagos, don increase price too. What are we supposed to eat? http://naijatalk.xyz...",Negative,2023-02-22,"Apapa, Lagos"
1718985230331,"A loaf of sliced bread in Alimosho, Lagos bakery today: 1,200 naira. Last year it was 450 naira. Explain this to me #ZeroHunger",Negative,2024-09-02,"Alimosho, Lagos"
1665745272575,"The conflict in the north has broken fd supply chains all the way down to Lagos Mainland, Lagos. We are all affected",Negative,2023-03-01,"Lagos Mainland, Lagos"
1781987182718,"Woman in Agege, Lagos said she has been mixing garri with water for her children because that is all she can afford",Negative,2024-06-10,"Agege, Lagos"
1658114712549,"Global food commodity prices continue to affect local markets in Lagos, traders say #GlobalEconomy",Neutral,2023-05-03,"Ojo, Lagos"
1627736304543,"RT @hhujysmq: Opolopo eniyan n jiya. Food cost for Somolu, Lagos Island don pass roof. #NaijaEconomy @NigeriaPolice",Negative,2023-05-19,"Somolu, Lagos"
1692353726095,"NGOs working in Lagos Mainland, Lagos report 35% increase in demand for emergency food assistance since January 2024",Neutral,2024-03-20,"Lagos Mainland, Lagos"
1764996495192,"Subsidy removal was supposed to free funds for investment. Tell me one person in Ojo, Lagos that benefited from it",Negative,2024-09-19,"Ojo, Lagos"
1680032881170,"Empty stalls everywhere in Lagos Mainland, Lagos market today. Wholesale supply has dried up completely #FoodScarcity",Negative,2024-12-19,"Lagos Mainland, Lagos"
1679259894514,International Monetary Fund warns that Nigeria's food inflation could remain elevated through 2025 without reforms,Neutral,2024-10-05,"Lagos Island, Lagos"
1735316795602,"The irony of Ifako-Ijaiye, Lagos being the commercial hub of Nigeria while millions of its residents go to bed hungry every night #Inflation @officialABAT",Negative,2023-04-12,"Ifako-Ijaiye, Lagos"
1749117373163,"The last time I bought cooking oil in Ifako-Ijaiye, Lagos market was three months ago. The price has gone from 2k to 6.5k #EndPoverty https://t.co/QwErTy9876",Negative,2024-03-10,"Ifako-Ijaiye, Lagos"
1739395786503,The Integrated Food Security Phase Classification (IPC) team begins data collection across Lagos LGAs today #FoodPrices http://bit.ly/3xYzAbc,Neutral,2024-06-19,"Ifako-Ijaiye, Lagos"
1745925544313,"The children for my area in Ajeromi-Ifelodun, Lagos are visibly malnourished. This is a crisis nobody is talking about #FoodPrices",Negative,2023-08-25,"Ajeromi-Ifelodun, Lagos"
1758813558921,"Men in Eti-Osa, Lagos are breaking down. Breadwinners cannot provide. Family pressure from hunger is destroying homes #LagosPalliative https://t.co/AbC12dEfGh @officialABAT...",Negative,2024-08-01,"Eti-Osa, Lagos"
1760843128106,"RT @acgpossk: Yeparipa! Eba don reach 800 for Eti-Osa, Lagos? Na so we go chop sand soon? 😭 #NaijaProblems #NaijaProblems @followlasg",Negative,2023-10-12,"Eti-Osa, Lagos"
1624513335823,"Farmer herder clashes have reduced produce coming to Ojo, Lagos by almost half according to traders in Oyingbo #LagosPalliative https://t.co/xK7mN3pQrL",Negative,2023-07-27,"Ojo, Lagos"
1726957369970,International Monetary Fund warns that Nigeria's food inflation could remain elevated through 2025 without reforms @wfp_nigeria,Neutral,2024-02-10,"Apapa, Lagos"
1755601055121,Lagos State Food Bank Initiative records 40% increase in demand from low income households in 2024,Neutral,2023-01-01,"Kosofe, Lagos"
1670495977760,"Market survey in Ikeja, Lagos: a basket of tomatoes now costs N4,500 compared to N1,200 same period last year",Neutral,2024-05-05,"Ikeja, Lagos"
1665025075523,"Government say they share palliative for Alimosho, Lagos but ordinary people for grassroots no see anything. Na lie #Inflation https://t.co/xK7mN3pQrL",Negative,2023-10-11,"Alimosho, Lagos"
1740053966095,"Youth group in Somolu, Lagos starts rooftop farming project to grow vegetables for local community. Innovation! 🌿 #NigeriaDecides",Positive,2023-09-22,"Somolu, Lagos"
1649094289466,"Pepper, tomato and onion combination now extremely scarce and expensive for Kosofe, Lagos market. Cooking don become gold",Negative,2023-05-13,"Kosofe, Lagos"
1752419206542,"Old mama for Badagry, Lagos say she never chop for two days. Nobody dey care about the poor again #Tinubu",Negative,2024-09-13,"Badagry, Lagos"
1741641956191,"There is serious food scarcity in Ikorodu, Lagos right now. Market shelves dey empty and traders say supply chain broken @wfp_nigeria",Negative,2023-10-10,"Ikorodu, Lagos"
1669051850528,"Ground report from Somolu, Lagos: how street food vendors are adjusting portion sizes to manage rising ingredient costs",Neutral,2024-09-05,"Somolu, Lagos"
1648917802045,"RT @swopxey: Food insecurity in Mushin, Lagos is at crisis level. The IPC indicators are all pointing to phase 3 and nobody is talking #Inflation @NigeriaPolice",Negative,2023-12-20,"Mushin, Lagos"
1605442945238,"RT @rywss: Garri wey I dey buy 1500 last year don reach 4500 for Alimosho, Lagos. How e take happen like this? #LagosSuffers http://bit.ly/3xYzAbc",Negative,2024-11-18,"Alimosho, Lagos"
1769344220581,"RT @ykjkshkf: Old mama for Alimosho, Lagos say she never chop for two days. Nobody dey care about the poor again #Lagos",Negative,2024-08-26,"Alimosho, Lagos"
1749822261177,"Snack shops near me in Oshodi, Lagos have increased food price approximately 20% due to gas crisis. #wareffects #inflation #LagosPalliative @NigeriaPolice",Negative,2023-07-24,"Oshodi, Lagos"
1758718772262,"Cooperative of market women in Eti-Osa, Lagos launches price stabilization scheme for essential food items. Community power #EndPoverty @officialABAT",Positive,2023-04-04,"Eti-Osa, Lagos"
1794391464358,"Fuel price goes up, food price goes up, transport goes up… only salary stays loyal 😂😭 #Nigeria #Inflation #HardTimes",Negative,2024-04-01,"Epe, Lagos"
1662197147538,"Good news from Epe, Lagos: local farmers cooperative reports a 30% increase in food production this planting season",Positive,2023-10-11,"Epe, Lagos"
1709669518013,"Empty stalls everywhere in Agege, Lagos market today. Wholesale supply has dried up completely #FoodScarcity @followlasg",Negative,2023-08-12,"Agege, Lagos"
1698665360679,"Snack shops near me in Badagry, Lagos don increase price by 30% because of gas wahala. Na us go suffer am #FoodCrisis https://t.co/xK7mN3pQrL",Negative,2023-12-13,"Badagry, Lagos"
1776665517824,"Snack shops near me in Badagry, Lagos don increase price by 30% because of gas wahala. Na us go suffer am #LagosSuffers https://t.co/xK7mN3pQrL @wfp_nigeria",Negative,2024-11-24,"Badagry, Lagos"
1736320803090,"All the beggars on the streets of Lagos Island, Lagos are increasing daily because people cannot feed their families anymore #ZeroHunger",Negative,2023-01-03,"Lagos Island, Lagos"
1645655421005,Nigeria's food import bill rose to $5.8 billion in 2023 amid declining local agricultural productivity,Neutral,2024-03-02,"Kosofe, Lagos"
1766552622429,Federal government inaugurates food price monitoring committee to track inflation across 36 states including Lagos @officialABAT,Neutral,2023-12-31,"Agege, Lagos"
1696256027075,"Lagos State just opened a new food distribution centre in Lagos Mainland, Lagos. Finally government dey try small #GoodNews",Positive,2024-12-19,"Lagos Mainland, Lagos"
1674080621524,"Sharp sharp the prices for Baruwa, Lagos don pass roof. We no fit shout again, we just dey manage",Negative,2024-02-12,"Baruwa, Lagos"
1697892357103,"Bama, Yola, now people dey flee to Somolu, Lagos and food supply cannot handle the population pressure",Negative,2023-10-23,"Somolu, Lagos"
1705448267139,"Old mama for Agege, Lagos say she never chop for two days. Nobody dey care about the poor again",Negative,2023-04-28,"Agege, Lagos"
1677630831996,"Food prices for key staples like yam and plantain have stabilized in Eti-Osa, Lagos market dis week. Hope is not lost #EconomicHardship",Positive,2024-03-10,"Eti-Osa, Lagos"
1766889182042,"Pikin dem for Ikeja, Lagos dey sleep hungry every night. We beg government make una hear us http://bit.ly/3xYzAbc",Negative,2024-10-14,"Ikeja, Lagos"
1764669873198,"Palm oil, groundnut oil, everything don skyrocket for Badagry, Lagos. Cooking self don become unaffordable #LagosSuffers @NigeriaGov",Negative,2023-05-28,"Badagry, Lagos"
1673785220726,Nigeria's food import bill rose to $5.8 billion in 2023 amid declining local agricultural productivity...,Neutral,2023-09-08,"Lagos Mainland, Lagos"
1666159650463,"Hunger dey kill people for Eti-Osa, Lagos and government dey chop alone. Wickedness at the highest level #Tinubu @wfp_nigeria",Negative,2023-02-04,"Eti-Osa, Lagos"
1771259955952,Humanitarian organizations call for increased funding to address food crisis affecting Lagos urban poor communities #NaijaProblems @NigeriaGov,Neutral,2024-09-07,"Eti-Osa, Lagos"
1645938708252,"School dropout rate in Mushin, Lagos is rising because parents cannot afford school fees AND food at the same time",Negative,2023-01-28,"Mushin, Lagos"
1604972514126,"Empty stalls everywhere in Ifako-Ijaiye, Lagos market today. Wholesale supply has dried up completely #FoodScarcity #InflationNG @followlasg",Negative,2024-05-13,"Ifako-Ijaiye, Lagos"
1795290983768,"RT @rfyaajviiu: International food aid organization begins registration of vulnerable households in Shomolu, Lagos for monthly food support",Positive,2024-05-03,"Shomolu, Lagos"
1697736313330,FEWS NET quarterly report flags Lagos and Kano as areas requiring close food security monitoring in coming months #FoodCrisis,Neutral,2024-05-24,"Ifako-Ijaiye, Lagos"
1666372006657,Senate committee on agriculture holds hearing on food security situation with ministers and FAO representatives #Lagos https://t.co/QwErTy9876,Neutral,2024-08-30,"Alimosho, Lagos"
1649180506551,"My uncle in Surulere, Lagos said he cried for the first time in his adult life last night because he could not feed his children #Tinubu",Negative,2024-08-08,"Surulere, Lagos"
1646542229559,"Governor of Lagos personally supervises food distribution in Ikeja, Lagos community. At least they are paying attention now",Positive,2024-12-26,"Ikeja, Lagos"
1753338667831,"Rice don reach 120k per bag for Kosofe, Lagos, how person go chop? #FoodCrisis #Lagos #InflationNG @MBuhari",Negative,2024-04-27,"Kosofe, Lagos"
1686965344685,"FEWS NET: Lagos categorized under IPC Phase 2 stress level, with pockets of Phase 3 crisis in informal settlements",Neutral,2024-12-20,"Surulere, Lagos"
1678604491644,"Market survey in Ifako-Ijaiye, Lagos: a basket of tomatoes now costs N4,500 compared to N1,200 same period last year",Neutral,2023-05-15,"Ifako-Ijaiye, Lagos"
1651671484940,"Insecurity has made farming impossible in the north. Apapa, Lagos markets are now running on dwindling reserves",Negative,2024-07-22,"Apapa, Lagos"
1640966799996,World Food Programme (WFP) to begin assessment of food insecurity levels in Lagos communities next month,Neutral,2024-03-21,"Lagos Mainland, Lagos"
1648740064083,"I am not exaggerating when I say the food situation in Ikeja, Lagos is a humanitarian emergency waiting to be declared",Negative,2023-01-26,"Ikeja, Lagos"
1758782928196,LASG Governor approves N2billion food subsidy fund for low income families across all Lagos LGAs. Progress! #SDG2,Positive,2024-04-05,"Ajeromi-Ifelodun, Lagos"
1623662581116,"The price of moimoi and akara in Ikeja, Lagos has doubled. These are supposed to be the food of the ordinary person #Tinubu",Negative,2023-06-05,"Ikeja, Lagos"
1720770387752,"Lagos residents spend an average of 65% of household income on food, new survey by NBS reveals http://bit.ly/3xYzAbc",Neutral,2024-10-01,"Ifako-Ijaiye, Lagos"
1728758920852,"New cold chain facility opens in Apapa, Lagos, which means less food waste and more stable supply for markeets",Positive,2024-10-05,"Apapa, Lagos"
1706946874398,"Praise God! The foodbank in Apapa, Lagos got a massive donation today. Over 500 families will eat this week 🙌",Positive,2023-01-05,"Apapa, Lagos"
1652293928763,"RT @niarisq: Food scarcity is not natural. It is a policy failure. Shomolu, Lagos residents are paying with their lives and health @officialABAT",Negative,2023-12-05,"Shomolu, Lagos"
1614666870552,"Mama Tunde for Ojo, Lagos say she dey sell her cooking pots because she no fit afford fd. This is heartbreaking",Negative,2024-02-10,"Ojo, Lagos"
1639354110050,"Insecurity has made farming impossible in the north. Apapa, Lagos markets are now running on dwindling reserves",Negative,2024-06-01,"Apapa, Lagos"
1729031661710,"Displaced families from Borno and Zamfara are now in Ajeromi-Ifelodun, Lagos and competing for already scarce foood resources #FoodPrices https://t.co/AbC12dEfGh...",Negative,2024-01-05,"Ajeromi-Ifelodun, Lagos"
1740079368701,"First batch of subsidized food from federal strategic reserves arrives at Epe, Lagos distribution point today @wfp_nigeria",Positive,2024-02-11,"Epe, Lagos"
1637267977715,Satellite data from GEOGLAM shows below average crop yields expected in major food producing states this season #NaijaEconomy @faoNG,Neutral,2023-10-04,"Eti-Osa, Lagos"
1643618054882,"Market Watch: prices of key food commodities in Eti-Osa, Lagos reviewed weekly by Lagos Consumer Protection Council https://t.co/QwErTy9876 @NigeriaGov",Neutral,2023-04-11,"Eti-Osa, Lagos"
1729294007657,"There is serious food scarcity in Oshodi, Lagos right now. Market shelves dey empty and traders say supply chain broken",Negative,2023-01-26,"Oshodi, Lagos"
1752447052723,"RT @wcvpodd: Omo the tin wey dey happen for Shomolu, Lagos market no good at all. E be like say food don become luxury #Nigeria http://naijatalk.xyz @wfp_nigeria",Negative,2024-07-18,"Shomolu, Lagos"
1761105428930,"NAFDAC confirms seizure of substandard food items worth millions at Ifako-Ijaiye, Lagos market this week @faoNG",Neutral,2024-12-24,"Ifako-Ijaiye, Lagos"
1616277751422,"Nigerias food self-sufficiency ratio has declined steadily since 2015, new agriculture ministry data shows",Neutral,2024-06-28,"Badagry, Lagos"
1655219684307,"The number of people begging on Shomolu, Lagos streets has doubled in the last six months. This is not normal",Negative,2023-06-29,"Shomolu, Lagos"
1712745470130,"Policy responses are weak and useless. Ikorodu, Lagos residents are starving while politicians share rice for election",Negative,2023-04-06,"Ikorodu, Lagos"
1697362956215,"International food aid organization begins registration of vulnerable households in Oshodi, Lagos for monthly food support #NaijaProblems",Positive,2024-02-21,"Oshodi, Lagos"
1667777947363,"NBS data shows food inflation in Lagos reached 42% in Q3 2024, highest in five years. #Economy #Tinubu",Neutral,2024-07-18,"Oshodi, Lagos"
1726569004161,"The cost of feeding a family of four in Lagos has risen from N40,000 to N120,000 per month in two years",Neutral,2023-04-29,"Agege, Lagos"
1725927438990,"NGO distributes 500 food packs to vulnerable families in Ajeromi-Ifelodun, Lagos today. This is the kind of help we need",Positive,2024-02-21,"Ajeromi-Ifelodun, Lagos"
1790746563230,"Tinubu government remove subsidy, food price sky rocket for Badagry, Lagos. The poor people dey carry all the burden",Negative,2024-05-22,"Badagry, Lagos"
1754832799550,"Praise God! The foodbank in Kosofe, Lagos got a massive donation today. Over 500 families will eat this week 🙌",Positive,2023-07-31,"Kosofe, Lagos"
1708075633776,"Noodles, the last option for poor people for Somolu, Lagos, don increase price too. What are we supposed to eat? #NaijaEconomy",Negative,2024-04-12,"Somolu, Lagos"
1709999732085,"Imagine what is going on in Ifako-Ijaiye, Lagos. Is it the govt that will stop people from being hungry? When will they act? #HardTimes @faoNG",Negative,2024-08-24,"Ifako-Ijaiye, Lagos"
1729744292508,"Rice don reach 120k per bag for Mushin, Lagos, how person go chop? #FoodCrisis #Lagos #EconomicHardship",Negative,2024-02-03,"Mushin, Lagos"
1710033430969,UNICEF report highlights rising acute malnutrition among under-five children in urban Lagos slums https://t.co/xK7mN3pQrL,Neutral,2024-11-16,"Shomolu, Lagos"
1793236343447,"New food bank opens in Baruwa, Lagos! If you are struggling to feed your famliy please walk in. No form, no stress #InflationNG",Positive,2023-12-22,"Baruwa, Lagos"
1607896279558,"I swr I don tire. No food, no money, no hope for Ifako-Ijaiye, Lagos. When this suffering go end?",Negative,2024-09-13,"Ifako-Ijaiye, Lagos"
1620488834044,"ActionAid Nigeria releases report on impact of food insecurity on women-headed households in Eti-Osa, Lagos #InflationNG",Neutral,2024-04-04,"Eti-Osa, Lagos"
1647681433942,"Microfinance bank launches special loan product for food vendors and market women in Mushin, Lagos. This will help @MBuhari",Positive,2024-01-25,"Mushin, Lagos"
1755792699128,"We dey Oshodi, Lagos, hunger no dey respect anybody. Rich, poor, everybody dey feel am now @officialABAT...",Negative,2023-07-12,"Oshodi, Lagos"
1707149345242,"Dangote Group donates 10,000 bags of rice and 5,000 litres of oil to food bank serving Mushin, Lagos communities #InflationNG http://naijatalk.xyz",Positive,2024-08-02,"Mushin, Lagos"
1781390614441,"Dangote Group donates 10,000 bags of rice and 5,000 litres of oil to food bank serving Ojo, Lagos communities #Suffering https://t.co/AbC12dEfGh",Positive,2024-11-08,"Ojo, Lagos"
1692650480235,"The price of a 50kg bag of rice in Shomolu, Lagos market currently stands at N85,000 according to traders. #MarketUpdate https://t.co/xK7mN3pQrL @wfp_nigeria",Neutral,2024-05-06,"Shomolu, Lagos"
1759034680323,"Bama, Yola, now people dey flee to Surulere, Lagos and food supply cannot handle the population pressure",Negative,2023-02-16,"Surulere, Lagos"
1688684738505,"Have you seen the price of baby food nkor? Diapers nkor? Rent in Shomolu, Lagos nkor? How person go manage?? #FoodScarcity",Negative,2023-04-16,"Shomolu, Lagos"
1770732366392,"Abeg make government come help Eti-Osa, Lagos people o. Ebi dey kill us here every day @NigeriaGov",Negative,2024-07-11,"Eti-Osa, Lagos"
1679156616731,"Traders for Surulere, Lagos market confirm food prics up by 60 percent in three months #InflationNG #Tinubu",Negative,2023-09-27,"Surulere, Lagos"
1757594811670,"What kind of country is this? Ajeromi-Ifelodun, Lagos man wey work hard every day cannot afford to eat three times. Nonsense #FoodPrices",Negative,2024-02-03,"Ajeromi-Ifelodun, Lagos"
1736556147052,"We dey eat eba without soup sef we don thank God. Ikorodu, Lagos. This is not living, na enduring @NigeriaPolice",Negative,2023-10-26,"Ikorodu, Lagos"
1669467858478,"Men in Surulere, Lagos are breaking down. Breadwinners cannot provide. Family pressure from hunger is destroying homes https://t.co/xK7mN3pQrL @wfp_nigeria",Negative,2023-02-23,"Surulere, Lagos"
1793493213982,"School feeding program resumes in Eti-Osa, Lagos primary schools today after brief suspension. Children are happy 😊",Positive,2024-08-05,"Eti-Osa, Lagos"
1623338750655,"First batch of subsidized food from federal strategic reserves arrives at Surulere, Lagos distribution point today #Lagos",Positive,2023-05-26,"Surulere, Lagos"
1658921791831,"Youth group in Baruwa, Lagos starts rooftop farming project to grow vegetables for local community. Innovation! 🌿",Positive,2024-03-27,"Baruwa, Lagos"
1732769329496,"Food prices for key staples like yam and plantain have stabilized in Lagos Mainland, Lagos market this week. Hope is not lost",Positive,2024-04-04,"Lagos Mainland, Lagos"
1718907909826,"A bag of beans that was 35k last January is now 90k in Alimosho, Lagos. Tell me this is not engineered scarcity #FoodCrisis @NigeriaGov",Negative,2023-04-17,"Alimosho, Lagos"
1745428684769,Federal government inaugurates food price monitoring committee to track inflation across 36 states including Lagos #NaijaProblems,Neutral,2023-04-23,"Ajeromi-Ifelodun, Lagos"
1616934008216,Report: over 31 million Nigerians currently experiencing severe food insecurity according to IPC Phase 3 classification,Neutral,2023-06-19,"Mushin, Lagos"
1694553440719,"Food scarcity is not natural. It is a policy failure. Oshodi, Lagos residents are paying with their lives and health http://naijatalk.xyz",Negative,2023-08-17,"Oshodi, Lagos"
1630816445103,"The number of children with visible signs of malnutrition in Kosofe, Lagos schools is increasing. Teachers are reporting this @UN_Nigeria",Negative,2024-01-19,"Kosofe, Lagos"
1608936813596,"Praise God! The foodbank in Alimosho, Lagos got a massive donation today. Over 500 families will eat this week 🙌 @wfp_nigeria",Positive,2024-06-09,"Alimosho, Lagos"
1744012665231,"Bama, Yola, now people dey flee to Epe, Lagos and food supply cannot handle the population pressure #InflationNG @wfp_nigeria",Negative,2023-02-18,"Epe, Lagos"
1729038729966,"Tomato supply don dry up completely for Mushin, Lagos. Farmers say insecurity for north don finish everything https://t.co/AbC12dEfGh",Negative,2024-12-06,"Mushin, Lagos"
1701748980687,"Indomie, the food of last resort for many families in Lagos Island, Lagos, just increased price again. This is deliberate suffering",Negative,2023-08-11,"Lagos Island, Lagos"
1774998213383,New USAID-funded study to track social media signals of food insecurity in Nigerian urban centres #FoodCrisis,Neutral,2024-07-14,"Eti-Osa, Lagos"
1706742282277,"Tomato supply don dry up completely for Ifako-Ijaiye, Lagos. Farmers say insecurity for north don finish everything @UN_Nigeria",Negative,2024-03-29,"Ifako-Ijaiye, Lagos"
1757936272995,"Market survey in Badagry, Lagos: a basket of tomatoes now costs N4,500 compared to N1,200 same period last year #FoodCrisis",Neutral,2024-03-15,"Badagry, Lagos"
1715496409157,"Federal government to import 500,000 metric tonnes of rice to stabilize prices in cities including Lagos #ZeroHunger @officialABAT",Neutral,2024-05-14,"Mushin, Lagos"
1653194727383,"RT @tgqotkob: The Lagos Urban Agriculture Initiative is training youth in Ikeja, Lagos to grow food on small plots. Inspiring work",Positive,2023-11-27,"Ikeja, Lagos"
1625073111011,FEWS NET quarterly report flags Lagos and Kano as areas requiring close food security monitoring in coming months,Neutral,2024-08-16,"Apapa, Lagos"
1605673964197,"Farmers in Eti-Osa, Lagos outskirts say they can no longer afford fertilizer at current prices. Next harvest will be disaster http://naijatalk.xyz",Negative,2023-01-27,"Eti-Osa, Lagos"
1743917374032,"A man collapsed from hunger near Ajeromi-Ifelodun, Lagos today. No food, no hope. This country don finish us",Negative,2023-07-02,"Ajeromi-Ifelodun, Lagos"
1691411112815,Lagos chamber of commerce holds summit on strategies to stabilize food supply chains in the state,Neutral,2023-05-10,"Eti-Osa, Lagos"
1653912072983,"Farmers in Epe, Lagos outskirts say they can no longer afford fertilizer at current prices. Next harvest will be disaster",Negative,2024-05-15,"Epe, Lagos"
1709674991286,"Insecurity has made farming impossible in the north. Ikorodu, Lagos markets are now running on dwindling reserves",Negative,2023-08-23,"Ikorodu, Lagos"
1786031423400,"Local government in Somolu, Lagos distributes free food seedlings to 1,000 households to encourage home gardening @UN_Nigeria",Positive,2023-04-11,"Somolu, Lagos"
1694916486042,"Tomatoes wey be 500 naira last year don reach 3000 for Ajeromi-Ifelodun, Lagos market. Inflation don kill us",Negative,2023-10-19,"Ajeromi-Ifelodun, Lagos"
1720396168303,"How you want police and soldier to respect law when their salary cant put food on the table for Ikeja, Lagos? @followlasg...",Negative,2023-05-20,"Ikeja, Lagos"
1668352004908,"Noodles, teh last option for poor people for Badagry, Lagos, don increase price too. What are we supposed to eat? #HardTimes",Negative,2024-12-13,"Badagry, Lagos"
1797999949663,"Farmers in Ajeromi-Ifelodun, Lagos outskirts say they can no longer afford fertilizer at current prices. Next harvest will be disaster",Negative,2024-01-30,"Ajeromi-Ifelodun, Lagos"
1647319252479,"Microfinance bank launches special loan product for food vendors and market women in Apapa, Lagos. This will help",Positive,2024-12-03,"Apapa, Lagos"
1606196701125,FEWS NET quarterly report flags Lagos and Kano as areas requiring close food security monitoring in coming months https://t.co/QwErTy9876...,Neutral,2024-02-21,"Eti-Osa, Lagos"
1670546564343,Lagos chamber of commerce holds summit on strategies to stabilize food supply chains in the state https://t.co/xK7mN3pQrL,Neutral,2023-04-14,"Eti-Osa, Lagos"
1677861467906,New USAID-funded study to track social media signals of food insecurity in Nigerian urban centres,Neutral,2023-01-03,"Apapa, Lagos"
1610441526453,"Praise God! The foodbank in Apapa, Lagos got a massive donation today. Over 500 families will eat this week 🙌",Positive,2023-12-26,"Apapa, Lagos"
1767353205469,FAO report: Nigeria ranks among countries with highest rates of acute food insecurity in West Africa. #FoodSecurity,Neutral,2024-07-25,"Epe, Lagos"
1736116131581,"Agric minister confirms new fertilizer subsidy will reduce input costs for farmers, expected to lower food prices",Positive,2023-11-18,"Baruwa, Lagos"
1637014163322,"A bag of beans that was 35k last January is now 90k in Eti-Osa, Lagos. Tell me this is not engineered scarcity",Negative,2024-09-03,"Eti-Osa, Lagos"
1773554795420,"A bag of beans that was 35k last January is now 90k in Eti-Osa, Lagos. Tell me this is not engineered scarcity #HardTimes...",Negative,2024-04-05,"Eti-Osa, Lagos"
1702591696406,"School dropout rate in Somolu, Lagos is rising because parents cannot afford school fees AND food at the same time #Lagos",Negative,2023-03-12,"Somolu, Lagos"
1780211776375,"Snack shops near me in Oshodi, Lagos have increased food price approximately 20% due to gas crisis. #wareffects #inflation #Tinubu https://t.co/QwErTy9876",Negative,2023-04-03,"Oshodi, Lagos"
1744262840130,"RT @vguqzaxnc: Fuel price goes up, food price goes up, transport goes up… only salary stays loyal 😂😭 #Nigeria #Inflation @MBuhari",Negative,2024-02-10,"Ikorodu, Lagos"
1729325892482,"I went to Baruwa, Lagos market today and came back empty handed. My 10k could not buy anything meaningful for a family of five https://t.co/xK7mN3pQrL",Negative,2023-05-18,"Baruwa, Lagos"
1709471147198,Oxfam Nigeria calls on government to implement emergency food subsidy for urban poor in Lagos and Kano...,Neutral,2024-03-31,"Lagos Island, Lagos"
1701185249164,"Snack shops near me in Badagry, Lagos don increase price by 30% becus of gas wahala. Na us go suffer am https://t.co/QwErTy9876...",Negative,2023-05-02,"Badagry, Lagos"
1672827714983,"Another Yariba state with massive hunger. Lagos was built by Nigerians, not by government. Lagos Mainland, Lagos people are suffering @faoNG",Negative,2024-08-13,"Lagos Mainland, Lagos"
1787194506711,"What kind of country is this? Eti-Osa, Lagos man wey work hard every day cannot afford to eat three times. Nonsense #Inflation",Negative,2024-06-07,"Eti-Osa, Lagos"
1788125783983,Report: over 31 million Nigerians currently experiencing severe food insecurity according to IPC Phase 3 classification,Neutral,2024-05-23,"Lagos Island, Lagos"
1687483144442,"I swr hunger wan collect my pikin from me, we no chop since yesterday for Alimosho, Lagos 😥 @followlasg",Negative,2024-02-25,"Alimosho, Lagos"
1784992570684,"International food aid organization begins registration of vulnerable households in Surulere, Lagos for monthly food support",Positive,2023-06-04,"Surulere, Lagos"
1652875351337,"RT @vzeew: Government statisticians to conduct fresh food price survey across all Surulere, Lagos markets starting Monday @UN_Nigeria",Neutral,2024-11-03,"Surulere, Lagos"
1743861313634,"Woman in Shomolu, Lagos said she has been mixing garri with water for her children because that is all she can afford",Negative,2024-10-06,"Shomolu, Lagos"
1692497342247,"Sharp sharp the prices for Alimosho, Lagos don pass roof. We no fit shout again, we just dey manage #NaijaProblems",Negative,2023-01-29,"Alimosho, Lagos"
1721555956933,"Price of garri drops by 15% in Eti-Osa, Lagos market after new cassava harvest arrives from Ogun State. Small win!",Positive,2023-01-02,"Eti-Osa, Lagos"
1774337860191,"Food prices in Badagry, Lagos have gone completely out of control. A market woman today told me tomatoes are now luxury items",Negative,2024-10-11,"Badagry, Lagos"
1770126113637,"Restaurants in Epe, Lagos are closing because even the middle class can no longer afford to eat out regularly https://t.co/xK7mN3pQrL",Negative,2023-04-15,"Epe, Lagos"
1741475965238,"I've advocated for mental health checks cos the economic crisis and poor salaries can barely put food on the table in Surulere, Lagos",Negative,2023-11-04,"Surulere, Lagos"
1702256183183,"Private sector food relief: GTBank staff donate food items to 400 vulnerable families in Shomolu, Lagos community 💛 #NigeriaDecides...",Positive,2023-10-22,"Shomolu, Lagos"
1621422548854,"Lovely initiative: churches and mosques in Ikeja, Lagos have joined forces to provide daily meals to hungry families...",Positive,2024-06-27,"Ikeja, Lagos"
1741818619847,"Federal government emergency food intervention reaches Ojo, Lagos today. 2000 households receive support @followlasg",Positive,2024-03-26,"Ojo, Lagos"
1758844401971,"We dey eat eba without soup sef we don thank God. Somolu, Lagos. This is not living, na enduring @NigeriaPolice",Negative,2023-02-12,"Somolu, Lagos"
1688569839231,"Women in Surulere, Lagos are being forced into dangerous situations just to feed their families. The hunger is that real #NigeriaDecides",Negative,2023-10-19,"Surulere, Lagos"
1629864857055,"WFP has begun food distribution in Oshodi, Lagos community today. Families are receiving assistance 🙏 #Relief #InflationNG http://naijatalk.xyz",Positive,2023-07-08,"Oshodi, Lagos"
1638718327738,"Private sector food relief: GTBank staff donate food items to 400 vulnerable families in Apapa, Lagos community 💛",Positive,2023-06-13,"Apapa, Lagos"
1731222853490,"Opolopo eniyan n jiya. Food cost for Mushin, Lagos Island don pass roof. #NaijaEconomy #FoodCrisis",Negative,2023-02-27,"Mushin, Lagos"
1766654388345,"The price of moimoi and akara in Baruwa, Lagos has doubled. These are supposed to be the food of the ordinary person #Inflation @officialABAT",Negative,2024-12-27,"Baruwa, Lagos"
1720681110340,"RT @tvpcey: The conflict in the north has broken food supply chains all the way down to Oshodi, Lagos. We are all affected",Negative,2024-07-05,"Oshodi, Lagos"
1601175304017,"e don reach level where i dey share one wrap of eba between three people for Ifako-Ijaiye, Lagos. God help us @wfp_nigeria",Negative,2023-04-11,"Ifako-Ijaiye, Lagos"
1610835194862,"School dropout rate in Baruwa, Lagos is rising because parents cannot afford school fees AND food at the same time",Negative,2024-02-13,"Baruwa, Lagos"
1792886782020,Lagos State government announces plans to establish food distribution centres across the 20 LGAs. @followlasg #Hunger,Neutral,2023-01-20,"Lagos Mainland, Lagos"
1638229896694,"Price of garri drops by 15% in Shomolu, Lagos market after new cassava harvest arrives from Ogun State. Small win!",Positive,2023-07-02,"Shomolu, Lagos"
1670563036706,"Government dey share food in Abuja for camera. For Ikorodu, Lagos ground zero, nothing reach ordinary people...",Negative,2023-11-09,"Ikorodu, Lagos"
1799453080548,"Price of garri drops by 15% in Ikorodu, Lagos market after new cassava harvest arrives from Ogun State. Small win! #Lagos...",Positive,2023-08-11,"Ikorodu, Lagos"
1615819624482,Lagos State government announces plans to establish food distribution centres across the 20 LGAs. @followlasg,Neutral,2024-01-01,"Apapa, Lagos"
1737353565748,"Snack shops near me in Oshodi, Lagos have increased food price approximately 20% due to gas crisis. #wareffects #inflation",Negative,2024-01-07,"Oshodi, Lagos"
1667967040690,"USAID food security program begins operations in Alimosho, Lagos, targeting 10,000 households over 18 months...",Positive,2024-02-14,"Alimosho, Lagos"
1652619109488,"Beans, the protein of the poor for Ajeromi-Ifelodun, Lagos, is now a luxury. A paint bucket of beans cost 8000 naira",Negative,2024-09-27,"Ajeromi-Ifelodun, Lagos"
1788457096945,"RT @dwnyci: Women in Badagry, Lagos are being forced into dangerous situations just to feed their families. The hunger is that real #Hunger @followlasg",Negative,2024-10-08,"Badagry, Lagos"
1687548904336,"Palm oil, groundnut oil, everything don skyrocket for Badagry, Lagos. Cooking self don become unaffordable #ZeroHunger",Negative,2023-07-02,"Badagry, Lagos"
1745740491378,"Joint statement by NGOs: food situation in Kosofe, Lagos requires urgent coordinated humanitarian response",Neutral,2024-07-22,"Kosofe, Lagos"
1644895530070,"Stockfish that poor families depend on in Lagos Mainland, Lagos has disappeared from markets or become too expensive to buy #NigeriaDecides",Negative,2024-08-31,"Lagos Mainland, Lagos"
1679783132692,"New farm produce market opens in Eti-Osa, Lagos to connect farmers directly to consumers, cutting out middlemen 🌾",Positive,2023-04-16,"Eti-Osa, Lagos"
1703001545749,"My boss in Epe, Lagos just cut our canteen budget because the food vendor cannot maintain affordable prices anymore",Negative,2023-09-27,"Epe, Lagos"
1732402603329,"Rice price drops slightly in Epe, Lagos market after government releases emergency reserves. Little relief for families #FoodCrisis",Positive,2023-12-09,"Epe, Lagos"
1647978823124,"Household food budget crisis in Apapa, Lagos as prices outpace incomes significantly #NaijaEconomy",Negative,2023-08-18,"Apapa, Lagos"
1693529462367,"Agric minister confirms new fertilizer subsidy will reduce input costs for farmers, expected to lower food prices",Positive,2024-05-30,"Baruwa, Lagos"
1795459116980,"RT @czxldvms: Snack shops near me in Kosofe, Lagos don increase price by 30% because of gas wahala. Na us go suffer am @officialABAT",Negative,2023-10-07,"Kosofe, Lagos"
1682001555982,"RT @qeyytr: e don reach level where i dey share one wrap of eba between three people for Agege, Lagos. God help us #Hunger",Negative,2023-07-23,"Agege, Lagos"
1714904524804,"NGO distributes 500 food packs to vulnerable families in Lagos Mainland, Lagos today. This is the kind of help we need",Positive,2023-04-16,"Lagos Mainland, Lagos"
1639509022345,"Plantain wey grow right here in Surulere, Lagos outskirts don reach 600 per finger. Local food inflation is crazy",Negative,2024-01-18,"Surulere, Lagos"
1657456167968,"Yeparipa! Eba don reach 800 for Agege, Lagos? Na so we go chop sand soon? 😭 #NaijaProblems @officialABAT",Negative,2023-12-23,"Agege, Lagos"
1746350053358,"RT @ifyxgsbwz: We dey Apapa, Lagos, hunger no dey respect anybody. Rich, poor, everybody dey feel am now @NigeriaPolice",Negative,2024-08-12,"Apapa, Lagos"
1701425811829,New study from University of Lagos examines relationship between Twitter sentiment and foood price trends in Nigeria #Lagos,Neutral,2023-08-19,"Ikorodu, Lagos"
1641485238523,"Local government officials in Kosofe, Lagos conduct market inspection following reports of artificial fd scarcity #NigeriaDecides",Neutral,2023-08-17,"Kosofe, Lagos"
1738914076147,"Fuel price goes up, food price goes up, transport goes up… only salary stays loyal 😂😭 #Nigeria #Inflation",Negative,2024-10-02,"Ikorodu, Lagos"
1632668142576,"Local government in Ikorodu, Lagos distributes free food seedlings to 1,000 households to encourage home gardening",Positive,2024-03-01,"Ikorodu, Lagos"
1704541703161,"Traders at Baruwa, Lagos market report a 25% reduction in daily customers as residents cut back on food purchases #Nigeria @wfp_nigeria",Neutral,2024-11-24,"Baruwa, Lagos"
1782373541954,"Eba and vegetable soup used to be the affordable meal for Apapa, Lagos hustlers. Even that don become expensive now #LagosPalliative http://naijatalk.xyz",Negative,2024-08-27,"Apapa, Lagos"
1746409861035,"Food security stakeholders gather in Oshodi, Lagos for quarterly review meeting on hunger mitigation strategies #EconomicHardship http://naijatalk.xyz",Neutral,2023-09-29,"Oshodi, Lagos"
1672979629453,"I know three families in Somolu, Lagos that have not eaten a proper meal in days. I am not exaggerating...",Negative,2024-08-19,"Somolu, Lagos"
1702832616464,"Price of garri drops by 15% in Mushin, Lagos market after new cassava harvest arrives from Ogun State. Small win!",Positive,2024-04-24,"Mushin, Lagos"
1690805591069,"RT @mnkpr: Stockfish that poor families depend on in Kosofe, Lagos has disappeared from markets or become too expensive to buy",Negative,2023-10-30,"Kosofe, Lagos"
1605291947345,FEWS NET quarterly report flags Lagos and Kano as areas requiring close food security monitoring in coming months...,Neutral,2024-08-06,"Kosofe, Lagos"
1783189216780,Oxfam Nigeria calls on government to implement emergency food subsidy for urban poor in Lagos and Kano https://t.co/QwErTy9876,Neutral,2023-08-21,"Agege, Lagos"
1669043265158,"Market traders association in Ikorodu, Lagos issues statement on factors driving the current food price increases https://t.co/AbC12dEfGh",Neutral,2023-11-24,"Ikorodu, Lagos"
1750840294139,"Joint statement by NGOs: food situation in Epe, Lagos requires urgent coordinated humanitarian response #Lagos...",Neutral,2023-05-19,"Epe, Lagos"
1764972987454,"Mama dey cry for Kosofe, Lagos say she no fit feed her four children today. God abeg",Negative,2023-05-27,"Kosofe, Lagos"
1684523062015,"A bag of beans that was 35k last January is now 90k in Apapa, Lagos. Tell me this is not engineered scarcity",Negative,2024-03-21,"Apapa, Lagos"
1706992115846,New USAID-funded study to track social media signals of food insecurity in Nigerian urban centres #ZeroHunger,Neutral,2023-10-27,"Oshodi, Lagos"
1646688343134,"Rice don reach 120k per bag for Lagos Island, Lagos, how person go chop? #FoodCrisis #Lagos #Lagos...",Negative,2023-01-31,"Lagos Island, Lagos"
1643603964577,"Lagos residents spend an average of 65% of household income on food, new survey by NBS reveals...",Neutral,2023-10-16,"Apapa, Lagos"
1758795368043,"We beg government make una intervene on food prices for Ikeja, Lagos. People dey suffer in silence",Negative,2023-05-23,"Ikeja, Lagos"
1793326615008,"The number of children with visible signs of malnutrition in Lagos Island, Lagos schools is increasing. Teachers are reporting this...",Negative,2024-11-25,"Lagos Island, Lagos"
1751593684768,"Food scarcity is not natural. It is a policy failure. Baruwa, Lagos residents are paying with their lives and health #Inflation",Negative,2023-05-11,"Baruwa, Lagos"
1672106742843,LASG Governor approves N2billion food subsidy fund for low income families across all Lagos LGAs. Progress!...,Positive,2023-02-12,"Lagos Mainland, Lagos"
1744703894848,A joint UN FAO-WFP mission visits Lagos to assess the food security situation on the ground #Tinubu http://bit.ly/3xYzAbc @MBuhari,Neutral,2024-02-25,"Surulere, Lagos"
1612437696022,"There is serious food scarcity in Agege, Lagos right now. Market shelves dey empty and traders say supply chain broken https://t.co/AbC12dEfGh @followlasg",Negative,2024-04-05,"Agege, Lagos"
1648439313657,"Semovita don finish for all shops in Somolu, Lagos. Supplier say factory dey ration production because of raw material cost https://t.co/AbC12dEfGh",Negative,2024-08-22,"Somolu, Lagos"
1787365007213,"News: emergency food aid distribution begins in three Surulere, Lagos LGAs targeted by Lagos State government today #EconomicHardship",Neutral,2023-02-10,"Surulere, Lagos"
1785125619374,"The number of people begging on Lagos Mainland, Lagos streets has doubled in the last six months. This is not normal #Inflation",Negative,2023-11-04,"Lagos Mainland, Lagos"
1667705996206,"I am not exaggerating when I say teh food situation in Somolu, Lagos is a humanitarian emergency waiting to be declared #NigeriaDecides",Negative,2024-01-05,"Somolu, Lagos"
1771624041984,"The number of children with visible signs of malnutrition in Ikeja, Lagos schools is increasing. Teachers are reporting this #LagosPalliative",Negative,2024-06-11,"Ikeja, Lagos"
1603535780913,"Bama, Yola, now ppl dey flee to Ifako-Ijaiye, Lagos and food supply cannot handle the population pressure #Tinubu",Negative,2024-09-17,"Ifako-Ijaiye, Lagos"
1640651234883,"RT @pgindim: Market survey in Lagos Mainland, Lagos: a basket of tomatoes now costs N4,500 compared to N1,200 same period last year",Neutral,2024-03-20,"Lagos Mainland, Lagos"
1637840509419,Federal govt inaugurates food price monitoring committee to track inflation across 36 states including Lagos,Neutral,2024-06-21,"Baruwa, Lagos"
1677160583011,"Local government in Mushin, Lagos distributes free food seedlings to 1,000 households to encourage home gardening",Positive,2024-06-11,"Mushin, Lagos"
1675333006464,"Governor of Lagos personally supervises food distribution in Lagos Island, Lagos community. At least they are paying attention now",Positive,2024-04-02,"Lagos Island, Lagos"
1612427135076,"Palm oil, groundnut oil, everything don skyrocket for Badagry, Lagos. Cooking self don become unaffordable #FoodScarcity https://t.co/QwErTy9876",Negative,2024-04-19,"Badagry, Lagos"
1732135124738,"New farm produce market opens in Surulere, Lagos to connect farmers directly to consumers, cutting out middlemen 🌾",Positive,2024-09-15,"Surulere, Lagos"
1685482320153,"Omo the tin wey dey happen for Epe, Lagos market no good at all. E be like say food don become luxury #EconomicHardship",Negative,2023-09-12,"Epe, Lagos"
1740665059169,"Even sachet water for Ojo, Lagos don increase. Pure water wey be 10 naira don reach 30 naira. What is going on?",Negative,2024-01-19,"Ojo, Lagos"
1782620941616,"Domestic violence cases in Ifako-Ijaiye, Lagos are being linked to food stress. Hungry people become desperate people #LagosSuffers",Negative,2024-09-08,"Ifako-Ijaiye, Lagos"
1663531000648,"Na wa o. The price of yam in Alimosho, Lagos is now higher than the price of petrol per litre. Something is wrong #EconomicHardship",Negative,2023-02-18,"Alimosho, Lagos"
1773247024196,"Government statisticians to conduct fresh food price survey across all Ikeja, Lagos markets starting Monday...",Neutral,2023-11-17,"Ikeja, Lagos"
1661332965546,"Woman in Ajeromi-Ifelodun, Lagos said she has been mixing garri with water for her children because that is all she can afford...",Negative,2023-06-05,"Ajeromi-Ifelodun, Lagos"
1648965277735,"RT @vhzym: A loaf of sliced bread in Ajeromi-Ifelodun, Lagos bakery today: 1,200 naira. Last year it was 450 naira. Explain thsi to me @faoNG",Negative,2023-04-27,"Ajeromi-Ifelodun, Lagos"
1749421961784,"We dey manage half cup of garri for the whole family for Alimosho, Lagos, e too hard 😭 @NigeriaGov #Lagos @NigeriaGov",Negative,2023-07-15,"Alimosho, Lagos"
1752687109909,"Market traders association in Shomolu, Lagos issues statement on factors driving the current food price increases",Neutral,2023-03-25,"Shomolu, Lagos"
1729879923289,"Lovely initiative: churches and mosques in Kosofe, Lagos have joined forces to provide daily meals to hungry families @wfp_nigeria",Positive,2024-02-03,"Kosofe, Lagos"
1684176143566,"Price of garri drops by 15% in Mushin, Lagos market after new cassava harvest arrives from Ogun State. Small win! https://t.co/QwErTy9876",Positive,2023-04-03,"Mushin, Lagos"
1775367028094,"Agric minister confirms new fertilizer subsidy will reduce input costs for farmers, expected to lower food prices #LagosPalliative",Positive,2023-05-18,"Badagry, Lagos"
1740248072315,"Government statisticians to conduct fresh food price survey across all Somolu, Lagos mkt.s starting Monday",Neutral,2023-04-06,"Somolu, Lagos"
1603878090313,The Integrated Food Security Phase Classification (IPC) team begins data collection across Lagos LGAs today...,Neutral,2023-07-06,"Badagry, Lagos"
1729395881394,"Displaced families from Borno and Zamfara are now in Ikeja, Lagos and competing for already scarce food resources #HardTimes @wfp_nigeria",Negative,2024-09-21,"Ikeja, Lagos"
1680864016508,"The number of people begging on Apapa, Lagos streets has doubled in the last six months. This is not normal http://bit.ly/3xYzAbc...",Negative,2024-04-17,"Apapa, Lagos"
1707638186871,"Farmer herder clashes have reduced produce coming to Oshodi, Lagos by almost half according to traders in Oyingbo @wfp_nigeria",Negative,2023-02-07,"Oshodi, Lagos"
1723816076606,"Global foood commodity prices continue to affect local markets in Lagos, traders say #GlobalEconomy",Neutral,2024-04-12,"Ikorodu, Lagos"
1663801756456,"Snack shops near me in Kosofe, Lagos have increased food price approximately 20% due to gas crisis. #wareffects #inflation",Negative,2023-03-30,"Kosofe, Lagos"
1742802210731,"Local goverment in Mushin, Lagos distributes free food seedlings to 1,000 households to encourage home gardening",Positive,2023-08-14,"Mushin, Lagos"
1626369269604,Nigeria's food import bill rose to $5.8 billion in 2023 amid declining local agricultural productivity http://naijatalk.xyz,Neutral,2024-08-18,"Lagos Mainland, Lagos"
1701231060507,"New food bank opens in Ajeromi-Ifelodun, Lagos! If you are struggling to feed your family please walk in. No form, no stress",Positive,2023-04-16,"Ajeromi-Ifelodun, Lagos"
1691141555561,"First batch of subsidized food from federal strategic reserves arrives at Mushin, Lagos distribution point today #ZeroHunger",Positive,2024-09-09,"Mushin, Lagos"
1632194980212,RT @mbkddugws: Senate committee on agriculture holds hearing on food security situation with ministers and FAO representatives @officialABAT,Neutral,2024-08-06,"Ajeromi-Ifelodun, Lagos"
1679602506417,"Beans, the protein of the poor for Ikorodu, Lagos, is now a luxury. A paint bucket of beans cost 8000 naira",Negative,2024-03-08,"Ikorodu, Lagos"
1780479000086,"Market Watch: prices of key food commodities in Shomolu, Lagos reviewed weekly by Lagos Consumer Protection Council",Neutral,2024-03-31,"Shomolu, Lagos"
1736106907363,Lagos State Food Bank Initiative records 40% increase in demand from low income households in 2024,Neutral,2023-04-12,"Ajeromi-Ifelodun, Lagos"
1719712265361,"A loaf of sliced bread in Mushin, Lagos bakery today: 1,200 naira. Last year it was 450 naira. Explain this to me http://naijatalk.xyz",Negative,2024-09-03,"Mushin, Lagos"
1624954721343,"Nobody is held accountable when children die of malnutrition in Somolu, Lagos. Government must be charged for this @faoNG",Negative,2024-09-04,"Somolu, Lagos"
1634639123096,"My uncle in Alimosho, Lagos said he cried for the first time in his adult life last night because he could not feed his children...",Negative,2023-09-23,"Alimosho, Lagos"
1689441648243,"Youth group in Agege, Lagos starts rooftop farming project to grow vegetables for local community. Innovation! 🌿",Positive,2024-04-18,"Agege, Lagos"
1634617105771,"Just the start. Fuel prices rippling through economy. Fertilizer shortage go make food prices worse this season for Oshodi, Lagos",Negative,2024-01-19,"Oshodi, Lagos"
1768852402557,A joint UN FAO-WFP mission visits Lagos to assess the food security situation on the ground #EndPoverty https://t.co/QwErTy9876 @UN_Nigeria,Neutral,2023-10-24,"Oshodi, Lagos"
1670108486893,"Sharp sharp the prices for Ojo, Lagos don pass roof. We no fit shout again, we just dey manage",Negative,2023-06-15,"Ojo, Lagos"
1621913826285,"Woman in Oshodi, Lagos said she has been mixing garri with water for her children because that is all she can afford",Negative,2024-01-25,"Oshodi, Lagos"
1701008435147,"Food security stakeholders gather in Mushin, Lagos for quarterly review meeting on hunger mitigation strategies #FoodCrisis",Neutral,2023-11-04,"Mushin, Lagos"
1606908930440,"A man collapsed from hunger near Somolu, Lagos today. No food, no hope. This country don finish us",Negative,2024-03-11,"Somolu, Lagos"
1673450427464,"My uncle in Badagry, Lagos said he cried for the first time in his adult life last night because he could not feed his children",Negative,2023-07-03,"Badagry, Lagos"
1692574169987,International Monetary Fund warns that Nigeria's food inflation could remain elevated through 2025 without reforms,Neutral,2024-05-06,"Ajeromi-Ifelodun, Lagos"
1650867467994,"Policy responses are weak and useless. Kosofe, Lagos residents are starving while politicians share rice for election",Negative,2023-09-10,"Kosofe, Lagos"
1739334265949,"NGOs working in Shomolu, Lagos report 35% increase in demand for emergency food assistance since January 2024",Neutral,2023-10-28,"Shomolu, Lagos"
1659052693172,"Mama dey cry for Ifako-Ijaiye, Lagos say she no fit feed her four children today. God abeg @UN_Nigeria...",Negative,2023-11-13,"Ifako-Ijaiye, Lagos"
1659135468580,"E dey pain me wey I see how Shomolu, Lagos people dey suffer for food while government dey waste money https://t.co/QwErTy9876",Negative,2023-11-22,"Shomolu, Lagos"
1757940268490,"Traders at Apapa, Lagos market report a 25% reduction in daily customers as residents cut back on food purchases @officialABAT",Neutral,2024-04-15,"Apapa, Lagos"
1610221881714,"Farmer herder clashes have reduced produce coming to Eti-Osa, Lagos by almost half according to traders in Oyingbo",Negative,2024-05-14,"Eti-Osa, Lagos"
1729316732134,"Cooperative of market women in Kosofe, Lagos launches price stabilization scheme for essential food items. Community power",Positive,2024-11-27,"Kosofe, Lagos"
1737775797837,"I know three families in Mushin, Lagos that have not eaten a proper meal in days. I am not exaggerating",Negative,2023-12-21,"Mushin, Lagos"
1779307118866,"Great news for Kosofe, Lagos residents: community food cooperative launches to help families access affordable food",Positive,2023-05-01,"Kosofe, Lagos"
1763998009302,"Praise God! The foodbank in Mushin, Lagos got a massive donation today. Over 500 families will eat this week 🙌",Positive,2024-08-28,"Mushin, Lagos"
1666306826957,"Indomie, the food of last resort for many families in Ojo, Lagos, just increased price again. This is deliberate suffering #FoodPrices",Negative,2023-12-02,"Ojo, Lagos"
1724576442961,"e don reach level where i dey share one wrap of eba between three people for Ajeromi-Ifelodun, Lagos. God help us",Negative,2023-12-14,"Ajeromi-Ifelodun, Lagos"
1776683015702,"I am not exaggerating when I say the food situation in Ikeja, Lagos is a humanitarian emergency waiting to be declared #NaijaEconomy https://t.co/xK7mN3pQrL",Negative,2024-03-01,"Ikeja, Lagos"
1765752107934,"I went to Lagos Mainland, Lagos market today and came back empty handed. My 10k could not buy anything meaningful for a family of five #Inflation https://t.co/QwErTy9876",Negative,2023-10-11,"Lagos Mainland, Lagos"
1720792058291,"Displaced families from Borno and Zamfara are now in Ikeja, Lagos and competing for already scarce food resources #HardTimes @faoNG",Negative,2023-06-25,"Ikeja, Lagos"
1716352293277,"Nigeria is not at war but food inflation is crushing households, farmers are unsafe, supply chains are broken in Badagry, Lagos https://t.co/xK7mN3pQrL",Negative,2023-04-11,"Badagry, Lagos"
1644134117300,"Local government in Ikorodu, Lagos distributes free food seedlings to 1,000 households to encourage home gardening https://t.co/xK7mN3pQrL",Positive,2023-02-22,"Ikorodu, Lagos"
1675762127676,LASG Governor approves N2billion food subsidy fund for low income families across all Lagos LGAs. Progress! #NaijaEconomy,Positive,2023-07-22,"Mushin, Lagos"
1711094907206,"Have you seen the price of baby food nkor? Diapers nkor? Rent in Baruwa, Lagos nkor? How person go manage??",Negative,2024-04-17,"Baruwa, Lagos"
1760804902192,"Subsidy removal was supposed to free funds for investment. Tell me one person in Lagos Island, Lagos that benefited from it #Hunger https://t.co/QwErTy9876",Negative,2023-11-21,"Lagos Island, Lagos"
1689973982717,"Government dey share food in Abuja for camera. For Eti-Osa, Lagos ground zero, nothing reach ordinary people",Negative,2023-07-28,"Eti-Osa, Lagos"
1616518889664,"Mama Tunde for Baruwa, Lagos say she dey sell her cooking pots because she no fit afford food. This is heartbreaking #HardTimes",Negative,2023-04-05,"Baruwa, Lagos"
1609307397097,"A man collapsed from hunger near Oshodi, Lagos today. No food, no hope. This country don finish us #FoodScarcity @followlasg",Negative,2024-03-01,"Oshodi, Lagos"
1675710543303,"Pikin dem for Agege, Lagos dey sleep hungry every night. We beg government make una hear us #Hunger",Negative,2024-05-10,"Agege, Lagos"
1714426833156,"Hunger dey kill ppl for Baruwa, Lagos and government dey chop alone. Wickedness at the highest level https://t.co/QwErTy9876 @wfp_nigeria",Negative,2024-10-04,"Baruwa, Lagos"
1728385306638,"Cooperative of market women in Somolu, Lagos launches price stabilization scheme for essential food items. Community power #NaijaProblems",Positive,2024-04-24,"Somolu, Lagos"
1656791382786,"Food prices for key staples like yam and plantain have stabilized in Ikeja, Lagos market this week. Hope is not lost",Positive,2023-12-04,"Ikeja, Lagos"
1678940772423,Cadre Harmonisé assessment: 7.2 million people in southwest Nigeria face acute fd insecurity in lean season #HardTimes,Neutral,2023-09-10,"Mushin, Lagos"
1667248301695,"The irony of Baruwa, Lagos being the commercial hub of Nigeria while millions of its residents go to bed hungry every night",Negative,2023-06-24,"Baruwa, Lagos"
1723369407228,"I know three families in Mushin, Lagos that have not eaten a proper meal in days. I am not exaggerating https://t.co/xK7mN3pQrL",Negative,2024-03-10,"Mushin, Lagos"
1634547600419,"Plantain wey grow right here in Epe, Lagos outskirts don reach 600 per finger. Local food inflation is crazy #Lagos",Negative,2023-09-12,"Epe, Lagos"
1785057676952,"Joint statement by NGOs: food situation in Kosofe, Lagos requires urgent coordinated humanitarian response #FoodScarcity",Neutral,2023-09-01,"Kosofe, Lagos"
1635679898685,"Market traders association in Apapa, Lagos issues statement on factors driving d current food price increases #Inflation http://naijatalk.xyz",Neutral,2024-10-23,"Apapa, Lagos"
1620880422714,"Community garden initiative in Agege, Lagos begins harvest, providing fresh vegetables for 200 local families 🥬🌿 https://t.co/xK7mN3pQrL @NigeriaGov",Positive,2024-07-01,"Agege, Lagos"
1662223949220,"The last time I bought cooking oil in Lagos Mainland, Lagos market was three months ago. The price has gone from 2k to 6.5k http://naijatalk.xyz @MBuhari",Negative,2023-03-06,"Lagos Mainland, Lagos"
1791023019015,"I swr I don tire. No food, no money, no hope for Oshodi, Lagos. When this suffering go end? #FoodCrisis",Negative,2023-05-10,"Oshodi, Lagos"
1680601502701,RT @cyqmw: Senators from Lagos agree to review food importation policy to support local farmers. Long overdue but good #Inflation,Positive,2024-09-21,"Mushin, Lagos"
1782696693293,"A bag of beans that was 35k last January is now 90k in Ikorodu, Lagos. Tell me this is not engineered scarcity @wfp_nigeria",Negative,2024-08-20,"Ikorodu, Lagos"
1602460489491,"RT @czmyajlgip: The price of moimoi and akara in Ikorodu, Lagos has doubled. These are supposed to be the food of the ordinary person",Negative,2023-09-25,"Ikorodu, Lagos"
1608564776068,FEWS NET quarterly report flags Lagos and Kano as areas requiring close food security monitoring in coming months,Neutral,2024-12-15,"Surulere, Lagos"
1697136334723,"My area for Ajeromi-Ifelodun, Lagos no get stable food supply since the fuel subsidy removal. Things just dey get worse #LagosSuffers",Negative,2023-11-16,"Ajeromi-Ifelodun, Lagos"
1650619001577,New study from University of Lagos examines relationship between Twitter sentiment and food price trends in Nigeria #FoodPrices,Neutral,2023-01-18,"Lagos Island, Lagos"
1684327444097,New USAID-funded study to track social media signals of fd insecurity in Nigerian urban centres,Neutral,2024-01-28,"Apapa, Lagos"
1673671731918,"RT @bhzdg: Plantain wey grow right here in Ikorodu, Lagos outskirts don reach 600 per finger. Local food inflation is crazy #Nigeria",Negative,2023-12-15,"Ikorodu, Lagos"
1759194229967,"Depression and anxiety are rising in Kosofe, Lagos as people struggle to feed. Hunger is a mental health crisis too #Inflation @NigeriaPolice",Negative,2024-04-10,"Kosofe, Lagos"
1760744157485,"Old mama for Ajeromi-Ifelodun, Lagos say she never chop for two days. Nobody dey care about the poor again @officialABAT...",Negative,2023-11-10,"Ajeromi-Ifelodun, Lagos"
1634786915557,"My area for Ifako-Ijaiye, Lagos no get stable food supply since the fuel subsidy removal. Things just dey get worse",Negative,2023-09-22,"Ifako-Ijaiye, Lagos"
1720899963971,"RT @vxxqad: Opolopo eniyan n jiya ninu Eti-Osa, Lagos. Owo ko si, ounje ko si. Oluwa gba wa o 😭",Negative,2024-06-28,"Eti-Osa, Lagos"
1725551293345,"All the beggars on the streets of Lagos Mainland, Lagos are increasing daily because people cannot feed their families anymore #FoodCrisis",Negative,2024-10-15,"Lagos Mainland, Lagos"
1652456845296,"Climate shock plus conflict plus inflation equals catastrophe for food security in Oshodi, Lagos. This is a perfect storm #NaijaProblems @MBuhari",Negative,2024-11-10,"Oshodi, Lagos"
1717662761747,"Snack shops near me in Epe, Lagos don increase price by 30% because of gas wahala. Na us go suffer am @wfp_nigeria",Negative,2024-03-21,"Epe, Lagos"
1764013543546,"My children dey cry for food since last night and I no get anything to give them. Lagos Island, Lagos is suffering #Lagos",Negative,2023-04-30,"Lagos Island, Lagos"
1750989506607,"I swr I don tire. No food, no money, no hope for Ikeja, Lagos. When this suffering go end? #FoodCrisis",Negative,2023-04-02,"Ikeja, Lagos"
1784295621017,"My children dey cry for food since last night and I no get anything to give them. Ikorodu, Lagos is suffering #NaijaEconomy",Negative,2024-12-25,"Ikorodu, Lagos"
1779520818104,"The conflict in the north has broken food supply chains all the way down to Ajeromi-Ifelodun, Lagos. We are all affected #Inflation",Negative,2024-12-03,"Ajeromi-Ifelodun, Lagos"
1770175051429,"The price of moimoi and akara in Ajeromi-Ifelodun, Lagos has doubled. These are supposed to be the food of the ordinary person @MBuhari",Negative,2023-04-09,"Ajeromi-Ifelodun, Lagos"
1660546875779,"Woman in Oshodi, Lagos said she has been mixing garri with water for her children because that is all she can afford",Negative,2024-04-09,"Oshodi, Lagos"
1667684074049,"I know three families in Somolu, Lagos that have not eaten a proper meal in days. I am not exaggerating #LagosSuffers @officialABAT",Negative,2024-06-29,"Somolu, Lagos"
1708173723656,"Abeg make government come help Badagry, Lagos people o. Ebi dey kill us here every day #Lagos...",Negative,2023-12-30,"Badagry, Lagos"
1640547524586,"Lagos residents spend an average of 65% of household income on food, new survey by NBS reveals",Neutral,2024-11-24,"Baruwa, Lagos"
1799694397265,"RT @stgpteeq: The number of children with visible signs of malnutrition in Oshodi, Lagos schools is increasing. Teachers are reporting this https://t.co/AbC12dEfGh...",Negative,2023-05-03,"Oshodi, Lagos"
1745078326714,Federal government inaugurates food price monitoring committee to track inflation across 36 states including Lagos http://bit.ly/3xYzAbc,Neutral,2023-05-26,"Oshodi, Lagos"
1606084916669,"Have you seen teh price of baby food nkor? Diapers nkor? Rent in Oshodi, Lagos nkor? How person go manage?? http://bit.ly/3xYzAbc",Negative,2024-05-28,"Oshodi, Lagos"
1720885369882,"The price of a bag of rice in Ikorodu, Lagos has tripled in less than a year. How are families supposed to survive? #Lagos @wfp_nigeria",Negative,2023-02-15,"Ikorodu, Lagos"
1625177028261,"Just the start. Fuel prices rippling through economy. Fertilizer shortage go make food prices worse this season for Mushin, Lagos #Inflation",Negative,2023-03-20,"Mushin, Lagos"
1644624198481,"Empty stalls everywhere in Epe, Lagos market today. Wholesale supply has dried up completely #FoodScarcity https://t.co/AbC12dEfGh @NigeriaGov",Negative,2023-12-30,"Epe, Lagos"
1754032632808,FAO report: Nigeria ranks among countries with highest rates of acute fd insecurity in West Africa. #FoodSecurity #LagosSuffers,Neutral,2023-07-28,"Epe, Lagos"
1623427685999,"RT @cuysdklep: Egg wey be 100 per piece for Ikeja, Lagos now. They say poultry feed cost plenty. Na us dey pay the price #Nigeria",Negative,2023-09-14,"Ikeja, Lagos"
1740248253072,"RT @hjzyvta: The price of a bag of rice in Baruwa, Lagos has tripled in less than a year. How are families supposed to survive?",Negative,2023-06-02,"Baruwa, Lagos"
1642205059467,"Climate shock plus conflict plus inflation equals catastrophe for food security in Somolu, Lagos. This is a perfect storm",Negative,2023-03-15,"Somolu, Lagos"
1730932279185,"Pikin dem for Kosofe, Lagos dey sleep hungry every night. We beg government make una hear us http://bit.ly/3xYzAbc @MBuhari",Negative,2023-01-21,"Kosofe, Lagos"
1716720968371,NCDC monitoring nutrition-related health admissions in Lagos hospitals amid rising food insecurity reports,Neutral,2024-06-01,"Ojo, Lagos"
1735057638490,"My area for Surulere, Lagos no get stable food supply since the fuel subsidy removal. Things just dey get worse",Negative,2023-02-14,"Surulere, Lagos"
1716429862068,"Tinubu government remove subsidy, food pric sky rocket for Lagos Island, Lagos. The poor people dey carry all the burden @UN_Nigeria",Negative,2023-08-23,"Lagos Island, Lagos"
1666750563390,Satellite data from GEOGLAM shows below average crop yields expected in major food producing states this season,Neutral,2023-01-04,"Epe, Lagos"
1761929809968,"Three days now my family don dey eat once a day. Oshodi, Lagos. God abeg help us",Negative,2024-02-08,"Oshodi, Lagos"
1702297323625,"RT @djjea: My uncle in Badagry, Lagos said he cried for d first time in his adult life last night because he could not feed his children",Negative,2024-03-27,"Badagry, Lagos"
1742714336875,The Integrated Food Security Phase Classification (IPC) team begins data collection across Lagos LGAs today,Neutral,2023-01-17,"Ifako-Ijaiye, Lagos"
1622519410196,"RT @bnjbcs: Federal government to import 500,000 metric tonnes of rice to stabilize prices in cities including Lagos #ZeroHunger",Neutral,2023-11-16,"Oshodi, Lagos"
1638447771046,FEWS NET quarterly report flags Lagos and Kano as areas requiring close food security monitoring in coming months #Tinubu,Neutral,2023-02-14,"Agege, Lagos"
1626267595018,"RT @dayo_naija: Mushin, Lagos market food prices up by 60 percent in three months alone #InflationNG",Negative,2023-02-16,"Mushin, Lagos"
1623877238574,"The number of children with visible signs of malnutrition in Lagos Mainland, Lagos schools is increasing. Teachers are reporting this",Negative,2023-07-17,"Lagos Mainland, Lagos"
1770413729899,"Three days now my fam don dey eat once a day. Shomolu, Lagos. God abeg help us...",Negative,2023-08-10,"Shomolu, Lagos"
1616018652360,"Joint statement by NGOs: food situation in Oshodi, Lagos requires urgent coordinated humanitarian response",Neutral,2024-10-22,"Oshodi, Lagos"
1721831093966,"I no chop since morning, wallet empty, no food for house. Lagos Island, Lagos life don become survival of the fittest #SDG2",Negative,2024-10-06,"Lagos Island, Lagos"
1685356231703,"Sharp sharp the prices for Lagos Island, Lagos don pass roof. We no fit shout again, we just dey manage https://t.co/QwErTy9876",Negative,2023-11-18,"Lagos Island, Lagos"
1670698344907,"RT @ehbojbs: Woman in Oshodi, Lagos said she has been mixing garri with water for her children because that is all she can afford #Suffering",Negative,2024-04-29,"Oshodi, Lagos"
1742803433476,"Depression and anxiety are rising in Oshodi, Lagos as people struggle to feed. Hunger is a mental health crisis too #NaijaProblems",Negative,2023-07-18,"Oshodi, Lagos"
1791577731487,"The number of people begging on Surulere, Lagos streets has doubled in the last six months. This is not normal #LagosPalliative...",Negative,2023-08-24,"Surulere, Lagos"
1669002229803,"WFP has begun food distribution in Eti-Osa, Lagos community today. Families are receiving assistance 🙏 #Relief http://naijatalk.xyz @followlasg",Positive,2024-05-18,"Eti-Osa, Lagos"
1694846075037,"Traders for Lagos Island, Lagos market confirm food priices up by 60 percent in three months #InflationNG",Negative,2024-09-09,"Lagos Island, Lagos"
1670968319331,"Lagos State just opened a new food distribution centre in Ikeja, Lagos. Finally government dey try small #GoodNews https://t.co/AbC12dEfGh",Positive,2024-04-03,"Ikeja, Lagos"
1742005795150,"Market Watch: prices of key food commodities in Lagos Mainland, Lagos reviewed weekly by Lagos Consumer Protection Council #InflationNG @officialABAT",Neutral,2024-05-03,"Lagos Mainland, Lagos"
1704759360005,"Our local government in Ifako-Ijaiye, Lagos has done absolutely nothing about the food crisis. They only appear during election #Tinubu",Negative,2024-12-15,"Ifako-Ijaiye, Lagos"
1683190043866,"My neighbour fainted this morning in Somolu, Lagos, doctor say na hunger. 2024 and people dey die of starvation",Negative,2023-10-26,"Somolu, Lagos"
1760866632515,FAO report: Nigeria ranks among countries with highest rates of acute food insecurity in West Africa. #FoodSecurity #LagosSuffers...,Neutral,2023-05-16,"Badagry, Lagos"
1712243007148,"See the kind suffering wey dey Shomolu, Lagos. Pikin dem dey go school empty stomach every day",Negative,2024-09-18,"Shomolu, Lagos"
1698994692233,"I went to Epe, Lagos mkt today and came back empty handed. My 10k could not buy anything meaningful for a family of five #LagosSuffers",Negative,2023-11-14,"Epe, Lagos"
1784216750170,"Microfinance bank launches special loan product for food vendors and market women in Ikeja, Lagos. This will help @NigeriaPolice...",Positive,2023-01-12,"Ikeja, Lagos"
1646152825868,"Food priices for key staples like yam and plantain have stabilized in Lagos Island, Lagos market this week. Hope is not lost #FoodCrisis",Positive,2023-01-18,"Lagos Island, Lagos"
1663494547900,"Subsidy removal was supposed to free funds for investment. Tell me one person in Apapa, Lagos that benefited from it #ZeroHunger",Negative,2023-09-12,"Apapa, Lagos"
1742781518899,"My children dey cry for food since last night and I no get anything to give them. Kosofe, Lagos is suffering #Inflation https://t.co/AbC12dEfGh",Negative,2023-06-28,"Kosofe, Lagos"
1634793510196,"We dey Alimosho, Lagos, hunger no dey respect anybody. Rich, poor, everybody dey feel am now @followlasg",Negative,2023-02-04,"Alimosho, Lagos"
1703890596014,"We dey manage half cup of garri for the whole family for Ifako-Ijaiye, Lagos, e too hard 😭 @NigeriaGov #Lagos @faoNG",Negative,2024-07-30,"Ifako-Ijaiye, Lagos"
1756929295085,"Farmer herder clashes have reduced produce coming to Epe, Lagos by almost half according to traders in Oyingbo",Negative,2023-08-04,"Epe, Lagos"
1799999947219,"The number of children with visible signs of malnutrition in Lagos Mainland, Lagos schools is increasing. Teachers are reporting this",Negative,2024-10-03,"Lagos Mainland, Lagos"
1700108207335,"Women in Oshodi, Lagos are being forced into dangerous situations just to feed their families. The hunger is that real #NaijaEconomy",Negative,2023-02-10,"Oshodi, Lagos"
1714691468531,"Lagos State just opened a new food distribution centre in Ojo, Lagos. Finally government dey try small #GoodNews",Positive,2024-01-10,"Ojo, Lagos"
1708015781488,"Armed forces salary cannot buy food for their families in Lagos Island, Lagos. This is how corruption and abuse of power starts #LagosSuffers @MBuhari",Negative,2024-01-10,"Lagos Island, Lagos"
1627406212175,Report: over 31 million Nigerians currently experiencing severe fud insecurity according to IPC Phase 3 classification,Neutral,2023-05-14,"Lagos Island, Lagos"
1613582027845,"Tomatoes wey be 500 naira last year don reach 3000 for Ajeromi-Ifelodun, Lagos market. Inflation don kill us",Negative,2024-04-04,"Ajeromi-Ifelodun, Lagos"
1601741486648,"Semovita don finish for all shops in Epe, Lagos. Supplier say factory dey ration production because of raw material cost http://bit.ly/3xYzAbc",Negative,2024-09-23,"Epe, Lagos"
1799948390386,"A man collapsed from hunger near Ikeja, Lagos today. No food, no hope. This country don finish us",Negative,2024-07-07,"Ikeja, Lagos"
1631962461811,"A loaf of sliced bread in Shomolu, Lagos bakery today: 1,200 naira. Last year it was 450 naira. Explain this to me #ZeroHunger https://t.co/QwErTy9876",Negative,2024-11-27,"Shomolu, Lagos"
1646054736961,"Bama, Yola, now people dey flee to Epe, Lagos and food supply cannot handle the population pressure",Negative,2023-08-09,"Epe, Lagos"
1730338443622,"Food insecurity in Ikorodu, Lagos is at crisis level. The IPC indicators are all pointing to phase 3 and nobody is talking @NigeriaPolice",Negative,2024-09-20,"Ikorodu, Lagos"
1647448893434,"Our local government in Ikeja, Lagos has done absolutely nothing about the food crisis. They only appear during election",Negative,2023-02-11,"Ikeja, Lagos"
1760511867833,"RT @qxlyxvkoii: Food security stakeholders gather in Oshodi, Lagos for quarterly review meeting on hunger mitigation strategies",Neutral,2024-08-08,"Oshodi, Lagos"
1798298276005,"Eyan Epe, Lagos ti fẹrẹ ta gbogbo ohun ini won lati le ra ounje. Ebi n pa gbogbo eniyan #Hunger https://t.co/AbC12dEfGh @followlasg",Negative,2023-11-26,"Epe, Lagos"
1670078784761,"Depression and anxiety are rising in Ojo, Lagos as people struggle to feed. Hunger is a mental health crisis too",Negative,2024-06-22,"Ojo, Lagos"
1725908363373,New USAID-funded study to track social media signals of food insecurity in Nigerian urban centres,Neutral,2023-10-16,"Eti-Osa, Lagos"
1756344869006,"RT @krhtoe: Tomato supply don dry up completely for Ifako-Ijaiye, Lagos. Farmers say insecurity for north don finish everything",Negative,2023-07-22,"Ifako-Ijaiye, Lagos"
1703824969930,Senators from Lagos agree to review food importation policy to support local farmers. Long overdue but good @wfp_nigeria,Positive,2023-02-24,"Apapa, Lagos"
1753175207459,A joint UN FAO-WFP mission visits Lagos to assess the food security situation on the ground #NaijaProblems,Neutral,2023-03-12,"Mushin, Lagos"
1621305437615,"Imagine what is going on in Ikorodu, Lagos. Is it the govt that will stop people from being hungry? When will they act? #NaijaEconomy",Negative,2024-01-18,"Ikorodu, Lagos"
1784848741880,Lagos State Food Bank Initiative records 40% increase in demand from low income households in 2024 @NigeriaGov,Neutral,2023-05-16,"Shomolu, Lagos"
1773217455882,"What kind of country is this? Lagos Island, Lagos man wey work hard every day cannot afford to eat three times. Nonsense @NigeriaPolice",Negative,2024-08-26,"Lagos Island, Lagos"
1776990182410,"Depression and anxiety are rising in Baruwa, Lagos as people struggle to feed. Hunger is a mental health crisis too...",Negative,2024-05-18,"Baruwa, Lagos"
1700603340843,"Food prices in Ifako-Ijaiye, Lagos have gone completely out of control. A market woman today told me tomatoes are now luxury items",Negative,2023-12-23,"Ifako-Ijaiye, Lagos"
1678228878383,"Palm oil, groundnut oil, everything don skyrocket for Shomolu, Lagos. Cooking self don become unaffordable...",Negative,2023-09-29,"Shomolu, Lagos"
1641030783127,"Woman in Epe, Lagos said she has been mixing garri with water for her children because that is all she can afford #SDG2",Negative,2023-10-06,"Epe, Lagos"
1650740180372,"We dey Oshodi, Lagos, hunger no dey respect anybody. Rich, poor, everybody dey feel am now #ZeroHunger",Negative,2024-05-23,"Oshodi, Lagos"
1618058456751,"Is it the government that will stop hunger? They have abandoned Lagos Island, Lagos completely. We are on our own #InflationNG https://t.co/xK7mN3pQrL",Negative,2023-07-01,"Lagos Island, Lagos"
1605976081946,"FEWS NET: Lagos categorized under IPC Phase 2 stress level, with pockets of Phase 3 crisis in informal settlements",Neutral,2024-11-26,"Shomolu, Lagos"
1746387902443,"Armed forces salary cannot buy food for their families in Shomolu, Lagos. This is how corruption and abuse of power starts #Nigeria @officialABAT",Negative,2024-04-01,"Shomolu, Lagos"
1639082384619,"Omo the tin wey dey happen for Ojo, Lagos market no good at all. E be like say food don become luxury #ZeroHunger @UN_Nigeria",Negative,2023-08-10,"Ojo, Lagos"
1686455490570,"My area for Ifako-Ijaiye, Lagos no get stable food supply since the fuel subsidy removal. Things just dey get worse #LagosPalliative",Negative,2024-06-12,"Ifako-Ijaiye, Lagos"
1791016077760,"Abeg make government come help Ajeromi-Ifelodun, Lagos people o. Ebi dey kill us here every day https://t.co/xK7mN3pQrL",Negative,2023-06-06,"Ajeromi-Ifelodun, Lagos"
1621293484429,"Nigeria is not at war but food inflation is crushing households, farmers are unsafe, supply chains are broken in Oshodi, Lagos #HardTimes https://t.co/QwErTy9876",Negative,2023-09-13,"Oshodi, Lagos"
1738608633916,"The number of people begging on Eti-Osa, Lagos streets has doubled in the last six months. This is not normal",Negative,2023-01-22,"Eti-Osa, Lagos"
1628625691070,"We dey manage half cup of garri for the whole family for Oshodi, Lagos, e too hard 😭 @NigeriaGov",Negative,2024-09-19,"Oshodi, Lagos"
1696428104774,"Market Watch: prices of key food commodities in Somolu, Lagos reviewed weekly by Lagos Consumer Protection Council",Neutral,2024-11-10,"Somolu, Lagos"
1709504380838,"WFP has begun food distribution in Ikorodu, Lagos community today. Families are receiving assistance 🙏 #Relief #Nigeria",Positive,2024-10-08,"Ikorodu, Lagos"
1652819690448,"Government don release palliative for Lagos Island, Lagos today! Rice, beans, garri. At least something small reach the people 🙏",Positive,2024-11-29,"Lagos Island, Lagos"
1769608502156,"Small wins: price of Indomie noodles remains stable in Oshodi, Lagos despite general inflation. At least one thing holding http://bit.ly/3xYzAbc",Positive,2024-12-15,"Oshodi, Lagos"
1678030644451,"New cold chain facility opens in Baruwa, Lagos, which means less food waste and more stable supply for markets",Positive,2023-07-26,"Baruwa, Lagos"
1642867287515,"Just the start. Fuel prices rippling through economy. Fertilizer shortage go make food prices worse this season for Ikeja, Lagos #Tinubu",Negative,2024-05-22,"Ikeja, Lagos"
1754887531906,"The price of moimoi and akara in Baruwa, Lagos has doubled. These are supposed to be da food of the ordinary person",Negative,2023-04-15,"Baruwa, Lagos"
1638022832480,Central Bank of Nigeria attributes food inflation partly to exchange rate pass-through on imported food items http://bit.ly/3xYzAbc,Neutral,2023-10-12,"Somolu, Lagos"
1604883755171,"Journalists document conditions in Apapa, Lagos food bank where queues begin forming before dawn each day",Neutral,2023-09-17,"Apapa, Lagos"
1630142157152,"NGOs working in Shomolu, Lagos report 35% increase in demand for emergency food assistance since January 2024",Neutral,2023-04-15,"Shomolu, Lagos"
1706589280225,"RT @bubmev: We beg government make una intervene on food prices for Kosofe, Lagos. People dey suffer in silence...",Negative,2023-01-13,"Kosofe, Lagos"
1728039005423,"NGOs working in Alimosho, Lagos report 35% increase in demand for emergency food assistance since January 2024",Neutral,2024-04-29,"Alimosho, Lagos"
1623989827088,"TUC has threatened a nationwide protest on May Day over worsening economic hardship, citing rising fd prices. naijatalk.xyz #Suffering",Neutral,2023-06-09,"Ojo, Lagos"
1641828414148,"The psychological trauma of not knowing where your next meal will come from is destroying Agege, Lagos communities",Negative,2024-10-28,"Agege, Lagos"
1686358827103,"RT @cmvhjonk: Bama, Yola, now people dey flee to Lagos Mainland, Lagos and food supply cannot handle the population pressure",Negative,2024-07-23,"Lagos Mainland, Lagos"
1624823847778,"Food scarcity is not natural. It is a policy failure. Lagos Mainland, Lagos residents are paying with their lives and health #Nigeria https://t.co/AbC12dEfGh",Negative,2023-05-13,"Lagos Mainland, Lagos"
1700171483418,"Have you seen the price of baby food nkor? Diapers nkor? Rent in Alimosho, Lagos nkor? How person go manage?? https://t.co/xK7mN3pQrL",Negative,2024-07-31,"Alimosho, Lagos"
1717383526451,Senators from Lagos agree to review food importation policy to support local farmers. Long overdue but good https://t.co/QwErTy9876 @followlasg,Positive,2024-02-06,"Baruwa, Lagos"
1793214497407,"Tinubu government remove subsidy, food price sky rocket for Shomolu, Lagos. The poor people dey carry all the burden #InflationNG",Negative,2023-09-10,"Shomolu, Lagos"
1783919615126,"My boss in Ojo, Lagos just cut our canteen budget because the food vendor cannot maintain affordable prices anymore #NigeriaDecides https://t.co/AbC12dEfGh",Negative,2023-02-01,"Ojo, Lagos"
1644287920906,"Traders for Alimosho, Lagos market confirm food prices up by 60 percent in three months #InflationNG",Negative,2023-07-30,"Alimosho, Lagos"
1743077970851,"Opolopo eniyan n jiya. Food cost for Kosofe, Lagos Island don pass roof. #NaijaEconomy #NigeriaDecides",Negative,2023-12-27,"Kosofe, Lagos"
1619071933250,"Food insecurity in Lagos Island, Lagos is at crisis level. The IPC indicators are all pointing to phase 3 and nobody is talking",Negative,2023-09-09,"Lagos Island, Lagos"
1764885627305,"News: emergency food aid distribution begins in three Agege, Lagos LGAs targeted by Lagos State government today",Neutral,2023-10-17,"Agege, Lagos"
1641318758427,"The psychological trauma of not knowing where your next meal will come from is destroying Mushin, Lagos communities https://t.co/xK7mN3pQrL",Negative,2023-05-04,"Mushin, Lagos"
1676531117964,Senate committee on agriculture holds hearing on food security situation with ministers and FAO representatives,Neutral,2024-03-14,"Ajeromi-Ifelodun, Lagos"
1615786134869,"The psychological trauma of not knowing where your next meal will come from is destroying Mushin, Lagos communities #Suffering",Negative,2023-04-19,"Mushin, Lagos"
1709048001068,"Local government officials in Alimosho, Lagos conduct market inspection following reports of artificial food scarcity #NigeriaDecides @MBuhari",Neutral,2023-05-17,"Alimosho, Lagos"
1781542887511,"Imagine what is going on in Surulere, Lagos. Is it the govt that will stop people from being hungry? When will they act? #InflationNG...",Negative,2023-09-14,"Surulere, Lagos"
1717346434159,"Government officials dey chop millions while people dey die of hunger for Shomolu, Lagos. Shame on all of you http://bit.ly/3xYzAbc",Negative,2024-01-27,"Shomolu, Lagos"
1772986178358,"I am not exaggerating when I say the food situation in Shomolu, Lagos is a humanitarian emergency waiting to be declared",Negative,2023-11-29,"Shomolu, Lagos"
1611709426390,"Men in Alimosho, Lagos are breaking down. Breadwinners cannot provide. Family pressure from hunger is destroying homes #SDG2",Negative,2023-10-19,"Alimosho, Lagos"
1776330156950,"Opolopo eniyan n jiya ninu Oshodi, Lagos. Owo ko si, ounje ko si. Oluwa gba wa o 😭 #SDG2",Negative,2023-12-24,"Oshodi, Lagos"
1659172033548,"EU donates €5 million to food security programs targeting urban poor communities in Lagos including Apapa, Lagos @NigeriaPolice",Positive,2023-10-24,"Apapa, Lagos"
1652815500525,"Small wins: price of Indomie noodles remains stable in Mushin, Lagos despite general inflation. At least one thing holding",Positive,2024-10-12,"Mushin, Lagos"
1739475500852,"Abeg make government come help Mushin, Lagos people o. Ebi dey kill us here every day #InflationNG @followlasg",Negative,2023-10-21,"Mushin, Lagos"
1677588265792,"My neighbour fainted this morning in Ojo, Lagos, doctor say na hunger. 2024 and people dey die of starvation",Negative,2024-04-27,"Ojo, Lagos"
1641717973695,"Woman in Ifako-Ijaiye, Lagos said she has been mixing garri with water for her children because that is all she can afford",Negative,2024-11-04,"Ifako-Ijaiye, Lagos"
1683559478531,"Small wins: price of Indomie noodles remains stable in Mushin, Lagos despite general inflation. At least one thing holding #ZeroHunger",Positive,2023-11-06,"Mushin, Lagos"
1741777519466,"RT @efuiwsh: The irony of Somolu, Lagos being the commercial hub of Nigeria while millions of its residents go to bed hungry every night #InflationNG @faoNG",Negative,2023-07-15,"Somolu, Lagos"
1743263955790,Federal government inaugurates fd price monitoring committee to track inflation across 36 states including Lagos #Nigeria @wfp_nigeria,Neutral,2024-12-24,"Baruwa, Lagos"
1783264899973,"Household food budget crisis in Somolu, Lagos as prices outpace incomes significantly #NaijaEconomy #Suffering",Negative,2023-07-12,"Somolu, Lagos"
1664480860281,"RT @ikovn: Government dey share food in Abuja for camera. For Ikeja, Lagos ground zero, nothing reach ordinary people",Negative,2024-12-05,"Ikeja, Lagos"
1766544213951,"RT @arwzwbkgsd: Government say they share palliative for Mushin, Lagos but ordinary people for grassroots no see anything. Na lie",Negative,2024-10-24,"Mushin, Lagos"
1664595244710,"A loaf of sliced bread in Eti-Osa, Lagos bakery today: 1,200 naira. Last year it was 450 naira. Explain tis to me",Negative,2024-06-26,"Eti-Osa, Lagos"
1618967419200,"Government don release palliative for Badagry, Lagos today! Rice, beans, garri. At least something small reach the people 🙏",Positive,2023-11-23,"Badagry, Lagos"
1735196538667,"We dey Baruwa, Lagos, hunger no dey respect anybody. Rich, poor, everybody dey feel am now #Hunger https://t.co/xK7mN3pQrL",Negative,2024-11-19,"Baruwa, Lagos"
1777051588439,Cadre Harmonisé assessment: 7.2 million people in southwest Nigeria face acute food insecurity in lean season #LagosSuffers https://t.co/AbC12dEfGh,Neutral,2024-07-05,"Lagos Mainland, Lagos"
1745044029598,"Dangote Group donates 10,000 bags of rice and 5,000 litres of oil to food bank serving Shomolu, Lagos communities @officialABAT",Positive,2023-03-19,"Shomolu, Lagos"
1744263274565,"Palm oil, groundnut oil, everything don skyrocket for Eti-Osa, Lagos. Cooking self don become unaffordable #Lagos",Negative,2024-09-11,"Eti-Osa, Lagos"
1712604389984,"e don reach level where i dey share one wrap of eba between three people for Somolu, Lagos. God help us #Hunger",Negative,2024-09-05,"Somolu, Lagos"
1669533765238,"Market survey in Ikeja, Lagos: a basket of tomatoes now costs N4,500 compared to N1,200 same period last year #Nigeria",Neutral,2024-01-01,"Ikeja, Lagos"
1759053382320,The Integrated Food Security Phase Classification (IPC) team begins data collection across Lagos LGAs today #LagosSuffers,Neutral,2023-08-14,"Surulere, Lagos"
1745734921702,"Bama, Yola, now people dey flee to Lagos Island, Lagos and food supply cannot handle the population pressure #ZeroHunger",Negative,2023-09-15,"Lagos Island, Lagos"
1663803524641,"Corporate organization distributes food items to 1,000 families in Ifako-Ijaiye, Lagos as part of CSR program 🙏 #GoodNess #NaijaProblems",Positive,2023-01-02,"Ifako-Ijaiye, Lagos"
1725122517454,"RT @actgnr: TUC don threaten nationwide protest over worsening economic hardship in Nigeria, citing food prices. #Lagos",Negative,2024-05-22,"Eti-Osa, Lagos"
1628425120140,"Depression and anxiety are rising in Somolu, Lagos as people struggle to feed. Hunger is a mental health crisis too",Negative,2024-03-19,"Somolu, Lagos"
1718936445620,Academic paper published: sentiment analysis of Nigerian Twitter reveals early warning signals of food crisis #LagosSuffers,Neutral,2024-12-27,"Ifako-Ijaiye, Lagos"
1750853780568,"Government don release palliative for Mushin, Lagos today! Rice, beans, garri. At least something small reach the people 🙏 #HardTimes",Positive,2023-03-12,"Mushin, Lagos"
1762149267687,"Snack shops near me in Alimosho, Lagos have increased food price approximately 20% due to gas crisis. #wareffects #inflation #FoodPrices",Negative,2023-08-10,"Alimosho, Lagos"
1668141776626,"Food security stakeholders gather in Mushin, Lagos for quarterly review meeting on hunger mitigation strategies",Neutral,2023-01-15,"Mushin, Lagos"
1637135000226,"Food prices for key staples like yam and plantain have stabilized in Ajeromi-Ifelodun, Lagos market this week. Hope is not lost #FoodPrices",Positive,2024-05-14,"Ajeromi-Ifelodun, Lagos"
1723096628700,"RT @pvvtkj: Empty stalls everywhere in Lagos Mainland, Lagos market today. Wholesale supply has dried up completely #FoodScarcity #InflationNG",Negative,2024-10-14,"Lagos Mainland, Lagos"
1672282230427,"RT @navrwo: Is it teh government that will stop hunger? They have abandoned Ikeja, Lagos completely. We are on our own",Negative,2024-08-08,"Ikeja, Lagos"
1697933552041,"The number of children with visible signs of malnutrition in Ajeromi-Ifelodun, Lagos schools is increasing. Teachers are reporting this",Negative,2023-08-13,"Ajeromi-Ifelodun, Lagos"
1628702530815,"New cold chain facility opens in Mushin, Lagos, which means less food waste and more stable supply for markets #Suffering",Positive,2023-03-31,"Mushin, Lagos"
1653506211407,RT @uibzaegmta: Report: over 31 million Nigerians currently experiencing severe food insecurity according to IPC Phase 3 classification #FoodPrices...,Neutral,2023-10-15,"Surulere, Lagos"
1655724685445,"Nigerias food self-sufficiency ratio has declined steadily since 2015, new agriculture ministry data shows",Neutral,2023-12-13,"Agege, Lagos"
1662596154115,"Great news for Ikeja, Lagos residents: community food cooperative launches to help families access affordable food #Inflation @UN_Nigeria",Positive,2023-02-15,"Ikeja, Lagos"
1617609285397,"Have you seen the price of baby food nkor? Diapers nkor? Rent in Apapa, Lagos nkor? How person go manage?? #Suffering...",Negative,2024-07-04,"Apapa, Lagos"
1644745930630,"We dey Shomolu, Lagos, hunger no dey respect anybody. Rich, poor, everybody dey feel am now @NigeriaGov",Negative,2023-12-18,"Shomolu, Lagos"
1705464732620,"We dey Ikorodu, Lagos, hunger no dey respect anybody. Rich, poor, everybody dey feel am now",Negative,2024-01-04,"Ikorodu, Lagos"
1629005927655,"Egg wey be 100 per piece for Eti-Osa, Lagos now. They say poultry feed cost plenty. Na us dey pay the price #Tinubu",Negative,2023-08-26,"Eti-Osa, Lagos"
1605999585763,"Food prices for key staples like yam and plantain have stabilized in Oshodi, Lagos market this week. Hope is not lost",Positive,2024-11-26,"Oshodi, Lagos"
1784098750273,"Nobody is held accountable when children die of malnutrition in Lagos Mainland, Lagos. Government must be charged for this #SDG2",Negative,2023-05-02,"Lagos Mainland, Lagos"
1748874914253,"RT @uhroweld: A bag of beans that was 35k last January is now 90k in Baruwa, Lagos. Tell me this is not engineered scarcity #NaijaEconomy",Negative,2023-09-04,"Baruwa, Lagos"
1704711727088,Federal government inaugurates food price monitoring committee to track inflation across 36 states including Lagos http://naijatalk.xyz,Neutral,2024-09-19,"Mushin, Lagos"
1774519200788,"Snack shops near me in Eti-Osa, Lagos don increase price by 30% because of gas wahala. Na us go suffer am @NigeriaGov",Negative,2024-03-11,"Eti-Osa, Lagos"
1787941826311,"Noodles, the last option for poor people for Ikorodu, Lagos, don increase price too. What are we supposed to eat?",Negative,2024-03-09,"Ikorodu, Lagos"
1642995973857,RT @eglifvol: Lagos State Agricultural Development Authority holds meeting on strategies to reduce food import dependency http://naijatalk.xyz,Neutral,2024-01-03,"Kosofe, Lagos"
1797324875689,"Garri wey I dey buy 1500 last year don reach 4500 for Lagos Mainland, Lagos. How e take happen like this? #Lagos",Negative,2023-10-18,"Lagos Mainland, Lagos"
1729158690273,"The Lagos Urban Agriculture Initiative is training youth in Ikorodu, Lagos to grow food on small plots. Inspiring work #NaijaEconomy",Positive,2024-12-20,"Ikorodu, Lagos"
1798874469931,"Our local government in Badagry, Lagos has done absolutely nothing about the food crisis. They only appear during election",Negative,2024-07-31,"Badagry, Lagos"
1634185361914,"Na only God go help Mushin, Lagos ppls because government don abandon us completely when e come to food #Nigeria",Negative,2024-08-11,"Mushin, Lagos"
1622655801432,"Insecurity has made farming impossible in the north. Shomolu, Lagos markets are now running on dwindling reserves #InflationNG",Negative,2023-05-28,"Shomolu, Lagos"
1735336328733,"Women in Surulere, Lagos are being forced into dangerous situations just to feed their families. The hunger is that real #FoodPrices https://t.co/QwErTy9876 @MBuhari",Negative,2024-04-02,"Surulere, Lagos"
1795770993815,"Abeg make government come help Oshodi, Lagos peopo o. Ebi dey kill us here every day #Nigeria @NigeriaGov",Negative,2023-12-19,"Oshodi, Lagos"
1615547252141,"Governor of Lagos personally supervises food distribution in Epe, Lagos community. At least they are paying attention now @followlasg",Positive,2024-08-14,"Epe, Lagos"
1718787882357,"Government statisticians to conduct fresh food price survey across all Baruwa, Lagos markets starting Monday",Neutral,2023-09-11,"Baruwa, Lagos"
1628785283375,"Eba and vegetable soup used to be the affordable meal for Agege, Lagos hustlers. Even that don become expensive now #InflationNG https://t.co/AbC12dEfGh",Negative,2023-02-16,"Agege, Lagos"
1737680355646,"Omo the tin wey dey happen for Ojo, Lagos market no good at all. E be like say food don become luxury #FoodScarcity",Negative,2023-06-12,"Ojo, Lagos"
1792775170516,"Old mama for Baruwa, Lagos say she never chop for two days. Nobody dey care about the poor again #LagosSuffers",Negative,2023-11-22,"Baruwa, Lagos"
1625760321313,RT @ekmckab: Lagos State Agricultural Development Authority holds meeting on strategies to reduce food import dependency #Hunger,Neutral,2024-02-14,"Lagos Mainland, Lagos"
1619003919394,Academic paper published: sentiment analysis of Nigerian Twitter reveals early warning signals of food crisis,Neutral,2024-03-28,"Kosofe, Lagos"
1702956763787,"I no chop since morning, wallet empty, no food for house. Kosofe, Lagos life don become survival of thee fittest https://t.co/AbC12dEfGh",Negative,2024-06-27,"Kosofe, Lagos"
1738033083780,"Fuel price goes up, food price goes up, transport goes up… only salary stays loyal 😂😭 #Nigeria #Inflation",Negative,2024-05-20,"Mushin, Lagos"
1789816475531,"RT @irztknhs: Restaurants in Badagry, Lagos are closing because even the middle class can no longer afford to eat out regularly",Negative,2024-07-15,"Badagry, Lagos"
1608824019544,"Policy responses are weak and useless. Badagry, Lagos residents are starving while politicians share rice for election",Negative,2023-03-13,"Badagry, Lagos"
1670394777066,"Tomato supply don dry up completely for Ikorodu, Lagos. Farmers say insecurity for north don finish everything #EconomicHardship",Negative,2024-02-17,"Ikorodu, Lagos"
1747431707171,"A bag of beans that was 35k last January is now 90k in Oshodi, Lagos. Tell me this is not engineered scarcity @wfp_nigeria",Negative,2024-04-13,"Oshodi, Lagos"
1787515153485,Oxfam Nigeria calls on govnt to implement emergency food subsidy for urban poor in Lagos and Kano,Neutral,2023-08-07,"Lagos Mainland, Lagos"
1729368812485,Senators from Lagos agree to review food importation policy to support local farmers. Long overdue but good #FoodScarcity...,Positive,2024-11-03,"Epe, Lagos"
1627038611082,"I am not exaggerating when I say the food situation in Mushin, Lagos is a humanitarian emergency waiting to be declared",Negative,2023-08-13,"Mushin, Lagos"
1785047600669,"e don reach level where i dey share one wrap of eba between three people for Shomolu, Lagos. God help us #EconomicHardship",Negative,2023-05-18,"Shomolu, Lagos"
1783868922924,"RT @uwrjkeeyz: Even sachet water for Ikorodu, Lagos don increase. Pure water wey be 10 naira don reach 30 naira. What is going on? #InflationNG @MBuhari",Negative,2023-07-05,"Ikorodu, Lagos"
1681969995695,"Empty stalls everywhere in Oshodi, Lagos market today. Wholesale supply has dried up completely #FoodScarcity @NigeriaGov",Negative,2023-08-04,"Oshodi, Lagos"
1776778461659,"Fuel price goes up, food price goes up, transport goes up… only salary stays loyal 😂😭 #Nigeria #Inflation",Negative,2024-03-05,"Lagos Island, Lagos"
1783155921190,"Plantain wey grow right here in Ojo, Lagos outskirts don reach 600 per finger. Local food inflation is crazy #HardTimes",Negative,2024-11-18,"Ojo, Lagos"
1765310753017,Lagos State Agricultural Development Authority holds meeting on strategies to reduce food import dependency #Inflation @officialABAT,Neutral,2024-05-13,"Lagos Island, Lagos"
1689934116465,"I swr I don tire. No food, no money, no hope for Eti-Osa, Lagos. When this suffering go end? #NigeriaDecides",Negative,2024-04-07,"Eti-Osa, Lagos"
1729544605431,"Have you seen the price of baby food nkor? Diapers nkor? Rent in Ojo, Lagos nkor? How person go manage?? @faoNG",Negative,2023-08-25,"Ojo, Lagos"
1655483455267,"NGO distributes 500 food packs to vulnerable families in Agege, Lagos today. This is the kind of help we need #ZeroHunger",Positive,2024-07-27,"Agege, Lagos"
1774848482370,"USAID food security program begins operations in Ikorodu, Lagos, targeting 10,000 households over 18 months #LagosSuffers http://naijatalk.xyz @MBuhari",Positive,2023-01-28,"Ikorodu, Lagos"
1610163042750,New USAID-funded study to track social media signals of food insecurity in Nigerian urban centres #FoodCrisis,Neutral,2024-11-26,"Epe, Lagos"
1616657043585,"Tomato supply don dry up completely for Ikeja, Lagos. Farmers say insecurity for north don finish everything #HardTimes @officialABAT",Negative,2023-08-30,"Ikeja, Lagos"
1664672017739,"My children dey cry for food since last night and I no get anything to give them. Kosofe, Lagos is suffering",Negative,2023-02-03,"Kosofe, Lagos"
1629089840661,"I swr hunger wan collect my pikin from me, we no chop since yesterday for Somolu, Lagos 😥",Negative,2023-08-26,"Somolu, Lagos"
1690488105191,"Semovita don finish for all shops in Lagos Island, Lagos. Supplier say factory dey ration production because of raw material cost #NigeriaDecides",Negative,2023-07-13,"Lagos Island, Lagos"
1667316314419,"Climate shock plus conflict plus inflation equals catastrophe for food security in Mushin, Lagos. This is a perfect storm",Negative,2023-01-05,"Mushin, Lagos"
1644766207304,"School dropout rate in Lagos Mainland, Lagos is rising because parents cannot afford school fees AND food at the same time #FoodCrisis",Negative,2024-03-13,"Lagos Mainland, Lagos"
1795970097474,"Men in Ikorodu, Lagos are breaking down. Breadwinners cannot provide. Family pressure from hunger is destroying homes #LagosSuffers",Negative,2024-06-12,"Ikorodu, Lagos"
1788406174540,"Domestic violence cases in Badagry, Lagos are being linked to food stress. Hungry people become desperate people #Inflation https://t.co/xK7mN3pQrL",Negative,2024-12-18,"Badagry, Lagos"
1782384310864,"I've advocated for mental health checks cos the economic crisis and poor salaries can barely put food on the table in Ikeja, Lagos #Nigeria",Negative,2024-08-05,"Ikeja, Lagos"
1683616239018,"Nigerias food self-sufficiency ratio has declined steadily since 2015, new agriculture ministry data shows",Neutral,2023-09-27,"Alimosho, Lagos"
1609180920345,"Government dey share food in Abuja for camera. For Shomolu, Lagos ground zero, nothing reach ordinary people #FoodCrisis @followlasg",Negative,2023-10-21,"Shomolu, Lagos"
1681611587696,"Pikin dem for Eti-Osa, Lagos dey sleep hungry every night. We beg government make una hear us #ZeroHunger",Negative,2023-03-05,"Eti-Osa, Lagos"
1665517695288,"Federal goverment to import 500,000 metric tonnes of rice to stabilize prices in cities including Lagos #HardTimes",Neutral,2023-08-14,"Shomolu, Lagos"
1745704320277,"The children for my area in Mushin, Lagos are visibly malnourished. This is a crisis nobody is talking about",Negative,2023-07-07,"Mushin, Lagos"
1734323955581,"RT @mawywjixwo: Have you seen the price of baby food nkor? Diapers nkor? Rent in Alimosho, Lagos nkor? How person go manage?? #InflationNG",Negative,2023-07-07,"Alimosho, Lagos"
1782602201523,"Budget was passed, billions allocated for food security, yet Kosofe, Lagos residents are starving. Where is the money?",Negative,2024-08-28,"Kosofe, Lagos"
1709402471515,"NBS data shows food inflation in Lagos reached 42% in Q3 2024, highest in five years. #Economy",Neutral,2024-02-06,"Ikeja, Lagos"
1666816551890,"What kind of country is this? Ikeja, Lagos man wey work hard every day cannot afford to eat three times. Nonsense #Hunger @UN_Nigeria",Negative,2024-12-30,"Ikeja, Lagos"
1776317044988,"Imagine what is going on in Badagry, Lagos. Is it teh govt that will stop people from being hungry? When will they act? #ZeroHunger @NigeriaPolice",Negative,2023-09-02,"Badagry, Lagos"
1686159758275,"RT @tpmtkc: Hunger dey kill people for Kosofe, Lagos and government dey chop alone. Wickedness at the highest level #HardTimes https://t.co/AbC12dEfGh",Negative,2024-04-20,"Kosofe, Lagos"
1733326544510,"RT @eosaayxi: My boss in Kosofe, Lagos just cut our canteen budget because the food vendor cannot maintain affordable prices anymore https://t.co/xK7mN3pQrL",Negative,2024-10-06,"Kosofe, Lagos"
1623836856402,Federal Ministry of Agriculture to release emergency food reserve stocks to 10 states including Lagos,Neutral,2023-04-06,"Apapa, Lagos"
1611879138838,"EU donates €5 million to food security programs targeting urban poor communities in Lagos including Kosofe, Lagos #FoodScarcity",Positive,2023-07-11,"Kosofe, Lagos"
1695555657124,"RT @cbzcx: E dey pain me wey I see how Ajeromi-Ifelodun, Lagos people dey suffer for food while government dey waste money https://t.co/AbC12dEfGh...",Negative,2024-11-08,"Ajeromi-Ifelodun, Lagos"
1763102481773,"Bama, Yola, now people dey flee to Apapa, Lagos and food supply cannot handle the population pressure",Negative,2024-02-10,"Apapa, Lagos"
1656189544533,"Nobody is held accountable when children die of malnutrition in Surulere, Lagos. Government must be charged for this @officialABAT",Negative,2024-12-04,"Surulere, Lagos"
1654131134882,"Insecurity has made farming impossible in the north. Agege, Lagos markets are now running on dwindling reserves",Negative,2023-07-18,"Agege, Lagos"
1669521912622,Senate committee on agriculture holds hearing on food security situation with ministers and FAO representatives,Neutral,2023-06-19,"Lagos Mainland, Lagos"
1774528476900,"Youth group in Kosofe, Lagos starts rooftop farming project to grow vegetables for local community. Innovation! 🌿 #NaijaProblems",Positive,2024-08-20,"Kosofe, Lagos"
1653348988067,FEWS NET quarterly report flags Lagos and Kano as areas requiring close fud security monitoring in coming months,Neutral,2024-11-19,"Oshodi, Lagos"
1701858032345,"Nigeria is not at war but food inflation is crushing households, farmers are unsafe, supply chains are broken in Ifako-Ijaiye, Lagos",Negative,2023-11-12,"Ifako-Ijaiye, Lagos"
1695206532707,"Food prices for key staples like yam and plantain have stabilized in Mushin, Lagos market this week. Hope is not lost",Positive,2023-06-04,"Mushin, Lagos"
1656524312724,"The supply chain for staple food items in Shomolu, Lagos has completely broken down. Government must act now #InflationNG",Negative,2024-07-25,"Shomolu, Lagos"
1785766226009,"Agric minister confirms new fertilizer subsidy will reduce input costs for farmers, expected to lower food prices #Hunger",Positive,2024-04-30,"Apapa, Lagos"
1755644484656,"The number of people begging on Badagry, Lagos streets has doubled in the last six months. This is not normal #SDG2",Negative,2024-01-28,"Badagry, Lagos"
1753692304641,"The irony of Ifako-Ijaiye, Lagos being the commercial hub of Nigeria while millions of its residents go to bed hungry every night #SDG2",Negative,2023-04-20,"Ifako-Ijaiye, Lagos"
1740497274613,Nigeria's food import bill rose to $5.8 billion in 2023 amid declining local agricultural productivity @officialABAT,Neutral,2023-01-18,"Ikorodu, Lagos"
1641974681036,"See the kind suffering wey dey Alimosho, Lagos. Pikin dem dey go school empty stomach every day",Negative,2023-07-31,"Alimosho, Lagos"
1749719734654,"Government officials dey chop millions while people dey die of hunger for Lagos Island, Lagos. Shame on all of you #NaijaProblems",Negative,2024-01-25,"Lagos Island, Lagos"
1667270691876,"Farmer herder clashes have reduced produce coming to Somolu, Lagos by almost half according to traders in Oyingbo",Negative,2024-09-20,"Somolu, Lagos"
1664804383619,"Empty stalls everywhere in Eti-Osa, Lagos market today. Wholesale supply has dried up completely #FoodScarcity @NigeriaPolice...",Negative,2024-04-28,"Eti-Osa, Lagos"
1663455852013,Federal Ministry of Agriculture to release emergency food reserve stocks to 10 states including Lagos,Neutral,2023-11-19,"Ifako-Ijaiye, Lagos"
1648346609876,RT @pomxxxd: Lagos chamber of commerce holds summit on strategies to stabilize food supply chains in the state,Neutral,2024-09-11,"Apapa, Lagos"
1601889395973,"Climate shock plus conflict plus inflation equals catastrophe for food security in Baruwa, Lagos. This is a perfect storm #Suffering",Negative,2024-04-22,"Baruwa, Lagos"
1642218426933,"Opolopo eniyan n jiya. Food cost for Ajeromi-Ifelodun, Lagos Island don pass roof. #NaijaEconomy #FoodScarcity https://t.co/QwErTy9876",Negative,2023-10-01,"Ajeromi-Ifelodun, Lagos"
1717869369919,Lagos State Agricultural Development Authority holds meeting on strategies to reduce food import dependency,Neutral,2023-09-05,"Surulere, Lagos"
1744122152084,NCDC monitoring nutrition-related health admissions in Lagos hospitals amid rising food insecurity reports http://naijatalk.xyz,Neutral,2023-02-09,"Mushin, Lagos"
1751963329202,"Journalists document conditions in Somolu, Lagos food bank where queues begin forming before dawn each day",Neutral,2024-06-13,"Somolu, Lagos"
1611109541368,FEWS NET quarterly report flags Lagos and Kano as areas requiring close food security monitoring in coming months http://bit.ly/3xYzAbc,Neutral,2024-08-29,"Epe, Lagos"
1742416177508,"Community garden initiative in Somolu, Lagos begins harvest, providing fresh vegetables for 200 local families 🥬🌿",Positive,2023-06-18,"Somolu, Lagos"
1663258215428,"Noodles, the last option for poor people for Alimosho, Lagos, don increase price too. What are we supposed to eat? @NigeriaPolice",Negative,2023-05-25,"Alimosho, Lagos"
1786920715946,LASG Governor approves N2billion food subsidy fund for low income families across all Lagos LGAs. Progress! #HardTimes,Positive,2024-05-12,"Agege, Lagos"
1624344797646,"Mama dey cry for Epe, Lagos say she no fit feed her four children today. God abeg",Negative,2024-06-20,"Epe, Lagos"
1692960670683,"NGO distributes 500 foood packs to vulnerable families in Kosofe, Lagos today. This is the kind of help we need",Positive,2024-11-09,"Kosofe, Lagos"
1788992567293,"RT @axydyzz: Local government in Badagry, Lagos distributes free food seedlings to 1,000 households to encourage home gardening #NaijaProblems",Positive,2023-12-03,"Badagry, Lagos"
1795292866683,"This is engineered scarcity. Nigeria should be feeding West Africa but people dey starve for Shomolu, Lagos",Negative,2024-06-28,"Shomolu, Lagos"
1679588135590,"This is engineered scarcity. Nigeria should be feeding West Africa but people dey starve for Baruwa, Lagos #NaijaEconomy",Negative,2024-04-09,"Baruwa, Lagos"
1789805212518,Senate committee on agriculture holds hearing on food security situation with ministers and FAO representatives #FoodPrices,Neutral,2023-01-03,"Surulere, Lagos"
1723202464462,RT @ujxjpipee: New USAID-funded study to track social media signals of food insecurity in Nigerian urban centres @UN_Nigeria,Neutral,2024-01-20,"Lagos Island, Lagos"
1640510851861,"Bread wey cost 500 naira three months ago na 900 naira today for Baruwa, Lagos. Na who cause this? @wfp_nigeria...",Negative,2024-02-29,"Baruwa, Lagos"
1607390976629,"Federal government to import 500,000 metric tonnes of rice to stabilize prices in cities including Lagos @followlasg",Neutral,2024-09-07,"Ojo, Lagos"
1786356068772,"RT @mblxguzel: NAFDAC confirms seizure of substandard food items worth millions at Ikeja, Lagos market this week",Neutral,2023-01-29,"Ikeja, Lagos"
1718830002553,Nigeria's food import bill rose to $5.8 billion in 2023 amid declining local agricultural productivity,Neutral,2024-09-12,"Baruwa, Lagos"
1621687431564,World Food Programme (WFP) to begin assessment of food insecurity levels in Lagos communities next month #Nigeria @officialABAT,Neutral,2023-04-02,"Epe, Lagos"
1673524099635,"Local government officials in Kosofe, Lagos conduct market inspection following reports of artificial fd scarcity",Neutral,2023-07-05,"Kosofe, Lagos"
1757262356914,"NBS data shows food inflation in Lagos reached 42% in Q3 2024, highest in five years. #Economy #HardTimes https://t.co/QwErTy9876",Neutral,2023-07-13,"Badagry, Lagos"
1740006717265,"Lovely initiative: churches and mosques in Kosofe, Lagos have joined forces to provide daily meals to hungry families...",Positive,2024-08-04,"Kosofe, Lagos"
1661107057338,"Bread wey cost 500 naira three months ago na 900 naira today for Eti-Osa, Lagos. Na who cause this? #Nigeria",Negative,2023-01-25,"Eti-Osa, Lagos"
1623100629267,"Old mama for Shomolu, Lagos say she never chop for two days. Nobody dey care about the poor again",Negative,2024-07-19,"Shomolu, Lagos"
1713138763537,"I swr hunger wan collect my pikin from me, we no chop since yesterday for Somolu, Lagos 😥 #EndPoverty @NigeriaGov...",Negative,2023-10-09,"Somolu, Lagos"
1656760253008,Nigeria's fd import bill rose to $5.8 billion in 2023 amid declining local agricultural productivity,Neutral,2023-01-11,"Lagos Island, Lagos"
1693580051645,"Policy responses are weak and useless. Alimosho, Lagos residents are starving while politicians share rice for election",Negative,2024-11-29,"Alimosho, Lagos"
1785215623598,"How you want police and soldier to respect law when their salary cannot put food on the table for Ajeromi-Ifelodun, Lagos?",Negative,2023-02-01,"Ajeromi-Ifelodun, Lagos"
1775673129483,"RT @pqgxrs: Sharp sharp the prices for Ikorodu, Lagos don pass roof. We no fit shout again, we just dey manage",Negative,2023-11-14,"Ikorodu, Lagos"
1658154559663,"Palm oil, groundnut oil, everything don skyrocket for Mushin, Lagos. Cooking self don become unaffordable http://naijatalk.xyz",Negative,2023-11-24,"Mushin, Lagos"
1747218799516,Oxfam Nigeria calls on government to implement emergency food subsidy for urban poor in Lagos and Kano #Tinubu,Neutral,2024-04-21,"Ojo, Lagos"
1714444858690,"Eyan Alimosho, Lagos ti fẹrẹ ta gbogbo ohun ini won lati le ra ounje. Ebi n pa gbogbo eniyan https://t.co/AbC12dEfGh",Negative,2024-11-29,"Alimosho, Lagos"
1691575738998,"Imagine what is going on in Ikorodu, Lagos. Is it the govt that will stop people from being hungry? When will they act?",Negative,2023-08-04,"Ikorodu, Lagos"
1603152000372,"Bama, Yola, now people dey flee to Apapa, Lagos and food supply cannot handle the population pressure #NaijaProblems @officialABAT",Negative,2023-04-07,"Apapa, Lagos"
1691854939863,"Displaced families from Borno and Zamfara are now in Alimosho, Lagos and competing for already scarce food resources #Nigeria",Negative,2023-07-11,"Alimosho, Lagos"
1794466398632,"Food insecurity in Apapa, Lagos is at crisis level. The IPC indicators are all pointing to phase 3 and nobody is talking...",Negative,2023-05-27,"Apapa, Lagos"
1738011553362,"I no chop since morning, wallet empty, no food for house. Baruwa, Lagos life don become survival of the fittest",Negative,2023-12-28,"Baruwa, Lagos"
1652275114235,"Bama, Yola, now ppl dey flee to Epe, Lagos and food supply cannot handle the population pressure",Negative,2023-12-20,"Epe, Lagos"
1701128951608,"TUC don threaten nationwide protest over worsening economic hardship in Nigeria, citing foood prices. #Lagos",Negative,2024-07-24,"Epe, Lagos"
1632308225236,"Tomatoes wey be 500 naira last year don reach 3000 for Eti-Osa, Lagos market. Inflation don kill us",Negative,2023-01-05,"Eti-Osa, Lagos"
1637394360464,"RT @akpnwzca: Rice price drops slightly in Ojo, Lagos market after goverment releases emergency reserves. Little relief for families",Positive,2024-04-05,"Ojo, Lagos"
1785675354831,"Indomie, the food of last resort for many families in Surulere, Lagos, just increased price again. This is deliberate suffering #FoodScarcity http://naijatalk.xyz @NigeriaPolice",Negative,2023-01-27,"Surulere, Lagos"
1756784259315,"RT @bliaygsz: Pikin dem for Ikorodu, Lagos dey sleep hunger dey every night. We beg government make una hear us #FoodCrisis @wfp_nigeria",Negative,2023-11-16,"Ikorodu, Lagos"
1659613512373,UNICEF report highlights rising acute malnutrition among under-five children in urban Lagos slums #Tinubu,Neutral,2023-04-13,"Agege, Lagos"
1663817888948,"Nobody is held accountable when children die of malnutrition in Eti-Osa, Lagos. Government must be charged for this https://t.co/QwErTy9876",Negative,2024-03-30,"Eti-Osa, Lagos"
1751753730989,"Stockfish that poor families depend on in Kosofe, Lagos has disappeared from markets or become too expensive to buy #FoodPrices",Negative,2023-02-02,"Kosofe, Lagos"
1783200094766,"RT @uzqxo: Nigeria is not at war but food inflation is crushing households, farmers are unsafe, supply chains are broken in Eti-Osa, Lagos @UN_Nigeria",Negative,2024-04-12,"Eti-Osa, Lagos"
1744683428707,"ActionAid Nigeria releases report on impact of food insecurity on women-headed households in Agege, Lagos #EndPoverty @NigeriaPolice",Neutral,2023-06-12,"Agege, Lagos"
1782532941435,"RT @dcixtrkh: Lagos residents spend an average of 65% of household income on food, new survey by NBS reveals #LagosSuffers @NigeriaGov",Neutral,2024-06-19,"Agege, Lagos"
1642353722854,"Market survey in Apapa, Lagos: a basket of tomatoes now costs N4,500 compared to N1,200 same period last year",Neutral,2023-01-18,"Apapa, Lagos"
1791139651015,Academic paper published: sentiment analysis of Nigerian Twitter reveals early warning signals of food crisis #NaijaProblems @MBuhari,Neutral,2023-04-24,"Epe, Lagos"
1606703556916,Oxfam Nigeria calls on government to implement emergency food subsidy for urban poor in Lagos and Kano #Hunger,Neutral,2024-01-29,"Baruwa, Lagos"
1720417878963,"Government don release palliative for Ojo, Lagos today! Rice, beans, garri. At least something small reach the people 🙏",Positive,2024-06-24,"Ojo, Lagos"
1630686219200,"Government say they share palliative for Lagos Island, Lagos but ordinary people for grassroots no see anything. Na lie #InflationNG",Negative,2023-10-02,"Lagos Island, Lagos"
1648123760369,FAO report: Nigeria ranks among countries with highest rates of acute food insecurity in West Africa. #FoodSecurity @UN_Nigeria,Neutral,2023-07-01,"Somolu, Lagos"
1681358671826,"TUC has threatened a nationwide protest on May Day over worsening economic hardship, citing rising food prices. naijatalk.xyz #Hunger @followlasg",Neutral,2023-04-12,"Ikorodu, Lagos"
1773204462009,"Governor of Lagos personally supervises food distribution in Badagry, Lagos community. At least they are paying attention now",Positive,2024-02-18,"Badagry, Lagos"
1602343507222,RT @awlvkmjkwe: New USAID-funded study to track social media signals of food insecurity in Nigerian urban centres,Neutral,2024-11-12,"Shomolu, Lagos"
1662202749981,"Armed forces salary cannot buy food for their families in Eti-Osa, Lagos. This is how corruption and abuse of power starts",Negative,2023-04-05,"Eti-Osa, Lagos"
1724537011425,"Rice price drops slightly in Baruwa, Lagos mkt after government releases emergency reserves. Little relief for families #SDG2...",Positive,2023-05-18,"Baruwa, Lagos"
1755698693660,"FEWS NET: Lagos categorized under IPC Phase 2 stress level, with pockets of Phase 3 crisis in informal settlements",Neutral,2023-03-16,"Badagry, Lagos"
1741087903036,"Restaurants in Lagos Island, Lagos are closing because even the middle class can no longer afford to eat out regularly",Negative,2024-10-08,"Lagos Island, Lagos"
1756082364282,"This is engineered scarcity. Nigeria should be feeding West Africa but people dey starve for Mushin, Lagos",Negative,2023-12-06,"Mushin, Lagos"
1621585925361,"Na wa o. The price of yam in Epe, Lagos is now higher than the price of petrol per litre. Something is wrong",Negative,2023-08-23,"Epe, Lagos"
1789923108193,Humanitarian organizations call for increased funding to address food crisis affecting Lagos urban poor communities #Tinubu,Neutral,2024-04-09,"Ikorodu, Lagos"
1714771028068,A joint UN FAO-WFP mission visits Lagos to assess the food security situation on the ground @NigeriaGov...,Neutral,2023-09-23,"Lagos Mainland, Lagos"
1730735507340,"Mama dey cry for Apapa, Lagos say she no fit feed her four children today. God abeg...",Negative,2023-09-27,"Apapa, Lagos"
1784410945825,Lagos State Agricultural Development Authority holds meeting on strategies to reduce food import dependency #LagosSuffers https://t.co/AbC12dEfGh @NigeriaPolice,Neutral,2023-01-18,"Shomolu, Lagos"
1709390851790,"Federal government to import 500,000 metric tonnes of rice to stabilize prices in cities including Lagos",Neutral,2023-04-04,"Mushin, Lagos"
1623068602191,"Government officials dey chop millions while people dey die of hunger for Ikeja, Lagos. Shame on all of you http://naijatalk.xyz...",Negative,2024-07-02,"Ikeja, Lagos"
1704457629069,"Women in Oshodi, Lagos are being forced into dangerous situations just to feed their families. The hunger is that real #EndPoverty",Negative,2023-04-27,"Oshodi, Lagos"
1687572759581,"I swr I don tire. No food, no money, no hope for Baruwa, Lagos. When this suffering go end? #InflationNG @MBuhari",Negative,2024-01-05,"Baruwa, Lagos"
1795796686526,"My boss in Badagry, Lagos just cut our canteen budget because the food vendor cannot maintain affordable prices anymore #Lagos",Negative,2023-01-14,"Badagry, Lagos"
1753785788412,"NAFDAC confirms seizure of substandard food items worth millions at Ikorodu, Lagos market dis week @faoNG...",Neutral,2024-07-27,"Ikorodu, Lagos"
1665483881066,"Government officials dey chop millions while people dey die of hunger for Epe, Lagos. Shame on all of you",Negative,2023-12-02,"Epe, Lagos"
1625208958193,"RT @dayo_naija: Kosofe, Lagos market food prices up by 60 percent in three months alone #InflationNG",Negative,2023-04-22,"Kosofe, Lagos"
1614079577679,"RT @nmmeti: Sharp sharp the prices for Mushin, Lagos don pass roof. We no fit shout again, we just dey manage",Negative,2024-06-03,"Mushin, Lagos"
1693628890939,"New cold chain facility opens in Surulere, Lagos, which means less food waste and more stable supply for markets",Positive,2024-01-25,"Surulere, Lagos"
1690683500448,New study from University of Lagos examines relationship between Twitter sentiment and food price trends in Nigeria @UN_Nigeria,Neutral,2024-10-22,"Ikeja, Lagos"
1624048751733,New study from University of Lagos examines relationship between Twitter sentiment and food price trends in Nigeria #EndPoverty,Neutral,2023-09-22,"Epe, Lagos"
1751949086874,FEWS NET quarterly report flags Lagos and Kano as areas requiring close food security monitoring in coming months #NaijaProblems,Neutral,2023-06-06,"Mushin, Lagos"
1705950129524,"My boss in Shomolu, Lagos just cut our canteen budget because the food vendor cannot maintain affordable prices anymore #Hunger",Negative,2024-04-19,"Shomolu, Lagos"
1639245544380,"Our local government in Shomolu, Lagos has done absolutely nothing about the food crisis. They only appear during election #Suffering",Negative,2023-03-21,"Shomolu, Lagos"
1725233333962,"My uncle in Oshodi, Lagos said he cried for the first time in his adult life last night because he could not feed his children https://t.co/QwErTy9876",Negative,2023-01-04,"Oshodi, Lagos"
1639283882540,"Woman in Baruwa, Lagos said she has been mixing garri with water for her children because that is all she can afford @officialABAT",Negative,2023-06-18,"Baruwa, Lagos"
1638930030324,"Government don release palliative for Alimosho, Lagos today! Rice, beans, garri. At least something small reach the people 🙏 #LagosSuffers",Positive,2024-04-22,"Alimosho, Lagos"
1796362976187,Senators from Lagos agree to review food importation policy to support local farmers. Long overdue but good #InflationNG @NigeriaPolice,Positive,2024-05-13,"Ajeromi-Ifelodun, Lagos"
1751122446510,"Market survey in Somolu, Lagos: a basket of tomatoes now costs N4,500 compared to N1,200 same period last year #NaijaProblems",Neutral,2024-06-12,"Somolu, Lagos"
1622662111911,"Food prices for key staples like yam and plantain have stabilized in Baruwa, Lagos market this week. Hope is not lost",Positive,2024-12-03,"Baruwa, Lagos"
1675406836823,"Tomato supply don dry up completely for Ikeja, Lagos. Farmers say insecurity for north don finish everything #InflationNG http://naijatalk.xyz",Negative,2023-06-04,"Ikeja, Lagos"
1791875254019,"Good news from Baruwa, Lagos: local farmers cooperative reports a 30% increase in food production this planting season",Positive,2024-10-31,"Baruwa, Lagos"
1710845554639,"Women in Kosofe, Lagos are being forced into dangerous situations just to feed their families. The hunger is that real #Inflation",Negative,2023-10-24,"Kosofe, Lagos"
1667700019599,Federal govt inaugurates food price monitoring committee to track inflation across 36 states including Lagos...,Neutral,2023-10-12,"Somolu, Lagos"
1740868875601,"The psychological trauma of not knowing where your next meal will come from is destroying Ikorodu, Lagos communities",Negative,2023-03-31,"Ikorodu, Lagos"
1627570322848,Research team from Covenant University develops NLP model to monitor foood crisis signals on Nigerian Twitter,Neutral,2023-04-21,"Ojo, Lagos"
1712823731492,"Snack shops near me in Surulere, Lagos have increased food price approximately 20% due to gas crisis. #wareffects #inflation #InflationNG",Negative,2023-07-12,"Surulere, Lagos"
1679684667931,"Eba and vegetable soup used to be the affordable meal for Apapa, Lagos hustlers. Even that don become expensive now #SDG2 https://t.co/AbC12dEfGh @UN_Nigeria",Negative,2023-11-23,"Apapa, Lagos"
1673879454768,"There is serious food scarcity in Lagos Mainland, Lagos right now. Market shelves dey empty and traders say supply chain broken @officialABAT",Negative,2024-05-07,"Lagos Mainland, Lagos"
1769967593055,"Nigerias food self-sufficiency ratio has declined steadily since 2015, new agriculture ministry data shows #ZeroHunger...",Neutral,2023-08-12,"Apapa, Lagos"
1775070981558,"Journalists document conditions in Ikorodu, Lagos food bank where queues begin forming before dawn each day",Neutral,2024-08-13,"Ikorodu, Lagos"
1734735028419,"The last time I bought cooking oil in Baruwa, Lagos market was three months ago. The price has gone from 2k to 6.5k https://t.co/AbC12dEfGh",Negative,2023-11-04,"Baruwa, Lagos"
1717614452392,"NGOs working in Baruwa, Lagos report 35% increase in demand for emergency food assistance since January 2024 http://naijatalk.xyz @wfp_nigeria",Neutral,2024-08-29,"Baruwa, Lagos"
1735524300074,"RT @tcukuwoewg: Subsidy removal was supposed to free funds for investment. Tell me one person in Eti-Osa, Lagos that benefited from it #HardTimes https://t.co/QwErTy9876",Negative,2024-09-13,"Eti-Osa, Lagos"
1645044054718,Lagos State Food Bank Initiative records 40% increase in demand from low income households in 2024 #FoodCrisis @officialABAT,Neutral,2023-08-29,"Shomolu, Lagos"
1675231788304,Lagos State Agricultural Development Authority holds meeting on strategies to reduce food import dependency,Neutral,2023-10-28,"Oshodi, Lagos"
1752104630796,Lagos State government announces plans to establish food distribution centres across the 20 LGAs. @followlasg #SDG2 https://t.co/xK7mN3pQrL,Neutral,2023-06-28,"Alimosho, Lagos"
1733926444534,"Our local government in Kosofe, Lagos has done absolutely nothing about da food crisis. They only appear during election",Negative,2023-01-07,"Kosofe, Lagos"
1777284976096,"Government dey share food in Abuja for camera. For Agege, Lagos ground zero, nothing reach ordinary people @wfp_nigeria",Negative,2023-04-01,"Agege, Lagos"
1670720142128,Lagos State government announces plans to establish food distribution centres across the 20 LGAs. @followlasg,Neutral,2023-07-12,"Lagos Island, Lagos"
1779220389437,"Government don release palliative for Oshodi, Lagos today! Rice, beans, garri. At least something small reach the people 🙏",Positive,2023-11-01,"Oshodi, Lagos"
1646710679954,"Lagos residents spend an average of 65% of household income on foood, new survey by NBS reveals",Neutral,2023-05-21,"Kosofe, Lagos"
1746455522752,"Budget was passed, billions allocated for food security, yet Oshodi, Lagos residents are starving. Where is the money? #Hunger",Negative,2023-06-22,"Oshodi, Lagos"
1639789403474,"RT @scdrohwkel: Ground report from Mushin, Lagos: how street food vendors are adjusting portion sizes to manage rising ingredient costs",Neutral,2024-07-18,"Mushin, Lagos"
1638684385833,"We dey manage half cup of garri for the whole family for Eti-Osa, Lagos, e too hard 😭 @NigeriaGov",Negative,2024-11-03,"Eti-Osa, Lagos"
1798010775378,"Empty stalls everywhere in Baruwa, Lagos market today. Wholesale supply has dried up completely #FoodScarcity",Negative,2023-08-10,"Baruwa, Lagos"
1796070446526,"Market survey in Ajeromi-Ifelodun, Lagos: a basket of tomatoes now costs N4,500 compared to N1,200 same period last year #Tinubu @MBuhari",Neutral,2024-03-09,"Ajeromi-Ifelodun, Lagos"
1732448956965,"New food bank opens in Oshodi, Lagos! If you are struggling to feed your family please walk in. No form, no stress @UN_Nigeria",Positive,2024-11-27,"Oshodi, Lagos"
1641587310938,"Food prices for key staples like yam and plantain have stabilized in Alimosho, Lagos market this week. Hope is not lost #Suffering @MBuhari",Positive,2024-05-28,"Alimosho, Lagos"
1725139904945,"This is engineered scarcity. Nigeria should be feeding West Africa but people dey starve for Mushin, Lagos #FoodPrices",Negative,2023-07-18,"Mushin, Lagos"
1624306121572,"Nobody is held accountable when children die of malnutrition in Badagry, Lagos. Government must be charged for this @officialABAT",Negative,2023-04-08,"Badagry, Lagos"
1639913787404,"RT @csbcyl: Opolopo eniyan n jiya ninu Epe, Lagos. Owo ko si, ounje ko si. Oluwa gba wa o 😭",Negative,2024-03-22,"Epe, Lagos"
1649253011983,Federal Ministry of Agriculture to release emergency food reserve stocks to 10 states including Lagos #InflationNG,Neutral,2023-07-22,"Ifako-Ijaiye, Lagos"
1722516118185,"Displaced families from Borno and Zamfara are now in Ifako-Ijaiye, Lagos and competing for already scarce food resources",Negative,2024-06-24,"Ifako-Ijaiye, Lagos"
1725847673681,"USAID food security program begins operations in Badagry, Lagos, targeting 10,000 households over 18 months @wfp_nigeria",Positive,2023-08-30,"Badagry, Lagos"
1763126895962,Federal Ministry of Agriculture to release emergency food reserve stocks to 10 states including Lagos,Neutral,2024-12-16,"Somolu, Lagos"
1708284132402,"Government dey share food in Abuja for camera. For Kosofe, Lagos ground zero, nothing reach ordinary people @followlasg",Negative,2024-09-25,"Kosofe, Lagos"
1698591645832,"Is it the government that will stop hunger? They have abandoned Eti-Osa, Lagos completely. We are on our own #ZeroHunger https://t.co/AbC12dEfGh @NigeriaGov...",Negative,2023-02-19,"Eti-Osa, Lagos"
1646465131312,"Price of garri drops by 15% in Ikeja, Lagos market after new cassava harvest arrives from Ogun State. Small win!",Positive,2023-03-20,"Ikeja, Lagos"
1779861428181,"I know three families in Shomolu, Lagos that have not eaten a proper meal in days. I am not exaggerating #FoodCrisis",Negative,2024-06-27,"Shomolu, Lagos"
1734406626234,"Eyan Ikeja, Lagos ti fẹrẹ ta gbogbo ohun ini won lati le ra ounje. Ebi n pa gbogbo eniyan #EndPoverty @MBuhari",Negative,2023-01-29,"Ikeja, Lagos"
1636386539309,"ActionAid Nigeria releases report on impact of food insecurity on women-headed households in Eti-Osa, Lagos https://t.co/QwErTy9876",Neutral,2023-01-09,"Eti-Osa, Lagos"
1689578300098,"The supply chain for staple food items in Alimosho, Lagos has completely broken down. Government must act now",Negative,2023-06-01,"Alimosho, Lagos"
1627646244147,"Fuel price goes up, food price goes up, transport goes up… only salary stays loyal 😂😭 #Nigeria #Inflation #FoodPrices",Negative,2023-05-22,"Alimosho, Lagos"
1655900819527,"RT @woahvhtxcp: Youth group in Ajeromi-Ifelodun, Lagos starts rooftop farming project to grow vegetables for local community. Innovation! 🌿 http://naijatalk.xyz",Positive,2024-06-05,"Ajeromi-Ifelodun, Lagos"
1606932550095,"Local government in Somolu, Lagos distributes free food seedlings to 1,000 households to encourage home gardening",Positive,2024-01-17,"Somolu, Lagos"
1673869958634,"Woman in Surulere, Lagos said she has been mixing garri with water for her children because that is all she can afford",Negative,2023-02-22,"Surulere, Lagos"
1791474165344,"I no chop since morning, wallet empty, no fud for house. Mushin, Lagos life don become survival of the fittest",Negative,2024-01-19,"Mushin, Lagos"
1661021744504,"My uncle in Surulere, Lagos said he cried for the first time in his adult life last night because he could not feed his children #FoodScarcity",Negative,2023-09-07,"Surulere, Lagos"
1746763922945,"I went to Agege, Lagos mkt. today and came back empty handed. My 10k could not buy anything meaningful for a family of five",Negative,2023-09-08,"Agege, Lagos"
1759745966239,"Garri wey I dey buy 1500 last year don reach 4500 for Ikeja, Lagos. How e take happen like this?...",Negative,2024-07-15,"Ikeja, Lagos"
1636573818646,"RT @dimlp: Old mama for Apapa, Lagos say she never chop for two days. Nobody dey care about the poor again #HardTimes",Negative,2023-12-02,"Apapa, Lagos"
1788236637416,"Garri wey I dey buy 1500 last year don reach 4500 for Ojo, Lagos. How e take happen like this?",Negative,2024-05-21,"Ojo, Lagos"
1621907167190,"My boss in Mushin, Lagos just cut our canteen budget because the food vendor cannot maintain affordable prices anymore #LagosPalliative",Negative,2023-03-26,"Mushin, Lagos"
1630798786788,Experts call for policy intervention as Nigeria's 2024 Global Hunger Index score worsens to 28.8 from 27.5 #LagosPalliative,Neutral,2023-02-02,"Kosofe, Lagos"
1761840044510,"Noodles, the last option for poor people for Agege, Lagos, don increase price too. What are we supposed to eat? #Suffering",Negative,2023-11-19,"Agege, Lagos"
1798362323659,"Governor of Lagos personally supervises food distribution in Epe, Lagos community. At least they are paying attention now",Positive,2023-08-29,"Epe, Lagos"
1756388571427,"The conflict in the north has broken fd supply chains all the way down to Eti-Osa, Lagos. We are all affected",Negative,2024-11-29,"Eti-Osa, Lagos"
1785345611134,"Sharp sharp the prices for Lagos Island, Lagos don pass roof. We no fit shout again, we just dey manage #Hunger @officialABAT",Negative,2024-07-22,"Lagos Island, Lagos"
1723776642961,"Opolopo eniyan n jiya ninu Shomolu, Lagos. Owo ko si, ounje ko si. Oluwa gba wa o 😭",Negative,2023-02-01,"Shomolu, Lagos"
1787293099467,"E dey pain me wey I see how Ikeja, Lagos people dey suffer for food while government dey waste money #Nigeria http://bit.ly/3xYzAbc",Negative,2024-03-24,"Ikeja, Lagos"
1685064257257,"First batch of subsidized food from federal strategic reserves arrives at Badagry, Lagos distribution point today @faoNG...",Positive,2024-08-04,"Badagry, Lagos"
1772061321819,"No tomato, no pepper, no onion for Oshodi, Lagos market today. Traders say trucks from Kano can't pass the road #FoodScarcity",Negative,2023-07-11,"Oshodi, Lagos"
1641348621748,"Displaced families from Borno and Zamfara are now in Agege, Lagos and competing for already scarce food resources #Hunger",Negative,2024-09-01,"Agege, Lagos"
1694229769024,"The new direct-farmer market in Apapa, Lagos is reducing prices by 20-40% compared to regular markets. Go there! #FoodPrices",Positive,2024-08-17,"Apapa, Lagos"
1721224699702,"My area for Eti-Osa, Lagos no get stable food supply since the fuel subsidy removal. Things just dey get worse",Negative,2023-02-11,"Eti-Osa, Lagos"
1677572482901,Report: over 31 million Nigerians currently experiencing severe food insecurity according to IPC Phase 3 classification,Neutral,2023-03-04,"Epe, Lagos"
1620187999347,"RT @riagafbl: Pepper, tomato and onion combination now extremely scarce and expensive for Somolu, Lagos markeet. Cooking don become gold",Negative,2024-07-08,"Somolu, Lagos"
1750922957025,New USAID-funded study to track social media signals of fud insecurity in Nigerian urban centres,Neutral,2024-12-19,"Lagos Mainland, Lagos"
1624821342335,"Pikin dem for Shomolu, Lagos dey sleep hungry every night. We beg government make una hear us...",Negative,2024-07-26,"Shomolu, Lagos"
1614752731833,"I swr hunger wan collect my pikin from me, we no chop since yesterday for Ikorodu, Lagos 😥",Negative,2024-04-20,"Ikorodu, Lagos"
1651178827275,"The price of a bag of rice in Ikorodu, Lagos has tripled in less than a year. How are families supposed to survive? #ZeroHunger",Negative,2023-01-04,"Ikorodu, Lagos"
1726863590781,"We dey manage half cup of garri for the whole family for Ikorodu, Lagos, e too hard 😭 @NigeriaGov @NigeriaGov",Negative,2023-12-05,"Ikorodu, Lagos"
1662939276052,Senators from Lagos agree to review food importation policy to support local farmers. Long overdue but good,Positive,2023-11-01,"Somolu, Lagos"
1657042572694,"Private sector fd relief: GTBank staff donate food items to 400 vulnerable families in Ajeromi-Ifelodun, Lagos community 💛",Positive,2024-10-05,"Ajeromi-Ifelodun, Lagos"
1668382772352,"Subsidy removal was supposed to free funds for investment. Tell me one person in Ikeja, Lagos that benefited from it",Negative,2024-01-28,"Ikeja, Lagos"
1635246561899,"Empty stalls everywhere in Epe, Lagos mkt. today. Wholesale supply has dried up completely #FoodScarcity #HardTimes",Negative,2023-07-30,"Epe, Lagos"
1738959448085,"Food security stakeholders gather in Shomolu, Lagos for quarterly review meeting on hunger mitigation strategies #InflationNG @wfp_nigeria...",Neutral,2023-01-02,"Shomolu, Lagos"
1750857959133,Satellite data from GEOGLAM shows below average crop yields expected in major food producing states this season,Neutral,2023-01-17,"Kosofe, Lagos"
1787927362350,"Nigerias food self-sufficiency ratio has declined steadily since 2015, new agriculture ministry data shows",Neutral,2024-05-28,"Lagos Mainland, Lagos"
1623372676719,"The conflict in the north has broken foood supply chains all the way down to Surulere, Lagos. We are all affected #Tinubu",Negative,2024-09-07,"Surulere, Lagos"
1715180452176,"Pepper, tomato and onion combination now extremely scarce and expensive for Apapa, Lagos mkt. Cooking don become gold #HardTimes @wfp_nigeria",Negative,2024-05-02,"Apapa, Lagos"
1798331746885,"Traders for Ifako-Ijaiye, Lagos market confirm fd prices up by 60 percent in three months #InflationNG",Negative,2023-01-02,"Ifako-Ijaiye, Lagos"
1615082672608,"Tinubu government remove subsidy, food price sky rocket for Ikorodu, Lagos. The poor people dey carry all the burden #HardTimes",Negative,2024-12-31,"Ikorodu, Lagos"
1792584219140,"Another Yariba state with massive hunger. Lagos was built by Nigerians, not by government. Ikorodu, Lagos people are suffering #SDG2",Negative,2024-08-26,"Ikorodu, Lagos"
1711411397145,"There is serious food scarcity in Ikorodu, Lagos right now. Market shelves dey empty and traders say supply chain broken",Negative,2023-02-26,"Ikorodu, Lagos"
1758159286933,"This is engineered scarcity. Nigeria should be feeding West Africa but people dey starve for Badagry, Lagos",Negative,2023-03-18,"Badagry, Lagos"
1715515194441,"Beans, the protein of the poor for Baruwa, Lagos, is now a luxury. A paint bucket of beans cost 8000 naira",Negative,2024-10-14,"Baruwa, Lagos"
1712981955851,"Mama Tunde for Surulere, Lagos say she dey sell her cooking pots because she no fit afford food. This is heartbreaking",Negative,2023-11-17,"Surulere, Lagos"
1744119434908,"I know three families in Baruwa, Lagos that have not eaten a proper meal in days. I am not exaggerating",Negative,2024-10-12,"Baruwa, Lagos"
1624372732130,"Insecurity has made farming impossible in thee north. Badagry, Lagos markets are now running on dwindling reserves",Negative,2023-06-03,"Badagry, Lagos"
1772929544370,"RT @oamfgmfdww: The cost of feeding a family of four in Lagos has risen from N40,000 to N120,000 per month in two years #Suffering",Neutral,2023-09-23,"Alimosho, Lagos"
1603436780210,Report: over 31 million Nigerians currently experiencing severe food insecurity according to IPC Phase 3 classification #FoodCrisis,Neutral,2024-05-12,"Somolu, Lagos"
1770957659428,Research team from Covenant University develops NLP model to monitor food crisis signals on Nigerian Twitter,Neutral,2024-07-28,"Epe, Lagos"
1767082752267,"Is it the government that will stop hunger? They have abandoned Baruwa, Lagos completely. We are on our own",Negative,2024-07-06,"Baruwa, Lagos"
1667656482952,"Farmers in Ikeja, Lagos outskirts say tehy can no longer afford fertilizer at current prices. Next harvest will be disaster http://naijatalk.xyz",Negative,2023-09-24,"Ikeja, Lagos"
1693138484523,"Indomie, the food of last resort for many families in Ajeromi-Ifelodun, Lagos, just increased price again. This is deliberate suffering",Negative,2023-12-29,"Ajeromi-Ifelodun, Lagos"
1679552296576,"A bag of beans that was 35k last January is now 90k in Ifako-Ijaiye, Lagos. Tell me this is not engineered scarcity",Negative,2023-05-29,"Ifako-Ijaiye, Lagos"
1787008690705,"Garri wey I dey buy 1500 last year don reach 4500 for Ikeja, Lagos. How e take happen like this?",Negative,2023-07-27,"Ikeja, Lagos"
1706072189246,"Snack shops near me in Baruwa, Lagos don increase price by 30% because of gas wahala. Na us go suffer am #ZeroHunger http://bit.ly/3xYzAbc @faoNG...",Negative,2023-12-10,"Baruwa, Lagos"
1673045895242,Oxfam Nigeria calls on government to implement emergency food subsidy for urban poor in Lagos and Kano @NigeriaGov,Neutral,2023-10-14,"Lagos Mainland, Lagos"
1686493622572,"Federal government to import 500,000 metric tonnes of rice to stabilize prices in cities including Lagos #LagosSuffers",Neutral,2024-04-03,"Apapa, Lagos"
1623370640162,"RT @pyjkun: NBS data shows food inflation in Lagos reached 42% in Q3 2024, highest in five years. #Economy #EconomicHardship http://bit.ly/3xYzAbc",Neutral,2024-10-25,"Kosofe, Lagos"
1677041232529,Nigeria's food import bill rose to $5.8 billion in 2023 amid declining local agricultural productivity @wfp_nigeria,Neutral,2023-04-19,"Oshodi, Lagos"
1630083429692,"TUC has threatened a nationwide protest on May Day over worsening economic hardship, citing rising food prices. naijatalk.xyz #InflationNG",Neutral,2023-03-10,"Apapa, Lagos"
1718503997036,"I know three families in Eti-Osa, Lagos that have not eaten a proper meal in days. I am not exaggerating",Negative,2023-07-04,"Eti-Osa, Lagos"
1615909486421,Humanitarian organizations call for increased funding to address food crisis affecting Lagos urban poor communities #Lagos,Neutral,2023-09-13,"Agege, Lagos"
1658853265203,"My children dey cry for food since last night and I no get anything to give theem. Ifako-Ijaiye, Lagos is suffering",Negative,2023-08-19,"Ifako-Ijaiye, Lagos"
1673296122921,"Global fd commodity prices continue to affect local markets in Lagos, traders say #GlobalEconomy #LagosSuffers",Neutral,2024-01-25,"Badagry, Lagos"
1718236214058,International Monetary Fund warns that Nigeria's food inflation could remain elevated through 2025 without reforms,Neutral,2024-05-31,"Alimosho, Lagos"
1773883409351,"Farmer herder clashes have reduced produce coming to Alimosho, Lagos by almost half according to traders in Oyingbo #HardTimes",Negative,2024-05-11,"Alimosho, Lagos"
1717088915543,"Our local government in Ojo, Lagos has done absolutely nothing about the food crisis. They only appear during election @NigeriaPolice",Negative,2023-02-24,"Ojo, Lagos"
1775007001540,"Governor of Lagos personally supervises food distribution in Ikeja, Lagos community. At least they are paying attention now",Positive,2024-03-15,"Ikeja, Lagos"
1696992956191,"Bama, Yola, now people dey flee to Apapa, Lagos and food supply cannot handle da population pressure",Negative,2023-12-22,"Apapa, Lagos"
1634736128410,"Palm oil, groundnut oil, everything don skyrocket for Baruwa, Lagos. Cooking self don become unaffordable",Negative,2023-05-19,"Baruwa, Lagos"
1725100459734,"RT @qpzisfp: Food security stakeholders gather in Oshodi, Lagos for quarterly review meeting on hunger mitigation strategies @UN_Nigeria",Neutral,2024-12-18,"Oshodi, Lagos"
1691992761935,"Snack shops near me in Mushin, Lagos don increase price by 30% because of gas wahala. Na us go suffer am",Negative,2024-12-18,"Mushin, Lagos"
1601766685440,"A loaf of sliced bread in Lagos Island, Lagos bakery today: 1,200 naira. Last year it was 450 naira. Explain this to me #NigeriaDecides @faoNG...",Negative,2023-01-18,"Lagos Island, Lagos"
1604173107724,"RT @eenhxpp: The supply chain for staple food items in Ifako-Ijaiye, Lagos has completely broken down. Government must act now",Negative,2024-06-22,"Ifako-Ijaiye, Lagos"
1657268801944,"Farmers in Agege, Lagos outskirts say they can no longer afford fertilizer at current prices. Next harvest will be disaster #InflationNG",Negative,2024-05-26,"Agege, Lagos"
1631600610116,"Pilot urban farming project in Lagos Mainland, Lagos yields first harvest, proves that city food production is very possible 🌾...",Positive,2023-05-14,"Lagos Mainland, Lagos"
1654775087730,"The psychological trauma of not knowing where your next meal will come from is destroying Shomolu, Lagos communities",Negative,2023-01-01,"Shomolu, Lagos"
1771054237164,"Federal government to import 500,000 metric tonnes of rice to stabilize prices in cities including Lagos",Neutral,2023-10-31,"Somolu, Lagos"
1783764059738,FEWS NET quarterly report flags Lagos and Kano as areas requiring close food security monitoring in coming months,Neutral,2024-12-15,"Ajeromi-Ifelodun, Lagos"
1684022988222,RT @yucoduxvv: Lagos chamber of commerce holds summit on strategies to stabilize food supply chains in the state #ZeroHunger,Neutral,2024-02-29,"Apapa, Lagos"
1725048701715,"Government dey share food in Abuja for camera. For Surulere, Lagos ground zero, nothing reach ordinary people",Negative,2023-03-19,"Surulere, Lagos"
1613070081996,"I went to Ajeromi-Ifelodun, Lagos market today and came back empty handed. My 10k could not buy anything meaningful for a family of five #NaijaEconomy",Negative,2024-10-22,"Ajeromi-Ifelodun, Lagos"
1726243074211,RT @ykabkx: FAO report: Nigeria ranks among countries with highest rates of acute food insecurity in West Africa. #FoodSecurity #SDG2 @UN_Nigeria,Neutral,2023-02-11,"Surulere, Lagos"
1767463645379,A joint UN FAO-WFP mission visits Lagos to assess the food security situation on the ground #ZeroHunger https://t.co/QwErTy9876,Neutral,2023-04-02,"Shomolu, Lagos"
1616009070115,"e don reach level where i dey share one wrap of eba between three people for Alimosho, Lagos. God help us #HardTimes",Negative,2024-12-23,"Alimosho, Lagos"
1724285010972,"EU donates €5 million to food security programs targeting urban poor communities in Lagos including Badagry, Lagos",Positive,2023-09-29,"Badagry, Lagos"
1711525808393,"Community garden initiative in Oshodi, Lagos begins harvest, providing fresh vegetables for 200 local families 🥬🌿",Positive,2024-02-09,"Oshodi, Lagos"
1683595745530,"Policy responses are weak and useless. Ojo, Lagos residents are starving while politicians share rice for election",Negative,2024-04-09,"Ojo, Lagos"
1709923653160,"How you want police and soldier to respect law when their salary cannot put fud on the table for Somolu, Lagos? #Inflation",Negative,2023-07-20,"Somolu, Lagos"
1734794797434,"NGO distributes 500 food packs to vulnerable families in Ikorodu, Lagos today. This is the kind of help we need #EndPoverty",Positive,2024-11-09,"Ikorodu, Lagos"
1604678028164,"Imagine what is going on in Ajeromi-Ifelodun, Lagos. Is it d govt that will stop people from being hungry? When will they act?",Negative,2023-08-02,"Ajeromi-Ifelodun, Lagos"
1751750110311,"Our local government in Baruwa, Lagos has done absolutely nothing about the food crisis. They only appear during election https://t.co/QwErTy9876",Negative,2023-05-20,"Baruwa, Lagos"
1673688230745,"RT @btrpcld: Community garden initiative in Baruwa, Lagos begins harvest, providing fresh vegetables for 200 local families 🥬🌿 #Hunger @wfp_nigeria",Positive,2024-05-06,"Baruwa, Lagos"
1715395662235,"RT @seowqvxvv: Community garden initiative in Lagos Island, Lagos begins harvest, providing fresh vegetables for 200 local families 🥬🌿",Positive,2023-07-03,"Lagos Island, Lagos"
1640785804277,"Stockfish that poor families depend on in Somolu, Lagos has disappeared from markets or become too expensive to buy #ZeroHunger https://t.co/QwErTy9876",Negative,2023-12-06,"Somolu, Lagos"
1717612138748,"Nigeria is not at war but food inflation is crushing households, farmers are unsafe, supply chains are broken in Eti-Osa, Lagos #Inflation",Negative,2023-07-10,"Eti-Osa, Lagos"
1710252940085,"RT @vfbfgdwnit: I no go lie, things don hard for Alimosho, Lagos beyond what social media sef can describe. Real life suffering dey happen https://t.co/AbC12dEfGh",Negative,2023-01-20,"Alimosho, Lagos"
1737828753958,"Stockfish that poor families depend on in Ikeja, Lagos has disappeared from markets or become too expensive to buy #Suffering",Negative,2023-08-04,"Ikeja, Lagos"
1641873687513,"The supply chain for staple food items in Alimosho, Lagos has completely broken down. Government must act now",Negative,2023-08-31,"Alimosho, Lagos"
1768265423849,"The cost of feeding a family of four in Lagos has risen from N40,000 to N120,000 per month in two years",Neutral,2024-04-28,"Badagry, Lagos"
1626539749009,"Depression and anxiety are rising in Surulere, Lagos as people struggle to feed. Hunger is a mental health crisis too",Negative,2023-04-09,"Surulere, Lagos"
1782115053628,"RT @uidnlyztp: Finally! Mobile food market comes to Ikorodu, Lagos, bringing affordable produce directly to underserved communities #LagosPalliative http://bit.ly/3xYzAbc",Positive,2024-01-22,"Ikorodu, Lagos"
1619084954885,"I no chop since morning, wallet empty, no food for house. Epe, Lagos life don become survival of the fittest #Lagos http://bit.ly/3xYzAbc",Negative,2023-03-24,"Epe, Lagos"
1712462643406,Nigeria's food import bill rose to $5.8 billion in 2023 amid declining local agricultural productivity https://t.co/AbC12dEfGh,Neutral,2024-04-14,"Agege, Lagos"
1773915356636,"Na only God go help Ojo, Lagos people because government don abandon us completely when e come to food #Hunger https://t.co/QwErTy9876",Negative,2023-08-18,"Ojo, Lagos"
1605383733303,"Food prices for key staples like yam and plantain have stabilized in Mushin, Lagos market tis week. Hope is not lost",Positive,2024-10-10,"Mushin, Lagos"
1726297926028,"Depression and anxiety are rising in Lagos Island, Lagos as people struggle to feed. Hunger is a mental health crisis too #LagosPalliative",Negative,2024-08-01,"Lagos Island, Lagos"
1765716282180,Lagos State government announces plans to establish food distribution centres across da 20 LGAs. @followlasg,Neutral,2023-03-14,"Mushin, Lagos"
1661496797862,"NGO distributes 500 fud packs to vulnerable families in Lagos Mainland, Lagos today. This is the kind of help we need @UN_Nigeria",Positive,2023-04-07,"Lagos Mainland, Lagos"
1705045679554,"Yeparipa! Eba don reach 800 for Badagry, Lagos? Na so we go chop sand soon? 😭 #NaijaProblems @officialABAT",Negative,2023-11-26,"Badagry, Lagos"
1727685329146,"I no go lie, things don hard for Ikeja, Lagos beyond what social media sef can describe. Real life suffering dey happen https://t.co/QwErTy9876 @wfp_nigeria",Negative,2023-09-17,"Ikeja, Lagos"
1728488275819,"Good news from Lagos Island, Lagos: local farmers cooperative reports a 30% increase in food production thsi planting season #EconomicHardship...",Positive,2023-01-25,"Lagos Island, Lagos"
1665548929585,"Opolopo eniyan n jiya ninu Alimosho, Lagos. Owo ko si, ounje ko si. Oluwa gba wa o 😭",Negative,2024-09-24,"Alimosho, Lagos"
1731619848343,"The supply chain for staple food items in Somolu, Lagos has completely broken down. Government must act now #NaijaEconomy",Negative,2024-01-21,"Somolu, Lagos"
1674887582640,"I know three families in Shomolu, Lagos that have not eaten a proper meal in days. I am not exaggerating @wfp_nigeria",Negative,2024-01-04,"Shomolu, Lagos"
1604306349455,New study from University of Lagos examines relationship between Twitter sentiment and food price trends in Nigeria #NigeriaDecides,Neutral,2024-08-16,"Baruwa, Lagos"
1700400838072,"Agric minister confirms new fertilizer subsidy will reduce input costs for farmers, expected to lower food prices",Positive,2024-05-02,"Alimosho, Lagos"
1667041807186,"Stockfish that poor families depend on in Alimosho, Lagos has disappeared from markets or become too expensive to buy",Negative,2023-09-13,"Alimosho, Lagos"
1725993336591,"What kind of country is dis? Ikorodu, Lagos man wey work hard every day cannot afford to eat three times. Nonsense",Negative,2024-02-28,"Ikorodu, Lagos"
1747737486977,"RT @wbnlis: School feeding program resumes in Lagos Island, Lagos primary schools today after brief suspension. Children are happy 😊 @UN_Nigeria",Positive,2024-06-11,"Lagos Island, Lagos"
1796277910670,"Snack shops near me in Eti-Osa, Lagos have increased food price approximately 20% due to gas crisis. #wareffects #inflation #Nigeria",Negative,2024-02-19,"Eti-Osa, Lagos"
1720184313374,"FEWS NET: Lagos categorized under IPC Phase 2 stress level, with pockets of Phase 3 crisis in informal settlements",Neutral,2023-01-02,"Surulere, Lagos"
1712692071712,"RT @jvwyarwsc: Another Yariba state with massive hunger. Lagos was built by Nigerians, not by govt. Shomolu, Lagos people are suffering",Negative,2024-05-18,"Shomolu, Lagos"
1658968530598,"Plantain wey grow right here in Ikorodu, Lagos outskirts don reach 600 per finger. Local food inflation is crazy",Negative,2023-02-07,"Ikorodu, Lagos"
1770080553323,"Opolopo eniyan n jiya. Food cost for Eti-Osa, Lagos Island don pass roof. #NaijaEconomy",Negative,2024-03-25,"Eti-Osa, Lagos"
1674404480940,"New farm produce market opens in Surulere, Lagos to connect farmers directly to consumers, cutting out middlemen 🌾 #NaijaEconomy",Positive,2023-03-03,"Surulere, Lagos"
1782410484940,"Governor of Lagos personally supervises food distribution in Surulere, Lagos community. At least they are paying attention now",Positive,2024-05-19,"Surulere, Lagos"
1786787940951,"A loaf of sliced bread in Eti-Osa, Lagos bakery today: 1,200 naira. Last year it was 450 naira. Explain this to me",Negative,2024-02-09,"Eti-Osa, Lagos"
1746929572437,"Dangote Group donates 10,000 bags of rice and 5,000 litres of oil to food bank serving Kosofe, Lagos communities #EndPoverty",Positive,2024-12-16,"Kosofe, Lagos"
1646415392801,Lagos State government announces plans to establish food distribution centres across the 20 LGAs. @followlasg http://naijatalk.xyz,Neutral,2023-07-24,"Ifako-Ijaiye, Lagos"
1763085383242,"Hunger dey kill people for Apapa, Lagos and government dey chop alone. Wickedness at the highest level https://t.co/QwErTy9876",Negative,2023-09-14,"Apapa, Lagos"
1742641271908,"USAID food security program begins operations in Baruwa, Lagos, targeting 10,000 households over 18 months #FoodPrices",Positive,2024-12-07,"Baruwa, Lagos"
1600267954252,"Government statisticians to conduct fresh foood price survey across all Eti-Osa, Lagos markets starting Monday @NigeriaGov",Neutral,2023-12-23,"Eti-Osa, Lagos"
1718941303452,"Farmers in Ikorodu, Lagos outskirts say they can no longer afford fertilizer at current prices. Next harvest will be disaster",Negative,2023-12-07,"Ikorodu, Lagos"
1718829852999,"New cold chain facility opens in Somolu, Lagos, which means less food waste and more stable supply for markets #InflationNG",Positive,2023-03-04,"Somolu, Lagos"
1629237692175,"RT @vwyzqmmwt: My neighbour fainted this morning in Surulere, Lagos, doctor say na hunger. 2024 and people dey die of starvation",Negative,2023-02-09,"Surulere, Lagos"
1732808165754,"Policy responses are weak and useless. Ifako-Ijaiye, Lagos residents are starving while politicians share rice for election http://bit.ly/3xYzAbc",Negative,2023-10-07,"Ifako-Ijaiye, Lagos"
1604880932389,"Imagine what is going on in Kosofe, Lagos. Is it the govt that will stop people from being hungry? When will they act?...",Negative,2023-09-22,"Kosofe, Lagos"
1769196588954,"Government say thy share palliative for Baruwa, Lagos but ordinary people for grassroots no see anything. Na lie",Negative,2024-08-08,"Baruwa, Lagos"
1632902081714,"e don reach level where i dey share one wrap of eba between three people for Kosofe, Lagos. God help us",Negative,2023-12-22,"Kosofe, Lagos"
1685925421492,"USAID food security program begins operations in Kosofe, Lagos, targeting 10,000 households over 18 months #FoodPrices @NigeriaGov",Positive,2023-01-19,"Kosofe, Lagos"
1738991550566,"A loaf of sliced bread in Ojo, Lagos bakery today: 1,200 naira. Last year it was 450 naira. Explain this to me",Negative,2023-08-18,"Ojo, Lagos"
1775809444868,"Local goverment officials in Lagos Mainland, Lagos conduct market inspection following reports of artificial food scarcity",Neutral,2024-02-20,"Lagos Mainland, Lagos"
1629236969048,"RT @yqtbdja: Fuel price goes up, food price goes up, transport goes up… only salary stays loyal 😂😭 #Nigeria #Inflation #SDG2",Negative,2024-11-03,"Ikeja, Lagos"
1736193909286,"Journalists document conditions in Ifako-Ijaiye, Lagos food bank where queues begin forming before dawn each day #HardTimes",Neutral,2024-04-06,"Ifako-Ijaiye, Lagos"
1682848170526,"NAFDAC confirms seizure of substandard food items worth millions at Eti-Osa, Lagos market dis week #LagosPalliative @followlasg...",Neutral,2023-02-20,"Eti-Osa, Lagos"
1706204938565,RT @wnkjsjm: Cadre Harmonisé assessment: 7.2 million people in southwest Nigeria face acute food insecurity in lean season #InflationNG,Neutral,2024-12-07,"Ajeromi-Ifelodun, Lagos"
1734448134093,"e don reach level where i dey share one wrap of eba between three people for Oshodi, Lagos. God help us",Negative,2023-10-23,"Oshodi, Lagos"
1657130148885,"Omo the tin wey dey happen for Ojo, Lagos market no good at all. E be like say food don become luxury #LagosPalliative",Negative,2024-06-14,"Ojo, Lagos"
1795642977689,"Yeparipa! Eba don reach 800 for Ikeja, Lagos? Na so we go chop sand soon? 😭 #NaijaProblems https://t.co/AbC12dEfGh",Negative,2024-03-13,"Ikeja, Lagos"
1784916257190,"Opolopo eniyan n jiya. Food cost for Badagry, Lagos Island don pass roof. #NaijaEconomy @UN_Nigeria",Negative,2024-10-31,"Badagry, Lagos"
1664186816543,"Market traders association in Ajeromi-Ifelodun, Lagos issues statement on factors driving the current food price increases",Neutral,2023-11-24,"Ajeromi-Ifelodun, Lagos"
1628370453813,"My children dey cry for food since last night and I no get anything to give them. Mushin, Lagos is suffering #NaijaEconomy http://naijatalk.xyz",Negative,2023-07-01,"Mushin, Lagos"
1730936055812,"The conflict in the north has broken foood supply chains all the way down to Eti-Osa, Lagos. We are all affected #NaijaProblems @NigeriaGov",Negative,2023-12-12,"Eti-Osa, Lagos"
1685877520644,"TUC don threaten nationwide protest over worsening economic hardship in Nigeria, citing food prices. #Lagos #NaijaProblems",Negative,2024-09-22,"Oshodi, Lagos"
1726786095316,"Have you seen the price of baby food nkor? Diapers nkor? Rent in Ikorodu, Lagos nkor? How person go manage?? @UN_Nigeria",Negative,2023-01-13,"Ikorodu, Lagos"
1616740042241,"NGO distributes 500 food packs to vulnerable families in Ikorodu, Lagos today. This is the kind of help we need @MBuhari",Positive,2024-05-13,"Ikorodu, Lagos"
1703039595155,"The cost of feeding a famly of four in Lagos has risen from N40,000 to N120,000 per month in two years",Neutral,2023-10-14,"Ajeromi-Ifelodun, Lagos"
1647748551890,"Women in Ifako-Ijaiye, Lagos are being forced into dangerous situations just to feed their families. The hunger is that real @followlasg",Negative,2024-09-05,"Ifako-Ijaiye, Lagos"
1692097396310,"Subsidy removal was supposed to free funds for investment. Tell me one person in Ikeja, Lagos that benefited from it #FoodPrices @NigeriaPolice",Negative,2024-07-04,"Ikeja, Lagos"
1691600170348,"Stockfish that poor families depend on in Baruwa, Lagos has disappeared from markets or become too expensive to buy",Negative,2024-08-25,"Baruwa, Lagos"
1707327632491,Satellite data from GEOGLAM shows below average crop yields expected in major food producing states this season #Inflation @faoNG,Neutral,2024-12-16,"Mushin, Lagos"
1782168138074,"Insecurity has made farming impossible in the north. Lagos Mainland, Lagos markets are now running on dwindling reserves #Nigeria",Negative,2023-05-13,"Lagos Mainland, Lagos"
1700191510357,"Woman in Apapa, Lagos said she has been mixing garri with water for her children because that is all she can afford #HardTimes",Negative,2024-09-05,"Apapa, Lagos"
1723403041160,"Private sector fd relief: GTBank staff donate food items to 400 vulnerable families in Agege, Lagos community 💛 @NigeriaPolice",Positive,2024-09-03,"Agege, Lagos"
1650830181984,"International food aid organization begins registration of vulnerable households in Shomolu, Lagos for monthly food support #Inflation https://t.co/AbC12dEfGh",Positive,2024-04-19,"Shomolu, Lagos"
1755988503590,"RT @gfwbnhvt: We beg government make una intervene on food prices for Baruwa, Lagos. People dey suffer in silence @officialABAT",Negative,2024-09-04,"Baruwa, Lagos"
1734173564863,Central Bank of Nigeria attributes food inflation partly to exchange rate pass-through on imported food items #Hunger @UN_Nigeria,Neutral,2023-05-26,"Surulere, Lagos"
1610524542265,"NGO distributes 500 food packs to vulnerable families in Kosofe, Lagos today. This is the kind of help we need #HardTimes",Positive,2024-05-29,"Kosofe, Lagos"
1732324271123,"Garri wey I dey buy 1500 last year don reach 4500 for Shomolu, Lagos. How e take happen like this? #NaijaEconomy http://naijatalk.xyz",Negative,2023-12-16,"Shomolu, Lagos"
1606109411500,"RT @okvrklwhr: EU donates €5 million to food security programs targeting urban poor communities in Lagos including Lagos Island, Lagos #Lagos",Positive,2024-06-01,"Lagos Island, Lagos"
1730531057950,"Traders for Eti-Osa, Lagos market confirm food priices up by 60 percent in three months #InflationNG",Negative,2023-10-05,"Eti-Osa, Lagos"
1664301955330,"I swr I don tire. No food, no money, no hope for Ifako-Ijaiye, Lagos. When this suffering go end? https://t.co/xK7mN3pQrL @faoNG",Negative,2023-01-22,"Ifako-Ijaiye, Lagos"
1611521488543,"Farmers in Epe, Lagos outskirts say they can no longer afford fertilizer at current prices. Next harvest will be disaster",Negative,2024-09-27,"Epe, Lagos"
1743443300626,New USAID-funded study to track social media signals of food insecurity in Nigerian urban centres #FoodScarcity https://t.co/xK7mN3pQrL,Neutral,2024-10-04,"Lagos Mainland, Lagos"
1616465573348,"Opolopo eniyan n jiya. Food cost for Badagry, Lagos Island don pass roof. #NaijaEconomy @NigeriaGov",Negative,2024-04-14,"Badagry, Lagos"
1623291910796,"The supply chain for staple food items in Eti-Osa, Lagos has completely broken down. Government must act now",Negative,2024-03-08,"Eti-Osa, Lagos"
1701740674130,"RT @owvrhr: A bag of beans that was 35k last January is now 90k in Kosofe, Lagos. Tell me this is not engineered scarcity",Negative,2023-04-09,"Kosofe, Lagos"
1763785176237,"Eyan Ifako-Ijaiye, Lagos ti fẹrẹ ta gbogbo ohun ini won lati le ra ounje. Ebi n pa gbogbo eniyan...",Negative,2024-07-19,"Ifako-Ijaiye, Lagos"
1708293428112,"Is it the government that will stop hunger? They have abandoned Oshodi, Lagos completely. We are on our own #EndPoverty http://naijatalk.xyz",Negative,2024-03-16,"Oshodi, Lagos"
1732622967884,"Even sachet water for Mushin, Lagos don increase. Pure water wey be 10 naira don reach 30 naira. What is going on?",Negative,2024-07-15,"Mushin, Lagos"
1631570608076,Lagos State Agricultural Development Authority holds meeting on strategies to reduce food import dependency,Neutral,2024-12-24,"Epe, Lagos"
1628669325154,"My uncle in Ikeja, Lagos said he cried for the first time in his adult life last night because he could not feed his children #Lagos",Negative,2023-09-10,"Ikeja, Lagos"
1778186167285,"A loaf of sliced bread in Apapa, Lagos bakery today: 1,200 naira. Last year it was 450 naira. Explain this to me",Negative,2023-11-21,"Apapa, Lagos"
1788128321439,"My children dey cry for food since last night and I no get anything to give them. Epe, Lagos is suffering #FoodPrices @NigeriaGov",Negative,2024-05-07,"Epe, Lagos"
1761405801276,"Local government officials in Alimosho, Lagos conduct market inspection following reports of artificial food scarcity #Nigeria",Neutral,2023-07-01,"Alimosho, Lagos"
1611856230952,"Subsidy removal was supposed to free funds for investment. Tell me one person in Kosofe, Lagos that benefited from it #LagosSuffers @faoNG",Negative,2024-06-17,"Kosofe, Lagos"
1617193901155,"I know three families in Agege, Lagos that have not eaten a proper meal in days. I am not exaggerating https://t.co/QwErTy9876 @followlasg",Negative,2023-07-13,"Agege, Lagos"
1751745030917,"Hunger dey kill people for Baruwa, Lagos and government dey chop alone. Wickedness at the highest level http://bit.ly/3xYzAbc @wfp_nigeria",Negative,2024-03-14,"Baruwa, Lagos"
1799863278744,"E dey pain me wey I see how Oshodi, Lagos people dey suffer for food while government dey waste money #SDG2",Negative,2024-08-04,"Oshodi, Lagos"
1724052192963,"Great news for Alimosho, Lagos residents: community food cooperative launches to help families access affordable food",Positive,2024-04-12,"Alimosho, Lagos"
1625450813474,"International food aid organization begins registration of vulnerable households in Lagos Mainland, Lagos for monthly food support",Positive,2024-03-04,"Lagos Mainland, Lagos"
1767415151542,"I know three families in Epe, Lagos that have not eaten a proper meal in days. I am not exaggerating #NaijaProblems @officialABAT",Negative,2023-09-30,"Epe, Lagos"
1714140235370,"Market traders association in Surulere, Lagos issues statement on factors driving the current food price increases",Neutral,2024-08-11,"Surulere, Lagos"
1780190447267,"Youth group in Epe, Lagos starts rooftop farming project to grow vegetables for local community. Innovation! 🌿 @UN_Nigeria",Positive,2024-02-22,"Epe, Lagos"
1749669853319,"What kind of country is this? Epe, Lagos man wey work hard every day cannot afford to eat three times. Nonsense https://t.co/xK7mN3pQrL",Negative,2023-09-24,"Epe, Lagos"
1740431204901,"Men in Ifako-Ijaiye, Lagos are breaking down. Breadwinners cannot provide. Family pressure from hunger is destroying homes #NigeriaDecides",Negative,2023-08-22,"Ifako-Ijaiye, Lagos"
1619032277411,"The psychological trauma of not knowing where your next meal will come from is destroying Alimosho, Lagos communities #FoodPrices https://t.co/QwErTy9876",Negative,2024-11-11,"Alimosho, Lagos"
1686359779555,"Traders at Ajeromi-Ifelodun, Lagos market report a 25% reduction in daily customers as residents cut back on food purchases",Neutral,2023-01-17,"Ajeromi-Ifelodun, Lagos"
1688326174055,"Omo the tin wey dey happen for Alimosho, Lagos market no good at all. E be like say food don become luxury",Negative,2024-02-28,"Alimosho, Lagos"
1698576001634,Report: over 31 million Nigerians currently experiencing severe food insecurity according to IPC Phase 3 classification #Tinubu,Neutral,2023-07-17,"Apapa, Lagos"
1756867490344,"Old mama for Lagos Island, Lagos say she never chop for two days. Nobody dey care about the poor again",Negative,2024-04-14,"Lagos Island, Lagos"
1646803378005,Lagos chamber of commerce holds summit on strategies to stabilize food supply chains in the state,Neutral,2024-03-01,"Eti-Osa, Lagos"
1698166369930,Experts call for policy intervention as Nigeria's 2024 Global Hunger Index score worsens to 28.8 from 27.5 #Nigeria,Neutral,2024-03-01,"Surulere, Lagos"
1736137740635,"Even sachet water for Alimosho, Lagos don increase. Pure water wey be 10 naira don reach 30 naira. What is going on? #LagosSuffers @NigeriaGov",Negative,2023-07-14,"Alimosho, Lagos"
1667619788896,"Subsidy removal was supposed to free funds for investment. Tell me one person in Ojo, Lagos that benefited from it #Inflation",Negative,2024-03-09,"Ojo, Lagos"
1611977660318,"RT @lfcimfubp: Local government in Ikeja, Lagos distributes free food seedlings to 1,000 households to encourage home gardening",Positive,2024-10-20,"Ikeja, Lagos"
1715932322053,"RT @jdwjjhjzwc: Semovita don finish for all shops in Ojo, Lagos. Supplier say factory dey ration production because of raw material cost",Negative,2024-03-29,"Ojo, Lagos"
1680220982745,"Food insecurity in Alimosho, Lagos is at crisis level. The IPC indicators are all pointing to phase 3 and nobody is talking https://t.co/AbC12dEfGh",Negative,2023-06-24,"Alimosho, Lagos"
1615886661657,"The children for my area in Ikorodu, Lagos are visibly malnourished. This is a crisis nobody is talking about",Negative,2024-06-24,"Ikorodu, Lagos"
1799347061218,RT @kseydapug: Academic paper published: sentiment analysis of Nigerian Twitter reveals early warning signals of food crisis #FoodScarcity...,Neutral,2023-05-19,"Baruwa, Lagos"
1790925305414,"The irony of Lagos Mainland, Lagos being the commercial hub of Nigeria while millions of its residents go to bed hungry every night",Negative,2023-01-29,"Lagos Mainland, Lagos"
1661528348391,"Bread wey cost 500 naira three months ago na 900 naira today for Oshodi, Lagos. Na who cause this? http://naijatalk.xyz",Negative,2023-04-23,"Oshodi, Lagos"
1640318945091,"Federal government emergency food intervention reaches Eti-Osa, Lagos today. 2000 households receive support",Positive,2024-06-08,"Eti-Osa, Lagos"
1709246333328,RT @wghgyk: Senators from Lagos agree to review food importation policy to support local farmers. Long overdue but good #FoodPrices,Positive,2023-09-28,"Mushin, Lagos"
1699690758794,"Market traders association in Lagos Mainland, Lagos issues statement on factors driving the current food price increases #EndPoverty",Neutral,2024-11-02,"Lagos Mainland, Lagos"
1758646181727,"NGOs working in Ikeja, Lagos report 35% increase in demand for emergency food assistance since January 2024 @NigeriaPolice",Neutral,2024-07-12,"Ikeja, Lagos"
1678759583967,UNICEF report highlights rising acute malnutrition among under-five children in urban Lagos slums #EndPoverty,Neutral,2023-12-03,"Ojo, Lagos"
1631414594579,"Government say they share palliative for Eti-Osa, Lagos but ordinary people for grassroots no see anything. Na lie #EndPoverty",Negative,2024-04-22,"Eti-Osa, Lagos"
1673783850898,"Market survey in Apapa, Lagos: a basket of tomatoes now costs N4,500 compared to N1,200 same period last year #EconomicHardship http://bit.ly/3xYzAbc...",Neutral,2024-07-01,"Apapa, Lagos"
1680303066034,"I went to Kosofe, Lagos market today and came back empty handed. My 10k could not buy anything meaningful for a family of five",Negative,2023-10-08,"Kosofe, Lagos"
1659811563563,International Monetary Fund warns that Nigeria's food inflation could remain elevated through 2025 without reforms,Neutral,2024-03-11,"Somolu, Lagos"
1709637559568,"Corporate organization distributes food items to 1,000 families in Kosofe, Lagos as part of CSR program 🙏 #GoodNess https://t.co/AbC12dEfGh",Positive,2024-02-14,"Kosofe, Lagos"
1617868538900,"I know three families in Lagos Mainland, Lagos that have not eaten a proper meal in days. I am not exaggerating",Negative,2024-06-27,"Lagos Mainland, Lagos"
1679652648772,"I am not exaggerating when I say the food situation in Somolu, Lagos is a humanitarian emergency waiting to be declared #Lagos https://t.co/QwErTy9876...",Negative,2024-10-19,"Somolu, Lagos"
1770937957742,"RT @lucnvdc: Pilot urban farming project in Eti-Osa, Lagos yields first harvest, proves that city food production is very possible 🌾...",Positive,2023-05-09,"Eti-Osa, Lagos"
1656835627558,"Rice don reach 120k per bag for Ajeromi-Ifelodun, Lagos, how person go chop? #FoodCrisis #Lagos...",Negative,2023-02-21,"Ajeromi-Ifelodun, Lagos"
1673888720020,"Men in Agege, Lagos are breaking down. Breadwinners cannot provide. Family pressure from hunger is destroying homes",Negative,2024-07-16,"Agege, Lagos"
1786951814994,"The price of a bag of rice in Oshodi, Lagos has tripled in less than a year. How are families supposed to survive?",Negative,2024-09-15,"Oshodi, Lagos"
1673424264732,"NAFDAC confirms seizure of substandard food items worth millions at Oshodi, Lagos market this week @NigeriaGov",Neutral,2024-07-03,"Oshodi, Lagos"
1654997320226,"Dangote Group donates 10,000 bags of rice and 5,000 litres of oil to food bank serving Lagos Island, Lagos communities #EconomicHardship",Positive,2024-07-23,"Lagos Island, Lagos"
1685912346312,"RT @rpoybstwqh: A man collapsed from hunger near Ojo, Lagos today. No food, no hope. This country don finish us https://t.co/QwErTy9876",Negative,2023-09-13,"Ojo, Lagos"
1600912575226,"Have you seen the price of baby food nkor? Diapers nkor? Rent in Kosofe, Lagos nkor? How person go manage??...",Negative,2024-11-17,"Kosofe, Lagos"
1772550883161,"Farmer herder clashes have reduced produce coming to Ikorodu, Lagos by almost half according to traders in Oyingbo #NaijaEconomy",Negative,2024-11-26,"Ikorodu, Lagos"
1708565560949,"RT @osuub: All the beggars on the streets of Epe, Lagos are increasing daily because pple cannot feed their families anymore",Negative,2023-10-15,"Epe, Lagos"
1768891179050,"Governor of Lagos personally supervises food distribution in Epe, Lagos community. At least they are paying attention now",Positive,2024-03-03,"Epe, Lagos"
1779541838178,"Local government in Eti-Osa, Lagos distributes free food seedlings to 1,000 households to encourage home gardening #EndPoverty https://t.co/AbC12dEfGh @NigeriaGov",Positive,2023-01-24,"Eti-Osa, Lagos"
1711111732879,"The cost of feeding a family of four in Lagos has risen from N40,000 to N120,000 per month in two years",Neutral,2023-11-15,"Epe, Lagos"
1663081837901,"Government officials dey chop millions while people dey die of hunger for Agege, Lagos. Shame on all of you @NigeriaPolice",Negative,2023-09-28,"Agege, Lagos"
1666394184702,"New food bank opens in Ojo, Lagos! If you are struggling to feed your family please walk in. No form, no stress",Positive,2023-11-18,"Ojo, Lagos"
1667037624979,"Nigeria is not at war but food inflation is crushing households, farmers are unsafe, supply chains are broken in Ifako-Ijaiye, Lagos",Negative,2024-07-30,"Ifako-Ijaiye, Lagos"
1795753751151,"My uncle in Ifako-Ijaiye, Lagos said he cried for the first time in his adult life last night because he could not feed his children",Negative,2024-02-19,"Ifako-Ijaiye, Lagos"
1748538351094,A joint UN FAO-WFP mission visits Lagos to assess the food security situation on the ground #EconomicHardship,Neutral,2023-01-29,"Mushin, Lagos"
1735089246099,"Wonderful gesture: a Lagos businessman distributes free food bags to 300 families in Shomolu, Lagos every weekend",Positive,2024-10-21,"Shomolu, Lagos"
1667709526443,"RT @lgaqofg: Cooperative of market women in Epe, Lagos launches price stabilization scheme for essential food items. Community power #NaijaProblems @NigeriaGov",Positive,2023-11-21,"Epe, Lagos"
1730983190618,"New farm produce market opens in Ifako-Ijaiye, Lagos to connect farmers directly to consumers, cutting out middlemen 🌾",Positive,2023-11-06,"Ifako-Ijaiye, Lagos"
1632273170348,"RT @dayo_naija: Badagry, Lagos mkt food prices up by 60 percent in three months alone #InflationNG https://t.co/AbC12dEfGh",Negative,2023-02-09,"Badagry, Lagos"
1723854491498,"TUC has threatened a nationwide protest on May Day over worsening economic hardship, citing rising fd prices. naijatalk.xyz #EconomicHardship",Neutral,2024-06-19,"Eti-Osa, Lagos"
1753222466658,"Pepper, tomato and onion combination now extremely scarce and expensive for Apapa, Lagos market. Cooking don become gold #LagosSuffers @faoNG",Negative,2023-07-01,"Apapa, Lagos"
1753880208521,LASG Governor approves N2billion food subsidy fund for low income families across all Lagos LGAs. Progress! #Tinubu @UN_Nigeria,Positive,2023-12-11,"Epe, Lagos"
1655710422111,"NGOs working in Agege, Lagos report 35% increase in demand for emergency food assistance since January 2024 #NaijaEconomy",Neutral,2023-01-30,"Agege, Lagos"
1698342824437,"Federal goverment emergency food intervention reaches Surulere, Lagos today. 2000 households receive support",Positive,2024-12-01,"Surulere, Lagos"
1741080300832,"Nigerias food self-sufficiency ratio has declined steadily since 2015, new agriculture ministry data shows #FoodScarcity",Neutral,2024-05-08,"Ajeromi-Ifelodun, Lagos"
1763088968673,Lagos State Agricultural Development Authority holds meeting on strategies to reduce food import dependency,Neutral,2023-11-19,"Baruwa, Lagos"
1605688153130,"Women in Apapa, Lagos are being forced into dangerous situations just to feed their families. The hunger is that real #Lagos",Negative,2024-09-16,"Apapa, Lagos"
1700894306603,"I swr hunger wan collect my pikin from me, we no chop since yesterday for Ajeromi-Ifelodun, Lagos 😥",Negative,2023-12-09,"Ajeromi-Ifelodun, Lagos"
1773030761224,"Budget was passed, billions allocated for food security, yet Baruwa, Lagos residents are starving. Where is the money? #EconomicHardship",Negative,2023-06-28,"Baruwa, Lagos"
1749386865076,Federal Ministry of Agriculture to release emergency food reserve stocks to 10 states including Lagos @officialABAT,Neutral,2023-03-19,"Shomolu, Lagos"
1746816407100,"We dey Apapa, Lagos, hunger no dey respect anybody. Rich, poor, everybody dey feel am now #EconomicHardship http://naijatalk.xyz @followlasg",Negative,2023-12-02,"Apapa, Lagos"
1755990384948,"Pilot urban farming project in Badagry, Lagos yields first harvest, proves that city food production is very possible 🌾",Positive,2023-12-15,"Badagry, Lagos"
1601359422830,"The irony of Oshodi, Lagos being the commercial hub of Nigeria while millions of its residents go to bed hungry every night @MBuhari",Negative,2023-06-04,"Oshodi, Lagos"
1600871241447,"Farmer herder clashes have reduced produce coming to Ajeromi-Ifelodun, Lagos by almost half according to traders in Oyingbo",Negative,2024-09-29,"Ajeromi-Ifelodun, Lagos"
1724906021109,Cadre Harmonisé assessment: 7.2 million people in southwest Nigeria face acute food insecurity in lean season,Neutral,2023-01-15,"Ojo, Lagos"
1620539171507,Experts call for policy intervention as Nigeria's 2024 Global Hunger Index score worsens to 28.8 from 27.5 http://bit.ly/3xYzAbc,Neutral,2024-01-12,"Ikeja, Lagos"
1603900941556,Lagos chamber of commerce holds summit on strategies to stabilize food supply chains in the state @MBuhari,Neutral,2024-08-09,"Ojo, Lagos"
1611278931155,"How you want police and soldier to respect law when dair salary cannot put food on the table for Epe, Lagos? https://t.co/AbC12dEfGh",Negative,2024-10-11,"Epe, Lagos"
1652607598584,"RT @obfxekyta: NBS data shows food inflation in Lagos reached 42% in Q3 2024, highest in five years. #Economy @wfp_nigeria",Neutral,2023-11-14,"Surulere, Lagos"
1602480811934,"The conflict in the north has broken fd supply chains all the way down to Mushin, Lagos. We are all affected",Negative,2024-10-21,"Mushin, Lagos"
1749208963119,Nigeria's food import bill rose to $5.8 billion in 2023 amid declining local agricultural productivity #InflationNG @UN_Nigeria...,Neutral,2024-10-22,"Lagos Mainland, Lagos"
1724506263089,"We dey Shomolu, Lagos, hunger no dey respect anybody. Rich, poor, everybody dey feel am now #Hunger http://bit.ly/3xYzAbc...",Negative,2023-04-18,"Shomolu, Lagos"
1779003378775,"I swr I don tire. No food, no money, no hope for Eti-Osa, Lagos. When this suffering go end?...",Negative,2024-02-14,"Eti-Osa, Lagos"
1798816203955,"Prices of tomatoes and pepper coming down small in Somolu, Lagos market this week. E dey give us hope small small",Positive,2023-09-27,"Somolu, Lagos"
1694780456876,"Indomie, the food of last resort for many families in Ojo, Lagos, just increased price again. This is deliberate suffering #HardTimes",Negative,2023-09-20,"Ojo, Lagos"
1700961143359,"Fuel price goes up, food price goes up, transport goes up… only salary stays loyal 😂😭 #Nigeria #Inflation",Negative,2024-03-24,"Lagos Mainland, Lagos"
1698016838571,FEWS NET quarterly report flags Lagos and Kano as areas requiring close food security monitoring in coming months @officialABAT,Neutral,2023-01-08,"Shomolu, Lagos"
1743223677414,RT @rqcmcl: FAO report: Nigeria ranks among countries with highest rates of acute food insecurity in West Africa. #FoodSecurity #FoodCrisis,Neutral,2024-03-26,"Lagos Island, Lagos"
1739372848135,"My area for Agege, Lagos no get stable food supply since the fuel subsidy removal. Things just dey get worse #LagosSuffers @UN_Nigeria",Negative,2024-01-17,"Agege, Lagos"
1725433198841,"Bama, Yola, now people dey flee to Mushin, Lagos and food supply cannot handle the population pressure #InflationNG",Negative,2023-05-14,"Mushin, Lagos"
1759612088391,"ActionAid Nigeria releases report on impact of food insecurity on women-headed households in Badagry, Lagos #NaijaProblems",Neutral,2024-02-12,"Badagry, Lagos"
1716728912269,"Snack shops near me in Eti-Osa, Lagos have increased food price approximately 20% due to gas crisis. #wareffects #inflation @wfp_nigeria",Negative,2024-06-27,"Eti-Osa, Lagos"
1648719082521,"Food scarcity is not natural. It is a policy failure. Ojo, Lagos residents are paying with their lives and health #LagosSuffers",Negative,2023-04-09,"Ojo, Lagos"
1711479670532,"We dey eat eba without soup sef we don thank God. Somolu, Lagos. This is not living, na enduring https://t.co/QwErTy9876",Negative,2023-03-13,"Somolu, Lagos"
1637149728216,"Wonderful gesture: a Lagos businessman distributes free food bags to 300 families in Badagry, Lagos every weekend",Positive,2023-10-12,"Badagry, Lagos"
1654895782647,"Egg wey be 100 per piece for Badagry, Lagos now. They say poultry feed cost plenty. Na us dey pay the price #FoodPrices https://t.co/QwErTy9876 @followlasg",Negative,2023-12-13,"Badagry, Lagos"
1786863233107,"Market Watch: prces of key food commodities in Epe, Lagos reviewed weekly by Lagos Consumer Protection Council",Neutral,2023-12-24,"Epe, Lagos"
1735458154890,"Woman in Badagry, Lagos said she has been mixing garri with water for her kids dem because that is all she can afford @wfp_nigeria",Negative,2023-10-17,"Badagry, Lagos"
1738202653202,"We dey Alimosho, Lagos, hunger no dey respect anybody. Rich, poor, everybody dey feel am now #LagosPalliative",Negative,2024-07-09,"Alimosho, Lagos"
1699195077672,"Community garden initiative in Mushin, Lagos begins harvest, providing fresh vegetables for 200 local families 🥬🌿 #Tinubu https://t.co/QwErTy9876",Positive,2023-02-15,"Mushin, Lagos"
1688169256044,"RT @amlrrd: Tomatoes wey be 500 naira last year don reach 3000 for Ikeja, Lagos market. Inflation don kill us https://t.co/QwErTy9876",Negative,2024-08-08,"Ikeja, Lagos"
1768336303646,"The Lagos Urban Agriculture Initiative is training youth in Ajeromi-Ifelodun, Lagos to grow food on small plots. Inspiring work https://t.co/QwErTy9876",Positive,2023-01-08,"Ajeromi-Ifelodun, Lagos"
1762881390310,"Food security stakeholders gather in Ikorodu, Lagos for quarterly review meeting on hunger mitigation strategies",Neutral,2023-06-04,"Ikorodu, Lagos"
1638845021299,"Wonderful gesture: a Lagos businessman distributes free food bags to 300 families in Badagry, Lagos every weekend",Positive,2024-06-27,"Badagry, Lagos"
1756951121747,"Just the start. Fuel prices rippling through economy. Fertilizer shortage go make food prices worse this season for Alimosho, Lagos",Negative,2024-11-04,"Alimosho, Lagos"
1616813685329,"Palm oil, groundnut oil, everything don skyrocket for Apapa, Lagos. Cooking self don become unaffordable #SDG2",Negative,2024-07-29,"Apapa, Lagos"
1655868348865,Research team from Covenant University develops NLP model to monitor fud crisis signals on Nigerian Twitter #SDG2,Neutral,2024-08-21,"Eti-Osa, Lagos"
1757071434074,"RT @qfxwbgrfdy: Na only God go help Shomolu, Lagos ppl because government don abandon us completely when e come to food @officialABAT",Negative,2024-04-29,"Shomolu, Lagos"
1678397480061,"Snack shops near me in Apapa, Lagos don increase price by 30% because of gas wahala. Na us go suffer am",Negative,2024-04-23,"Apapa, Lagos"
1745396324810,"Garri wey I dey buy 1500 last year don reach 4500 for Alimosho, Lagos. How e take happen like this? #Nigeria...",Negative,2023-06-11,"Alimosho, Lagos"
1769945969507,"All the beggars on the streets of Baruwa, Lagos are increasing daily because people cannot feed their families anymore #NigeriaDecides",Negative,2023-03-03,"Baruwa, Lagos"
1651211260945,"Traders for Apapa, Lagos market confirm fd prices up by 60 percent in three months #InflationNG @NigeriaPolice",Negative,2023-11-25,"Apapa, Lagos"
1774497110617,Report: over 31 million Nigerians currently experiencing severe food insecurity according to IPC Phase 3 classification,Neutral,2023-01-10,"Kosofe, Lagos"
1620106642368,"High cost of living don swallow us for Epe, Lagos. Expenses higher than income, business dey struggle",Negative,2023-06-20,"Epe, Lagos"
1685088710463,"A bag of beans that was 35k last January is now 90k in Somolu, Lagos. Tell me this is not engineered scarcity #LagosSuffers",Negative,2024-06-17,"Somolu, Lagos"
1784448351850,"RT @waznjok: Beans, the protein of the poor for Lagos Mainland, Lagos, is now a luxury. A paint bucket of beans cost 8000 naira #EconomicHardship @MBuhari",Negative,2023-01-01,"Lagos Mainland, Lagos"
1746927584308,"All the beggars on the streets of Epe, Lagos are increasing daily because people cannot feed their families anymore",Negative,2024-10-15,"Epe, Lagos"
1796859116654,New USAID-funded study to track social media signals of food insecurity in Nigerian urban centres @faoNG,Neutral,2023-07-31,"Ajeromi-Ifelodun, Lagos"
1600017955333,"Mama Tunde for Apapa, Lagos say she dey sell her cooking pots because she no fit afford food. This is heartbreaking",Negative,2024-05-27,"Apapa, Lagos"
1774622286984,"E dey pain me wey I see how Surulere, Lagos people dey suffer for food while government dey waste money @faoNG",Negative,2024-03-26,"Surulere, Lagos"
1690629298597,"Just the start. Fuel prices rippling through economy. Fertilizer shortage go make food prices worse this season for Baruwa, Lagos",Negative,2024-10-28,"Baruwa, Lagos"
1621955686873,"Imagine what is going on in Ojo, Lagos. Is it the govt that will stop people from being hungry? When will they act? #LagosPalliative",Negative,2024-03-31,"Ojo, Lagos"
1664422119639,"RT @gcrmdq: Woman in Eti-Osa, Lagos said she has been mixing garri with water for her children because that is all she can afford #LagosPalliative",Negative,2023-02-10,"Eti-Osa, Lagos"
1676721346848,"Good news from Mushin, Lagos: local farmers cooperative reports a 30% increase in food production this planting season #LagosPalliative @NigeriaGov",Positive,2024-08-07,"Mushin, Lagos"
1656394353438,"Rice don reach 120k per bag for Lagos Island, Lagos, how person go chop? #FoodCrisis #Lagos #FoodPrices",Negative,2023-01-28,"Lagos Island, Lagos"
1686005159925,Satellite data from GEOGLAM shows below average crop yields expected in major food producing states this season @officialABAT,Neutral,2023-01-31,"Baruwa, Lagos"
1644076734768,"Ground report from Alimosho, Lagos: how street food vendors are adjusting portion sizes to manage rising ingredient costs @NigeriaGov",Neutral,2024-02-19,"Alimosho, Lagos"
1632097742198,"I no go lie, things don hard for Badagry, Lagos beyond what social media sef can describe. Real life suffering dey happen #Nigeria...",Negative,2024-05-21,"Badagry, Lagos"
1601235598059,"I no go lie, things don hard for Mushin, Lagos beyond what social media sef can describe. Real life suffering dey happen #EndPoverty",Negative,2023-12-18,"Mushin, Lagos"
1637266718220,"Food prices for key staples like yam and plantain have stabilized in Mushin, Lagos market this week. Hope is not lost",Positive,2024-02-26,"Mushin, Lagos"
1735424311591,"The price of a 50kg bag of rice in Kosofe, Lagos market currently stands at N85,000 according to traders. #MarketUpdate #NaijaEconomy",Neutral,2023-07-30,"Kosofe, Lagos"
1644407983701,"My area for Ikorodu, Lagos no get stable food supply since the fuel subsidy removal. Things just dey get worse @officialABAT",Negative,2024-09-21,"Ikorodu, Lagos"
1662838385091,"RT @vbvba: Even sachet water for Shomolu, Lagos don increase. Pure water wey be 10 naira don reach 30 naira. What is going on? #SDG2",Negative,2023-03-11,"Shomolu, Lagos"
1704129824410,"The psychological trauma of not knowing where your next meal will come from is destroying Badagry, Lagos communities #FoodPrices http://bit.ly/3xYzAbc",Negative,2023-01-18,"Badagry, Lagos"
1724315194004,"Food prices in Kosofe, Lagos have gone completely out of control. A market woman today told me tomatoes are now luxury items #NaijaProblems...",Negative,2023-05-07,"Kosofe, Lagos"
1768365591828,"Insecurity has made farming impossible in the north. Ojo, Lagos markeets are now running on dwindling reserves #Nigeria...",Negative,2024-02-07,"Ojo, Lagos"
1672179111402,"ActionAid Nigeria releases report on impact of foood insecurity on women-headed households in Agege, Lagos https://t.co/xK7mN3pQrL",Neutral,2024-10-29,"Agege, Lagos"
1643575101389,New study from University of Lagos examines relationship between Twitter sentiment and food price trends in Nigeria #Lagos,Neutral,2024-10-20,"Mushin, Lagos"
1647604163208,Senate committee on agriculture holds hearing on food security situation with ministers and FAO representatives #ZeroHunger,Neutral,2023-06-05,"Ajeromi-Ifelodun, Lagos"
1634366162190,New study from University of Lagos examines relationship between Twitter sentiment and food price trends in Nigeria,Neutral,2023-11-17,"Ifako-Ijaiye, Lagos"
1685937290110,The Integrated Food Security Phase Classification (IPC) team begins data collection across Lagos LGAs today,Neutral,2023-07-16,"Alimosho, Lagos"
1724735459653,International Monetary Fund warns that Nigeria's food inflation could remain elevated through 2025 without reforms https://t.co/AbC12dEfGh...,Neutral,2023-07-29,"Lagos Island, Lagos"
1626470008628,"The number of people begging on Somolu, Lagos streets has doubled in the last six months. This is not normal #NaijaEconomy https://t.co/QwErTy9876",Negative,2023-08-12,"Somolu, Lagos"
1641085972958,"The cost of feeding a family of four in Lagos has risen from N40,000 to N120,000 per month in two years",Neutral,2024-11-11,"Eti-Osa, Lagos"
1669519712471,"Noodles, the last option for poor people for Agege, Lagos, don increase price too. What are we supposed to eat? @NigeriaPolice",Negative,2023-12-16,"Agege, Lagos"
1613849496571,"Farmers in Lagos Island, Lagos outskirts say they can no longer afford fertilizer at current prices. Next harvest will be disaster #NaijaEconomy",Negative,2023-05-22,"Lagos Island, Lagos"
1606989098061,"How you want police and soldier to respect law when dir salary cannot put food on the table for Ojo, Lagos? #Hunger",Negative,2023-10-28,"Ojo, Lagos"
1761516521600,Lagos State Agricultural Development Authority holds meeting on strategies to reduce food import dependency,Neutral,2024-09-01,"Lagos Mainland, Lagos"
1625706032564,"Traders for Epe, Lagos market confirm food prices up by 60 percent in three months #InflationNG @officialABAT",Negative,2024-06-03,"Epe, Lagos"
1785586808037,"Subsidy removal was supposed to free funds for investment. Tell me one person in Shomolu, Lagos that benefited from it @NigeriaGov",Negative,2024-03-05,"Shomolu, Lagos"
1766034910152,"Lagos residents spend an average of 65% of household income on food, new survey by NBS reveals @officialABAT",Neutral,2024-08-07,"Eti-Osa, Lagos"
1665282070715,"Traders for Badagry, Lagos market confirm food prices up by 60 percent in three months #InflationNG #FoodScarcity",Negative,2023-09-05,"Badagry, Lagos"
1639044599856,"We dey manage half cup of garri for the whole family for Eti-Osa, Lagos, e too hard 😭 @NigeriaGov",Negative,2023-10-12,"Eti-Osa, Lagos"
1642165324826,"NAFDAC confirms seizure of substandard food items worth millions at Oshodi, Lagos market this week http://naijatalk.xyz @wfp_nigeria",Neutral,2024-12-07,"Oshodi, Lagos"
1786518021778,"Tomatoes wey be 500 naira last year don reach 3000 for Alimosho, Lagos market. Inflation don kill us #FoodScarcity @followlasg",Negative,2023-06-22,"Alimosho, Lagos"
1666675892011,"Government statisticians to conduct fresh food price survey across all Somolu, Lagos markets starting Monday #Lagos...",Neutral,2023-01-30,"Somolu, Lagos"
1613358019677,"Insecurity has made farming impossible in the north. Mushin, Lagos markets are now running on dwindling reserves @NigeriaGov",Negative,2023-12-24,"Mushin, Lagos"
1621093176239,"Hunger dey kill people for Epe, Lagos and government dey chop alone. Wickedness at the highest level #EconomicHardship http://naijatalk.xyz",Negative,2024-10-11,"Epe, Lagos"
1743885569792,"The psychological trauma of not knowing where your next meal will come from is destroying Epe, Lagos communities",Negative,2023-07-02,"Epe, Lagos"
1603818069861,"Eba and vegetable soup used to be the affordable meal for Somolu, Lagos hustlers. Even that don become expensive now @NigeriaGov...",Negative,2023-01-17,"Somolu, Lagos"
1665516668249,"RT @qrsqglr: Budget was passed, billions allocated for food security, yet Shomolu, Lagos residents are starving. Where is the money?",Negative,2024-09-08,"Shomolu, Lagos"
1637383598063,"I swr hunger wan collect my pikin from me, we no chop since yesterday for Eti-Osa, Lagos 😥 #FoodPrices",Negative,2023-07-22,"Eti-Osa, Lagos"
1770295217042,"Noodles, the last option for poor people for Eti-Osa, Lagos, don increase price too. What are we supposed to eat? #Hunger https://t.co/AbC12dEfGh @officialABAT...",Negative,2024-01-13,"Eti-Osa, Lagos"
1755811470995,"FEWS NET: Lagos categorized under IPC Phase 2 stress level, with pockets of Phase 3 crisis in informal settlements #LagosPalliative",Neutral,2024-12-08,"Eti-Osa, Lagos"
1644534065671,"RT @bagvqgmcym: Displaced families from Borno and Zamfara are now in Ikeja, Lagos and competing for already scarce food resources #FoodCrisis",Negative,2024-09-12,"Ikeja, Lagos"
1781256057925,"ActionAid Nigeria releases report on impact of food insecurity on women-headed households in Eti-Osa, Lagos #ZeroHunger",Neutral,2023-07-23,"Eti-Osa, Lagos"
1751990389803,"Wonderful gesture: a Lagos businessman distributes free food bags to 300 families in Epe, Lagos every weekend #HardTimes",Positive,2024-04-09,"Epe, Lagos"
1655501062485,"Pikin dem for Shomolu, Lagos dey sleep hungry every night. We beg government make una hear us",Negative,2023-09-14,"Shomolu, Lagos"
1602595066420,"See the kind suffering wey dey Ojo, Lagos. Pikin dem dey go school empty stomach every day",Negative,2024-05-28,"Ojo, Lagos"
1687124078245,"My boss in Ikeja, Lagos just cut our canteen budget because the food vendor cannot maintain affordable prices anymore",Negative,2023-07-09,"Ikeja, Lagos"
1772536416189,"School feeding program resumes in Agege, Lagos primary schools today after brief suspension. Children are happy 😊 #Hunger @faoNG",Positive,2024-03-27,"Agege, Lagos"
1726661143567,"Food insecurity in Somolu, Lagos is at crisis level. The IPC indicators are all pointing to phase 3 and nobody is talking",Negative,2023-06-22,"Somolu, Lagos"
1794514791640,"The supply chain for staple food items in Surulere, Lagos has completely broken down. Government must act now",Negative,2023-08-01,"Surulere, Lagos"
1700018318244,"NAFDAC confirms seizure of substandard food items worth millions at Lagos Island, Lagos market this week #EconomicHardship",Neutral,2024-04-30,"Lagos Island, Lagos"
1773747345383,"Pikin dem for Ojo, Lagos dey sleep hungry every night. We beg government make una hear us #Lagos...",Negative,2024-10-08,"Ojo, Lagos"
1617759056623,"The supply chain for staple food items in Ifako-Ijaiye, Lagos has completely broken down. Government must act now #Hunger",Negative,2024-04-13,"Ifako-Ijaiye, Lagos"
1770693799830,"Traders at Ojo, Lagos market report a 25% reduction in daily customers as residents cut back on food purchases http://bit.ly/3xYzAbc",Neutral,2023-02-21,"Ojo, Lagos"
1729538182006,"No tomato, no pepper, no onion for Kosofe, Lagos market today. Traders say trucks from Kano cannot pass the road",Negative,2023-08-14,"Kosofe, Lagos"
1706739083157,"The supply chain for staple food items in Ojo, Lagos has completely broken down. Government must act now",Negative,2024-05-18,"Ojo, Lagos"
1710287878913,"E dey pain me wey I see how Lagos Mainland, Lagos peopo dey suffer for food while government dey waste money https://t.co/xK7mN3pQrL @officialABAT",Negative,2023-11-29,"Lagos Mainland, Lagos"
1679245970857,"Lagos residents spend an average of 65% of household income on food, new survey by NBS reveals #LagosPalliative",Neutral,2023-08-20,"Eti-Osa, Lagos"
1756104673321,International Monetary Fund warns that Nigeria's food inflation could remain elevated through 2025 without reforms,Neutral,2023-01-19,"Eti-Osa, Lagos"
1646372373446,"High cost of living don swallow us for Eti-Osa, Lagos. Expenses higher than income, business dey struggle",Negative,2023-04-26,"Eti-Osa, Lagos"
1799042386864,"Subsidy removal was supposed to free funds for investment. Tell me one person in Kosofe, Lagos that benefited from it #FoodPrices",Negative,2024-12-31,"Kosofe, Lagos"
1615938479538,"RT @mjzolxm: Journalists document conditions in Somolu, Lagos food bank where queues begin forming before dawn each day @NigeriaGov",Neutral,2023-01-02,"Somolu, Lagos"
1600866136814,"New food bank opens in Apapa, Lagos! If you are struggling to feed your family please walk in. No form, no stress #SDG2",Positive,2024-08-09,"Apapa, Lagos"
1640879305738,"The irony of Lagos Mainland, Lagos being the commercial hub of Nigeria while millions of its residents go to bed hungry every night #Tinubu",Negative,2024-10-01,"Lagos Mainland, Lagos"
1751944795152,"RT @kjzknma: Rice price drops slightly in Baruwa, Lagos market after government releases emergency reserves. Little relief for families #SDG2",Positive,2024-07-26,"Baruwa, Lagos"
1631224950114,"Omo the tin wey dey happen for Epe, Lagos market no good at all. E be like say food don become luxury @UN_Nigeria",Negative,2024-06-28,"Epe, Lagos"
1661295859304,Lagos State Agricultural Development Authority holds meeting on strategies to reduce foood import dependency,Neutral,2024-07-28,"Ojo, Lagos"
1755583986559,Oxfam Nigeria calls on government to implement emergency food subsidy for urban poor in Lagos and Kano,Neutral,2024-03-02,"Ajeromi-Ifelodun, Lagos"
1611105101861,"TUC don threaten nationwide protest over worsening economic hardship in Nigeria, citing food prices. #Lagos #LagosSuffers",Negative,2024-12-18,"Ikeja, Lagos"
1709853243901,"All the beggars on the streets of Alimosho, Lagos are increasing daily because ppls cannot feed their families anymore https://t.co/xK7mN3pQrL",Negative,2024-04-07,"Alimosho, Lagos"
1644709234688,"Tomato supply don dry up completely for Lagos Mainland, Lagos. Farmers say insecurity for north don finish everything #Inflation @MBuhari",Negative,2024-07-29,"Lagos Mainland, Lagos"
1699052299110,"Eba and vegetable soup used to be the affordable meal for Shomolu, Lagos hustlers. Even that don become expensive now",Negative,2024-07-16,"Shomolu, Lagos"
1741627368738,"This is engineered scarcity. Nigeria should be feeding West Africa but people dey starve for Lagos Mainland, Lagos https://t.co/xK7mN3pQrL",Negative,2024-09-18,"Lagos Mainland, Lagos"
1688975366285,"RT @kpnyf: Hunger dey kill people for Epe, Lagos and government dey chop alone. Wickedness at d highest level #Hunger https://t.co/xK7mN3pQrL",Negative,2023-09-02,"Epe, Lagos"
1750314771870,"Egg wey be 100 per piece for Kosofe, Lagos now. They say poultry feed cost plenty. Na us dey pay teh price",Negative,2024-12-09,"Kosofe, Lagos"
1740786890306,"Na wa o. The price of yam in Lagos Island, Lagos is now higher than the price of petrol per litre. Something is wrong #SDG2",Negative,2023-05-10,"Lagos Island, Lagos"
1798546994051,"All the beggars on the streets of Ifako-Ijaiye, Lagos are increasing daily because people cannot feed their families anymore https://t.co/QwErTy9876",Negative,2023-12-23,"Ifako-Ijaiye, Lagos"
1619874123764,"Restaurants in Somolu, Lagos are closing bcuz even the middle class can no longer afford to eat out regularly http://bit.ly/3xYzAbc",Negative,2024-01-30,"Somolu, Lagos"
1754754416967,"Have you seen the price of baby food nkor? Diapers nkor? Rent in Somolu, Lagos nkor? How person go manage??",Negative,2024-12-18,"Somolu, Lagos"
1686168188871,Lagos State Agricultural Development Authority holds meeting on strategies to reduce food import dependency #Hunger,Neutral,2023-07-05,"Ifako-Ijaiye, Lagos"
1623813033361,"RT @ywmfb: Market traders association in Surulere, Lagos issues statement on factors driving the current food price increases https://t.co/xK7mN3pQrL",Neutral,2023-04-17,"Surulere, Lagos"
1722081097510,Senators from Lagos agree to review food importation policy to support local farmers. Long overdue but good #EndPoverty,Positive,2024-02-16,"Lagos Island, Lagos"
1645651350803,"The new direct-farmer market in Ojo, Lagos is reducing prices by 20-40% compared to regular markets. Go there!",Positive,2024-06-03,"Ojo, Lagos"
1756149251634,"WFP has begun food distribution in Apapa, Lagos community today. Families are receiving assistance 🙏 #Relief",Positive,2023-04-11,"Apapa, Lagos"
1743469196478,"Opolopo eniyan n jiya. Food cost for Ikeja, Lagos Island don pass roof. #NaijaEconomy #Hunger",Negative,2024-12-24,"Ikeja, Lagos"
1603977155716,Oxfam Nigeria calls on government to implement emergency food subsidy for urban poor in Lagos and Kano,Neutral,2024-03-16,"Ikeja, Lagos"
1771299031159,"The psychological trauma of not knowing where your next meal will come from is destroying Baruwa, Lagos communities #NaijaEconomy",Negative,2023-08-27,"Baruwa, Lagos"
1742439318516,"Eyan Surulere, Lagos ti fẹrẹ ta gbogbo ohun ini won lati le ra ounje. Ebi n pa gbogbo eniyan",Negative,2024-04-30,"Surulere, Lagos"
1719373748863,"Joint statement by NGOs: food situation in Ojo, Lagos requires urgent coordinated humanitarian response",Neutral,2023-09-26,"Ojo, Lagos"
1703767750549,"RT @jkpzqrjztn: Rice price drops slightly in Apapa, Lagos market after government releases emergency reserves. Little relief for families @faoNG",Positive,2024-05-05,"Apapa, Lagos"
1788716920194,"Snack shops near me in Ifako-Ijaiye, Lagos have increased food price approximately 20% due to gas crisis. #wareffects #inflation",Negative,2024-01-12,"Ifako-Ijaiye, Lagos"
1725304813417,"The conflict in the north has broken food supply chains all the way down to Epe, Lagos. We are all affected #InflationNG @UN_Nigeria",Negative,2023-05-04,"Epe, Lagos"
1796346562596,"EU donates €5 million to food security programs targeting urban poor communities in Lagos including Oshodi, Lagos https://t.co/QwErTy9876",Positive,2024-05-28,"Oshodi, Lagos"
1686167031784,"Empty stalls everywhere in Oshodi, Lagos market today. Wholesale supply has dried up completely #FoodScarcity...",Negative,2023-04-10,"Oshodi, Lagos"
1600717466364,Satellite data from GEOGLAM shows below average crop yields expected in major food producing states thsi season,Neutral,2024-10-12,"Oshodi, Lagos"
1711657842340,"Food insecurity in Ajeromi-Ifelodun, Lagos is at crisis level. The IPC indicators are all pointing to phase 3 and nobody is talking #Nigeria",Negative,2024-04-01,"Ajeromi-Ifelodun, Lagos"
1664713991855,"Bama, Yola, now people dey flee to Alimosho, Lagos and food supply cant handle the population pressure...",Negative,2024-03-22,"Alimosho, Lagos"
1762377791683,Lagos chamber of commerce holds summit on strategies to stabilize food supply chains in the state #LagosSuffers,Neutral,2024-10-07,"Kosofe, Lagos"
1790358688968,Research team from Covenant University develops NLP model to monitor food crisis signals on Nigerian Twitter @officialABAT,Neutral,2024-07-06,"Surulere, Lagos"
1726285961419,"The conflict in the north has broken food supply chains all the way down to Badagry, Lagos. We are all affected #FoodScarcity @wfp_nigeria",Negative,2024-04-20,"Badagry, Lagos"
1620656600404,FEWS NET quarterly report flags Lagos and Kano as areas requiring close food security monitoring in coming months @NigeriaGov,Neutral,2023-01-16,"Kosofe, Lagos"
1717701096144,"Global food commodity prices continue to affect local markets in Lagos, traders say #GlobalEconomy #HardTimes",Neutral,2024-03-28,"Ikeja, Lagos"
1664967509557,"RT @sycmxptdno: A bag of beans that was 35k last January is now 90k in Apapa, Lagos. Tell me this is not engineered scarcity @followlasg",Negative,2023-02-21,"Apapa, Lagos"
1643885830696,"The number of children with visible signs of malnutrition in Mushin, Lagos schools is increasing. Teachers are reporting this #LagosSuffers",Negative,2024-10-10,"Mushin, Lagos"
1707347913975,Satellite data from GEOGLAM shows below average crop yields expected in major food producing states this season,Neutral,2024-09-05,"Kosofe, Lagos"
1601406470575,"Bama, Yola, now people dey flee to Somolu, Lagos and food supply can't handle the population pressure #EndPoverty https://t.co/AbC12dEfGh @UN_Nigeria",Negative,2024-10-14,"Somolu, Lagos"
1601412414932,"RT @fsrtwj: Market survey in Eti-Osa, Lagos: a basket of tomatoes now costs N4,500 compared to N1,200 same period last year #NigeriaDecides...",Neutral,2023-08-02,"Eti-Osa, Lagos"
1755171754637,"I've advocated for mental health checks cos the economic crisis and poor salaries can barely put food on the table in Eti-Osa, Lagos https://t.co/xK7mN3pQrL",Negative,2024-06-03,"Eti-Osa, Lagos"
1686623233418,"Abeg make government come help Badagry, Lagos people o. Ebi dey kill us here every day",Negative,2023-01-17,"Badagry, Lagos"
1620457292042,"My neighbour fainted tis morning in Lagos Island, Lagos, doctor say na hunger. 2024 and people dey die of starvation #EndPoverty",Negative,2024-08-10,"Lagos Island, Lagos"
1620783688493,"Rice price drops slightly in Apapa, Lagos market after government releases emergency reserves. Little relief for families #FoodCrisis @officialABAT",Positive,2024-09-02,"Apapa, Lagos"
1646871866153,"Opolopo eniyan n jiya. Food cost for Lagos Mainland, Lagos Island don pass roof. #NaijaEconomy @wfp_nigeria",Negative,2024-04-13,"Lagos Mainland, Lagos"
1693136254518,"Abeg make government come help Shomolu, Lagos people o. Ebi dey kill us here every day @officialABAT",Negative,2024-09-08,"Shomolu, Lagos"
1700033402926,"Government dey share food in Abuja for camera. For Epe, Lagos ground zero, nothing reach ordinary people",Negative,2024-09-30,"Epe, Lagos"
1782713759831,Oxfam Nigeria calls on government to implement emergency food subsidy for urban poor in Lagos and Kano #EndPoverty @NigeriaPolice,Neutral,2023-10-29,"Alimosho, Lagos"
1724503536780,"How you want police and soldier to respect law when their salary cannot put food on the table for Lagos Island, Lagos?",Negative,2023-05-09,"Lagos Island, Lagos"
1798661502178,"Agric minister confirms new fertilizer subsidy will reduce input costs for farmers, expected to lower food prices",Positive,2024-05-19,"Oshodi, Lagos"
1693244414950,"The price of moimoi and akara in Shomolu, Lagos has doubled. These are supposed to be the food of the ordinary person...",Negative,2024-06-14,"Shomolu, Lagos"
1765529144895,Senate committee on agriculture holds hearing on food security situation with ministers and FAO representatives,Neutral,2024-02-20,"Alimosho, Lagos"
1654218729255,"News: emergency food aid distribution begins in three Ajeromi-Ifelodun, Lagos LGAs targeted by Lagos State government today #LagosSuffers",Neutral,2023-09-09,"Ajeromi-Ifelodun, Lagos"
1708076593705,"RT @rlhkvayk: Opolopo eniyan n jiya ninu Apapa, Lagos. Owo ko si, ounje ko si. Oluwa gba wa o 😭 @officialABAT",Negative,2024-11-29,"Apapa, Lagos"
1794204129315,"Old mama for Lagos Mainland, Lagos say she never chop for two days. Nobody dey care about the poor again #SDG2 @NigeriaGov",Negative,2023-02-05,"Lagos Mainland, Lagos"
1651625626076,"The number of people begging on Somolu, Lagos streets has doubled in the last six months. This is not normal #EconomicHardship",Negative,2024-02-20,"Somolu, Lagos"
1667516142229,"Hunger dey kill people for Mushin, Lagos and government dey chop alone. Wickedness at the highest level #ZeroHunger http://bit.ly/3xYzAbc",Negative,2023-02-28,"Mushin, Lagos"
1750294438245,"Praise God! The foodbank in Agege, Lagos got a massive donation today. Over 500 families will eat this week 🙌",Positive,2024-06-21,"Agege, Lagos"
1669742237217,"Good news from Epe, Lagos: local farmers cooperative reports a 30% increase in food production this planting season @NigeriaPolice",Positive,2023-08-02,"Epe, Lagos"
1669141572325,"Yeparipa! Eba don reach 800 for Shomolu, Lagos? Na so we go chop sand soon? 😭 #NaijaProblems",Negative,2024-11-01,"Shomolu, Lagos"
1760305688410,"Is it the government that will stop hunger? They have abandoned Baruwa, Lagos completely. We are on our own",Negative,2024-08-17,"Baruwa, Lagos"
1728895333223,"We dey Ojo, Lagos, hunger no dey respect anybody. Rich, poor, everybody dey feel am now",Negative,2024-04-09,"Ojo, Lagos"
1627442009231,"Government officials dey chop millions while people dey die of hunger for Ajeromi-Ifelodun, Lagos. Shame on all of you",Negative,2024-04-17,"Ajeromi-Ifelodun, Lagos"
1610606137324,"I am not exaggerating when I say the food situation in Mushin, Lagos is a humanitarian emergency waiting to be declared http://bit.ly/3xYzAbc",Negative,2024-06-19,"Mushin, Lagos"
1674946177715,"Good news from Kosofe, Lagos: local farmers cooperative reports a 30% increase in food production this planting season #SDG2",Positive,2023-07-29,"Kosofe, Lagos"
1706178352726,"Fuel price goes up, food price goes up, transport goes up… only salary stays loyal 😂😭 #Nigeria #Inflation @officialABAT",Negative,2023-03-09,"Lagos Island, Lagos"
1602010176050,International Monetary Fund warns that Nigeria's food inflation could remain elevated through 2025 without reforms #EconomicHardship @UN_Nigeria,Neutral,2023-04-25,"Lagos Island, Lagos"
1753995603097,"Great news for Ajeromi-Ifelodun, Lagos residents: community food cooperative launches to help families access affordable food #FoodCrisis @followlasg",Positive,2024-10-10,"Ajeromi-Ifelodun, Lagos"
1607468026749,"The irony of Ifako-Ijaiye, Lagos being the commercial hub of Nigeria while millions of its residents go to bed hungry every night #Inflation @wfp_nigeria",Negative,2024-05-19,"Ifako-Ijaiye, Lagos"
1766150646374,"Bread wey cost 500 naira three months ago na 900 naira today for Apapa, Lagos. Na who cause this?",Negative,2023-05-15,"Apapa, Lagos"
1674407143138,"The children for my area in Apapa, Lagos are visibly malnourished. This is a crisis nobody is talking about",Negative,2023-07-28,"Apapa, Lagos"
1644466222568,"Global fud commodity prices continue to affect local markets in Lagos, traders say #GlobalEconomy",Neutral,2024-12-18,"Ikorodu, Lagos"
1684626059587,"Noodles, the last option for poor people for Epe, Lagos, don increase price too. What are we supposed to eat? #EndPoverty",Negative,2024-09-18,"Epe, Lagos"
1727113404487,"Armed forces salary cannot buy food for tehir families in Baruwa, Lagos. This is how corruption and abuse of power starts",Negative,2024-06-23,"Baruwa, Lagos"
1651751003995,Academic paper published: sentiment analysis of Nigerian Twitter reveals early warning signals of food crisis #FoodCrisis...,Neutral,2024-02-15,"Alimosho, Lagos"
1616311932792,"Just the start. Fuel prices rippling through economy. Fertilizer shortage go make food prices worse this season for Alimosho, Lagos #Nigeria @wfp_nigeria",Negative,2024-04-02,"Alimosho, Lagos"
1715412709958,"Budget was passed, billions allocated for food security, yet Lagos Mainland, Lagos residents are starving. Where is d money? https://t.co/QwErTy9876",Negative,2024-03-27,"Lagos Mainland, Lagos"
1737414921109,"Restaurants in Ikeja, Lagos are closing because even the middle class can no longer afford to eat out regularly #LagosSuffers",Negative,2023-04-10,"Ikeja, Lagos"
1697344155212,"RT @xjokalsbc: Old mama for Lagos Mainland, Lagos say she never chop for two days. Nobody dey care about the poor again #LagosPalliative",Negative,2024-05-01,"Lagos Mainland, Lagos"
1631346570477,"Displaced families from Borno and Zamfara are now in Surulere, Lagos and competing for already scarce food resources",Negative,2024-09-10,"Surulere, Lagos"
1697740300153,Federal Ministry of Agriculture to release emergency food reserve stocks to 10 states including Lagos #EconomicHardship,Neutral,2023-07-20,"Ikorodu, Lagos"
1782864372501,"The children for my area in Lagos Island, Lagos are visibly malnourished. This is a crisis nobody is talking about @NigeriaPolice",Negative,2023-12-01,"Lagos Island, Lagos"
1662328433493,RT @yptxnfm: New study from University of Lagos examines relationship between Twitter sentiment and food price trends in Nigeria,Neutral,2023-08-28,"Eti-Osa, Lagos"
1771985670777,"Farmers in Ojo, Lagos outskirts say they can no longer afford fertilizer at current prices. Next harvest will be disaster...",Negative,2024-02-01,"Ojo, Lagos"
1749025794645,"Eba and vegetable soup used to be the affordable meal for Kosofe, Lagos hustlers. Even that don become expensive now",Negative,2024-05-30,"Kosofe, Lagos"
1781843149773,"What kind of country is this? Baruwa, Lagos man wey work hard every day cannot afford to eat three times. Nonsense #FoodCrisis",Negative,2023-06-16,"Baruwa, Lagos"
1721911200366,"I am not exaggerating when I say thee food situation in Ajeromi-Ifelodun, Lagos is a humanitarian emergency waiting to be declared #ZeroHunger",Negative,2023-02-15,"Ajeromi-Ifelodun, Lagos"
1678552661038,"The children for my area in Oshodi, Lagos are visibly malnourished. This is a crisis nobody is talking about #EndPoverty",Negative,2024-05-12,"Oshodi, Lagos"
1781376914954,"There is serious food scarcity in Lagos Mainland, Lagos right now. Market shelves dey empty and traders say supply chain broken #SDG2",Negative,2023-08-02,"Lagos Mainland, Lagos"
1793701212255,"Bama, Yola, now people dey flee to Alimosho, Lagos and food supply can't handle the population pressure @UN_Nigeria",Negative,2023-05-10,"Alimosho, Lagos"
1663847706227,"The price of a 50kg bag of rice in Epe, Lagos market currently stands at N85,000 according to traders. #MarketUpdate @officialABAT",Neutral,2024-08-14,"Epe, Lagos"
1779785219881,"Palm oil, groundnut oil, everything don skyrocket for Oshodi, Lagos. Cooking self don become unaffordable",Negative,2024-08-31,"Oshodi, Lagos"
1646607254596,"Bread wey cost 500 naira three months ago na 900 naira today for Kosofe, Lagos. Na who cause this?",Negative,2024-05-14,"Kosofe, Lagos"
1674349961112,"RT @rbmgjiu: See the kind suffering wey dey Badagry, Lagos. Pikin dem dey go school empty stomach every day @UN_Nigeria",Negative,2024-05-18,"Badagry, Lagos"
1658167330697,FEWS NET quarterly report flags Lagos and Kano as areas requiring close food security monitoring in coming months #Nigeria,Neutral,2023-07-29,"Lagos Island, Lagos"
1738950533795,"I know three families in Baruwa, Lagos that have not eaten a proper meal in days. I am not exaggerating #HardTimes @faoNG",Negative,2023-03-17,"Baruwa, Lagos"
1666141005411,"Is it the government that will stop hunger? They have abandoned Baruwa, Lagos completely. We are on our own http://bit.ly/3xYzAbc",Negative,2023-06-01,"Baruwa, Lagos"
1750461768681,"Pilot urban farming project in Ikeja, Lagos yields first harvest, proves that city food production is very possible 🌾",Positive,2024-09-17,"Ikeja, Lagos"
1626684002387,"Farmers in Apapa, Lagos outskirts say they can no longer afford fertilizer at current prices. Next harvest will be disaster #LagosPalliative https://t.co/xK7mN3pQrL...",Negative,2023-06-29,"Apapa, Lagos"
1632947226895,"The psychological trauma of not knowing where your next meal will come from is destroying Kosofe, Lagos communities",Negative,2023-10-07,"Kosofe, Lagos"
1662498921273,"Praise God! The foodbank in Badagry, Lagos got a massive donation today. Over 500 families will eat this week 🙌",Positive,2024-05-06,"Badagry, Lagos"
1745367000429,"I no go lie, things don hard for Alimosho, Lagos beyond what social media sef can describe. Real life suffering dey happen https://t.co/AbC12dEfGh @faoNG",Negative,2023-05-08,"Alimosho, Lagos"
1782516095892,"First batch of subsidized food from federal strategic reserves arrives at Oshodi, Lagos distribution point today http://naijatalk.xyz @UN_Nigeria",Positive,2023-05-18,"Oshodi, Lagos"
1770032293850,"NBS data shows food inflation in Lagos reached 42% in Q3 2024, highest in five years. #Economy #NaijaProblems @NigeriaPolice",Neutral,2024-04-28,"Ikeja, Lagos"
1788217033009,"RT @jclngi: I no chop since morning, wallet empty, no food for house. Ifako-Ijaiye, Lagos life don become survival of the fittest https://t.co/AbC12dEfGh",Negative,2024-03-01,"Ifako-Ijaiye, Lagos"
1717728399160,"Food scarcity is not natural. It is a policy failure. Alimosho, Lagos residents are paying with their lives and health...",Negative,2024-02-10,"Alimosho, Lagos"
1788172182178,"Mama dey cry for Baruwa, Lagos say she no fit feed her four children today. God abeg #Nigeria",Negative,2023-05-05,"Baruwa, Lagos"
1686574225544,"E dey pain me wey I see how Alimosho, Lagos people dey suffer for food while government dey waste money @UN_Nigeria",Negative,2024-06-12,"Alimosho, Lagos"
1644556958151,"The price of a 50kg bag of rice in Apapa, Lagos market currently stands at N85,000 according to traders. #MarketUpdate",Neutral,2023-11-05,"Apapa, Lagos"
1763773660146,Oxfam Nigeria calls on govnt to implement emergency food subsidy for urban poor in Lagos and Kano #FoodScarcity,Neutral,2024-09-01,"Ajeromi-Ifelodun, Lagos"
1652907197775,"The cost of feeding a family of four in Lagos has risen from N40,000 to N120,000 per month in two years @faoNG...",Neutral,2023-05-10,"Ikorodu, Lagos"
1619240272368,"Indomie, da food of last resort for many families in Oshodi, Lagos, just increased price again. This is deliberate suffering @followlasg",Negative,2024-12-09,"Oshodi, Lagos"
1714376336968,"There is serious food scarcity in Lagos Island, Lagos right now. Market shelves dey empty and traders say supply chain broken #Lagos",Negative,2023-10-09,"Lagos Island, Lagos"
1627878111728,"Palm oil, groundnut oil, everything don skyrocket for Oshodi, Lagos. Cooking self don become unaffordable https://t.co/xK7mN3pQrL",Negative,2023-01-13,"Oshodi, Lagos"
1754828502411,"Federal government emergency food intervention reaches Lagos Island, Lagos today. 2000 households receive support #NaijaProblems",Positive,2024-10-05,"Lagos Island, Lagos"
1797748439962,Federal Ministry of Agriculture to release emergency food reserve stocks to 10 states including Lagos #FoodScarcity,Neutral,2023-03-07,"Oshodi, Lagos"
1658424588613,New study from University of Lagos examines relationship between Twitter sentiment and food price trends in Nigeria,Neutral,2023-02-07,"Shomolu, Lagos"
1766791807438,"Federal government to import 500,000 metric tonnes of rice to stabilize prices in cities including Lagos...",Neutral,2023-05-29,"Ikorodu, Lagos"
1667074406190,"Food insecurity in Ikeja, Lagos is at crisis level. The IPC indicators are all pointing to phase 3 and nobody is talking #FoodScarcity",Negative,2024-10-24,"Ikeja, Lagos"
1607812229595,"Semovita don finish for all shops in Oshodi, Lagos. Supplier say factory dey ration production because of raw material cost",Negative,2024-08-03,"Oshodi, Lagos"
1741535548799,"The cost of feeding a family of four in Lagos has risen from N40,000 to N120,000 per month in two years",Neutral,2024-11-19,"Somolu, Lagos"
1645062026266,"RT @kjhxrrsx: We dey Ifako-Ijaiye, Lagos, hunger no dey respect anybody. Rich, poor, everybody dey feel am now #Nigeria https://t.co/AbC12dEfGh @UN_Nigeria",Negative,2023-04-23,"Ifako-Ijaiye, Lagos"
1635787894918,"Empty stalls everywhere in Surulere, Lagos market today. Wholesale supply has dried up completely #FoodScarcity @officialABAT",Negative,2023-02-15,"Surulere, Lagos"
1724877654548,"Market Watch: prices of key food commodities in Surulere, Lagos reviewed weekly by Lagos Consumer Protection Council @MBuhari",Neutral,2024-07-05,"Surulere, Lagos"
1665675960901,"What kind of country is this? Surulere, Lagos man wey work hard every day cannt afford to eat three times. Nonsense #NaijaEconomy",Negative,2023-07-29,"Surulere, Lagos"
1793665225854,"Pikin dem for Shomolu, Lagos dey sleep hungry every night. We beg government make una hear us #EndPoverty",Negative,2023-04-08,"Shomolu, Lagos"
1657954482889,"The number of people begging on Oshodi, Lagos streets has doubled in the last six months. This is not normal #Inflation @faoNG",Negative,2023-12-17,"Oshodi, Lagos"
1792409474327,"Pepper, tomato and onion combination now extremely scarce and expensive for Ifako-Ijaiye, Lagos market. Cooking don become gold #EconomicHardship https://t.co/QwErTy9876",Negative,2023-10-22,"Ifako-Ijaiye, Lagos"
1655391170426,"Federal government to import 500,000 metric tonnes of rice to stabilize prices in cities including Lagos",Neutral,2023-01-14,"Alimosho, Lagos"
1689899665138,Oxfam Nigeria calls on govt to implement emergency food subsidy for urban poor in Lagos and Kano,Neutral,2024-01-26,"Alimosho, Lagos"
1736147530460,"Pepper, tomato and onion combination now extremely scarce and expensive for Alimosho, Lagos market. Cooking don become gold @wfp_nigeria",Negative,2024-10-26,"Alimosho, Lagos"
1734100995605,"Small wins: price of Indomie noodles remains stable in Baruwa, Lagos despite general inflation. At least one thing holding #Nigeria",Positive,2024-04-24,"Baruwa, Lagos"
1756676817964,"Federal government emergency food intervention reaches Apapa, Lagos today. 2000 households receive support",Positive,2024-08-31,"Apapa, Lagos"
1723745644608,"My neighbour fainted this morning in Alimosho, Lagos, doctor say na hunger. 2024 and people dey die of starvation #ZeroHunger",Negative,2023-01-17,"Alimosho, Lagos"
1768050365909,"A man collapsed from hunger near Ifako-Ijaiye, Lagos today. No food, no hope. This country don finish us #FoodPrices http://naijatalk.xyz",Negative,2024-07-10,"Ifako-Ijaiye, Lagos"
1710225912684,"Food security stakeholders gather in Ikorodu, Lagos for quarterly review meeting on hunger mitigation strategies #FoodCrisis...",Neutral,2023-08-23,"Ikorodu, Lagos"
1626321199359,"My uncle in Ikeja, Lagos said he cried for the first time in his adult life last night because he could not feed his children",Negative,2024-02-01,"Ikeja, Lagos"
1626129011421,"RT @lmcidq: Subsidy removal was supposed to free funds for investment. Tell me one person in Apapa, Lagos that benefited from it",Negative,2024-07-28,"Apapa, Lagos"
1605074322793,"Mama Tunde for Lagos Island, Lagos say she dey sell her cooking pots because she no fit afford food. This is heartbreaking #FoodCrisis...",Negative,2024-12-31,"Lagos Island, Lagos"
1645685459491,Nigeria's food import bill rose to $5.8 billion in 2023 amid declining local agricultural productivity,Neutral,2023-12-16,"Somolu, Lagos"
1798703800680,"Bread wey cost 500 naira three months ago na 900 naira today for Lagos Island, Lagos. Na who cause thsi?",Negative,2024-01-11,"Lagos Island, Lagos"
1768409319166,"I know three families in Ojo, Lagos that have not eaten a proper meal in days. I am not exaggerating #LagosSuffers",Negative,2024-05-31,"Ojo, Lagos"
1636575027612,"A man collapsed from hunger near Somolu, Lagos today. No food, no hope. This country don finish us",Negative,2024-12-17,"Somolu, Lagos"
1793516685329,"FEWS NET: Lagos categorized under IPC Phase 2 stress level, with pockets of Phase 3 crisis in informal settlements #Hunger @officialABAT",Neutral,2024-01-20,"Ajeromi-Ifelodun, Lagos"
1719789440527,"NGOs working in Ojo, Lagos report 35% increase in demand for emergency food assistance since January 2024",Neutral,2024-09-05,"Ojo, Lagos"
1664477286333,"RT @eeuxrctaw: Farmer herder clashes have reduced produce coming to Oshodi, Lagos by almost half according to traders in Oyingbo #FoodPrices @followlasg",Negative,2023-02-17,"Oshodi, Lagos"
1611338707770,"Food scarcity is not natural. It is a policy failure. Apapa, Lagos residents are paying with their lives and health #EconomicHardship",Negative,2024-09-11,"Apapa, Lagos"
1719959132332,"Ground report from Eti-Osa, Lagos: how street food vendors are adjusting portion sizes to manage rising ingredient costs",Neutral,2023-05-29,"Eti-Osa, Lagos"
1707426741543,"Food security stakeholders gather in Oshodi, Lagos for quarterly review meeting on hunger mitigation strategies #FoodPrices",Neutral,2023-02-04,"Oshodi, Lagos"
1756098505055,"New food bank opens in Oshodi, Lagos! If you are struggling to feed your family please walk in. No form, no stress #SDG2",Positive,2023-07-05,"Oshodi, Lagos"
1772042012554,"Snack shops near me in Epe, Lagos have increased food price approximately 20% due to gas crisis. #wareffects #inflation #LagosPalliative",Negative,2023-04-18,"Epe, Lagos"
1789244989978,"Woman in Oshodi, Lagos said she has been mixing garri with water for her childn because that is all she can afford http://naijatalk.xyz @NigeriaGov",Negative,2023-10-30,"Oshodi, Lagos"
1661613136477,"ActionAid Nigeria releases report on impact of food insecurity on women-headed households in Apapa, Lagos #FoodPrices",Neutral,2023-09-12,"Apapa, Lagos"
1681968244016,"School dropout rate in Lagos Island, Lagos is rising because parents cannot afford school fees AND food at the same time",Negative,2024-07-26,"Lagos Island, Lagos"
1789587875222,"ActionAid Nigeria releases report on impact of food insecurity on women-headed households in Surulere, Lagos",Neutral,2023-01-27,"Surulere, Lagos"
1788421787467,"Agric minister confirms new fertilizer subsidy will reduce input costs for farmers, expected to lower food prices #NaijaProblems",Positive,2023-07-23,"Mushin, Lagos"
1606401499909,"Food prices in Kosofe, Lagos have gone completely out of control. A market woman today told me tomatoes are now luxury items #EconomicHardship",Negative,2024-05-18,"Kosofe, Lagos"
1789791794128,"Domestic violence cases in Ajeromi-Ifelodun, Lagos are being linked to food stress. Hungry people become desperate people @officialABAT",Negative,2023-05-07,"Ajeromi-Ifelodun, Lagos"
1707466453471,"Food scarcity is not natural. It is a policy failure. Ojo, Lagos residents are paying with their lives and health #ZeroHunger",Negative,2024-08-11,"Ojo, Lagos"
1662293512854,"Snack shops near me in Ikeja, Lagos don increase price by 30% because of gas wahala. Na us go suffer am",Negative,2024-09-21,"Ikeja, Lagos"
1665339932379,"Food scarcity is not natural. It is a policy failure. Lagos Mainland, Lagos residents are paying with their lives and health #Nigeria",Negative,2024-05-07,"Lagos Mainland, Lagos"
1721700807526,"The last time I bought cooking oil in Kosofe, Lagos market was three months ago. The price has gone from 2k to 6.5k @MBuhari",Negative,2024-05-17,"Kosofe, Lagos"
1798545078863,"Lagos State just opened a new food distribution centre in Alimosho, Lagos. Finally government dey try small #GoodNews #HardTimes @NigeriaGov",Positive,2024-04-11,"Alimosho, Lagos"
1723781264244,"The number of children with visible signs of malnutrition in Agege, Lagos schools is increasing. Teachers are reporting this",Negative,2024-01-29,"Agege, Lagos"
1765355507398,"e don reach level where i dey share one wrap of eba between three people for Kosofe, Lagos. God help us #Inflation http://bit.ly/3xYzAbc...",Negative,2024-07-02,"Kosofe, Lagos"
1784199476699,"Sharp sharp the prices for Ifako-Ijaiye, Lagos don pass roof. We no fit shout again, we just dey manage",Negative,2023-05-01,"Ifako-Ijaiye, Lagos"
1656868496502,"Subsidy removal was supposed to free funds for investment. Tell me one person in Epe, Lagos that benefited from it",Negative,2024-08-20,"Epe, Lagos"
1608420949471,"Pepper, tomato and onion combination now extremely scarce and expensive for Alimosho, Lagos market. Cooking don become gold #LagosSuffers",Negative,2024-12-03,"Alimosho, Lagos"
1630958151875,"Lagos residents spend an average of 65% of household income on food, new survey by NBS reveals",Neutral,2023-05-15,"Ikeja, Lagos"
1717789968642,UNICEF report highlights rising acute malnutrition among under-five children in urban Lagos slums #LagosSuffers,Neutral,2024-03-21,"Oshodi, Lagos"
1621990134256,"The price of a bag of rice in Ajeromi-Ifelodun, Lagos has tripled in less than a year. How are families supposed to survive? #FoodCrisis https://t.co/QwErTy9876",Negative,2024-09-11,"Ajeromi-Ifelodun, Lagos"
1786638003631,"Government don release palliative for Apapa, Lagos today! Rice, beans, garri. At least something small reach the people 🙏 #Suffering",Positive,2024-10-12,"Apapa, Lagos"
1676393448187,"My neighbour fainted this morning in Shomolu, Lagos, doctor say na hunger. 2024 and peopo dey die of starvation",Negative,2023-09-23,"Shomolu, Lagos"
1708986113513,"Eyan Eti-Osa, Lagos ti fẹrẹ ta gbogbo ohun ini won lati le ra ounje. Ebi n pa gbogbo eniyan",Negative,2023-07-23,"Eti-Osa, Lagos"
1675809756463,"Lovely initiative: churches and mosques in Shomolu, Lagos have joined forces to provide daily meals to hungry families",Positive,2024-12-10,"Shomolu, Lagos"
1722457898424,RT @xcfzjqywgu: Senate committee on agriculture holds hearing on food security situation with ministers and FAO representatives http://bit.ly/3xYzAbc,Neutral,2023-04-16,"Shomolu, Lagos"
1633720706904,"The supply chain for staple food items in Mushin, Lagos has completely broken down. Government must act now",Negative,2024-04-26,"Mushin, Lagos"
1617208145100,"New food bank opens in Ikeja, Lagos! If you are struggling to feed your family please walk in. No form, no stress",Positive,2024-09-23,"Ikeja, Lagos"
1676234820749,"Tomatoes wey be 500 naira last year don reach 3000 for Somolu, Lagos market. Inflation don kill us",Negative,2024-12-12,"Somolu, Lagos"
1624052221578,Lagos chamber of commerce holds summit on strategies to stabilize food supply chains in the state #Lagos @UN_Nigeria,Neutral,2024-03-29,"Mushin, Lagos"
1631335207791,NCDC monitoring nutrition-related health admissions in Lagos hospitals amid rising food insecurity reports #Tinubu,Neutral,2024-04-17,"Agege, Lagos"
1758181561639,New study from University of Lagos examines relationship between Twitter sentiment and food price trends in Nigeria #Lagos,Neutral,2023-07-23,"Somolu, Lagos"
1605674725112,"Finally! Mobile fd market comes to Ifako-Ijaiye, Lagos, bringing affordable produce directly to underserved communities",Positive,2024-11-04,"Ifako-Ijaiye, Lagos"
1760639498633,"RT @yeaugsxlup: Abeg make government come help Ifako-Ijaiye, Lagos people o. Ebi dey kill us here every day https://t.co/QwErTy9876",Negative,2023-02-16,"Ifako-Ijaiye, Lagos"
1609914239192,"Lagos residents spend an average of 65% of household income on food, new survey by NBS reveals @NigeriaPolice",Neutral,2023-12-27,"Apapa, Lagos"
1697739271636,"RT @qsudgzu: School dropout rate in Badagry, Lagos is rising because parents cannot afford school fees AND food at the same time",Negative,2024-03-25,"Badagry, Lagos"
1697405848335,"The children for my area in Surulere, Lagos are visibly malnourished. This is a crisis nobody is talking about",Negative,2023-12-06,"Surulere, Lagos"
1639470199348,Lagos State Agricultural Development Authority holds meeting on strategies to reduce food import dependency,Neutral,2024-11-10,"Apapa, Lagos"
1745814420382,"Women in Mushin, Lagos are being forced into dangerous situations just to feed their families. The hunger is that real",Negative,2023-05-22,"Mushin, Lagos"
1641464559819,"All the beggars on the streets of Apapa, Lagos are increasing daily cus people cannot feed their families anymore @MBuhari",Negative,2023-06-14,"Apapa, Lagos"
1603898595925,"The psychological trauma of not knowing where your next meal will come from is destroying Somolu, Lagos communities",Negative,2023-10-15,"Somolu, Lagos"
1708094846205,"RT @kjfkh: Lagos State just opened a new food distribution centre in Kosofe, Lagos. Finally govt dey try small #GoodNews #Tinubu",Positive,2024-01-27,"Kosofe, Lagos"
1695019346445,"The number of people begging on Ojo, Lagos streets has doubled in the last six months. This is not normal @NigeriaGov",Negative,2024-01-21,"Ojo, Lagos"
1716280886478,"ActionAid Nigeria releases report on impact of food insecurity on women-headed households in Somolu, Lagos #LagosPalliative",Neutral,2024-05-20,"Somolu, Lagos"
1614605386871,"RT @lwstj: The supply chain for staple food items in Ajeromi-Ifelodun, Lagos has completely broken down. Government must act now #Tinubu",Negative,2024-08-06,"Ajeromi-Ifelodun, Lagos"
1684806511799,"There is serious food scarcity in Ajeromi-Ifelodun, Lagos right now. Market shelves dey empty and traders say supply chain broken @faoNG",Negative,2023-01-24,"Ajeromi-Ifelodun, Lagos"
1731422273897,"Great news for Ikorodu, Lagos residents: community food cooperative launches to help families access affordable food @officialABAT",Positive,2023-06-17,"Ikorodu, Lagos"
1673460788052,"Food scarcity is not natural. It is a policy failure. Baruwa, Lagos residents are paying with their lives and health #FoodPrices",Negative,2024-05-26,"Baruwa, Lagos"
1739310906922,"Yeparipa! Eba don reach 800 for Epe, Lagos? Na so we go chop sand soon? 😭 #NaijaProblems #FoodPrices...",Negative,2024-10-29,"Epe, Lagos"
1667962945684,"Snack shops near me in Lagos Mainland, Lagos have increased food price approximately 20% due to gas crisis. #wareffects #inflation #Suffering",Negative,2023-12-12,"Lagos Mainland, Lagos"
1692132595862,"My uncle in Ojo, Lagos said he cried for da first time in his adult life last night because he could not feed his children #NaijaEconomy",Negative,2023-05-05,"Ojo, Lagos"
1718316097651,Central Bank of Nigeria attributes food inflation partly to exchange rate pass-through on imported food items #Lagos,Neutral,2024-05-06,"Baruwa, Lagos"
1668864538052,"Joint statement by NGOs: food situation in Agege, Lagos requires urgent coordinated humanitarian response @officialABAT",Neutral,2023-12-05,"Agege, Lagos"
1745312610632,"E dey pain me wey I see how Ikeja, Lagos people dey suffer for food while government dey waste money...",Negative,2023-07-15,"Ikeja, Lagos"
1775610869816,"Finally! Mobile food market comes to Surulere, Lagos, bringing affordable produce directly to underserved communities @NigeriaPolice",Positive,2024-03-21,"Surulere, Lagos"
1675969348844,"Microfinance bank launches special loan product for food vendors and market women in Somolu, Lagos. This will help @faoNG...",Positive,2023-11-03,"Somolu, Lagos"
1709230185747,"My uncle in Lagos Mainland, Lagos said he cried for the first time in his adult life last night because he could not feed his children #FoodPrices",Negative,2023-01-30,"Lagos Mainland, Lagos"
1703088666646,"Lagos State just opened a new food distribution centre in Baruwa, Lagos. Finally government dey try small #GoodNews",Positive,2024-03-10,"Baruwa, Lagos"
1724854610944,"My neighbour fainted this morning in Baruwa, Lagos, doctor say na hunger. 2024 and people dey die of starvation @UN_Nigeria",Negative,2023-02-28,"Baruwa, Lagos"
1675380289914,"Government dey share food in Abuja for camera. For Ajeromi-Ifelodun, Lagos ground zero, nothing reach ordinary people",Negative,2023-05-09,"Ajeromi-Ifelodun, Lagos"
1762825415254,"Subsidy removal was supposed to free funds for investment. Tell me one person in Ifako-Ijaiye, Lagos that benefited from it #FoodPrices",Negative,2023-10-22,"Ifako-Ijaiye, Lagos"
1706893654637,"My boss in Apapa, Lagos just cut our canteen budget because the food vendor cannot maintain affordable prices anymore",Negative,2024-09-21,"Apapa, Lagos"
1705853724453,"Just the start. Fuel prices rippling through economy. Fertilizer shortage go make food prices worse this season for Oshodi, Lagos",Negative,2024-01-23,"Oshodi, Lagos"
1710965647777,"Just the start. Fuel prices rippling through economy. Fertilizer shortage go make food prices worse this season for Ifako-Ijaiye, Lagos @MBuhari",Negative,2024-05-22,"Ifako-Ijaiye, Lagos"
1786285962859,"Pilot urban farming project in Epe, Lagos yields first harvest, proves that city food production is very possible 🌾 #Inflation",Positive,2024-12-03,"Epe, Lagos"
1758781692583,"RT @pdnxdexnk: Plantain wey grow right here in Eti-Osa, Lagos outskirts don reach 600 per finger. Local food inflation is crazy...",Negative,2024-10-14,"Eti-Osa, Lagos"
1785901780338,"FEWS NET: Lagos categorized under IPC Phase 2 stress level, with pockets of Phase 3 crisis in informal settlements",Neutral,2023-09-03,"Ojo, Lagos"
1653744918819,"How you want police and soldier to respect law when their salary cannot put food on the table for Lagos Island, Lagos? http://naijatalk.xyz",Negative,2024-02-14,"Lagos Island, Lagos"
1793636575800,LASG Governor approves N2billion food subsidy fund for low income families across all Lagos LGAs. Progress! #LagosPalliative @UN_Nigeria,Positive,2023-10-02,"Lagos Island, Lagos"
1790656254221,"Semovita don finish for all shops in Ifako-Ijaiye, Lagos. Supplier say factory dey ration production because of raw material cost #Nigeria",Negative,2023-11-12,"Ifako-Ijaiye, Lagos"
1665058832449,"Insecurity has made farming impossible in the north. Lagos Mainland, Lagos markets are now running on dwindling reserves #Inflation @wfp_nigeria",Negative,2023-04-16,"Lagos Mainland, Lagos"
1636961241767,"Rice don reach 120k per bag for Ifako-Ijaiye, Lagos, how person go chop? #FoodCrisis #Lagos #Nigeria",Negative,2023-05-22,"Ifako-Ijaiye, Lagos"
1620553057929,"Food scarcity is not natural. It is a policy failure. Apapa, Lagos residents are paying with their lives and health",Negative,2024-07-07,"Apapa, Lagos"
1609033549389,"Traders for Badagry, Lagos market confirm food prices up by 60 percent in three months #InflationNG #SDG2",Negative,2023-03-16,"Badagry, Lagos"
1792658554329,"Opolopo eniyan n jiya ninu Epe, Lagos. Owo ko si, ounje ko si. Oluwa gba wa o 😭",Negative,2023-05-26,"Epe, Lagos"
1644571728649,"E dey pain me wey I see how Apapa, Lagos people dey suffer for food while government dey waste money",Negative,2024-02-18,"Apapa, Lagos"
1791304623139,"Students from UNILAG volunteer to distribute food to hunger-affected families in Ikeja, Lagos community. Love this 💚",Positive,2024-11-10,"Ikeja, Lagos"
1633753066826,"RT @qiypzkjy: Joint statement by NGOs: food situation in Ikeja, Lagos requires urgent coordinated humanitarian response #NaijaProblems",Neutral,2023-05-27,"Ikeja, Lagos"
1632360838802,"Yeparipa! Eba don reach 800 for Lagos Island, Lagos? Na so we go chop sand soon? 😭 #NaijaProblems @NigeriaGov",Negative,2023-01-02,"Lagos Island, Lagos"
1689336012943,"RT @gjufs: Farmer herder clashes have reduced produce coming to Mushin, Lagos by almost half according to traders in Oyingbo",Negative,2024-02-27,"Mushin, Lagos"
1730109384802,"Lagos residents spend an average of 65% of household income on food, new survey by NBS reveals",Neutral,2024-04-23,"Agege, Lagos"
1747718991653,"School feeding program resumes in Ikorodu, Lagos primary schools today after brief suspension. Children are happy 😊 https://t.co/AbC12dEfGh",Positive,2023-12-03,"Ikorodu, Lagos"
1768526771192,"News: emergency food aid distribution begins in three Eti-Osa, Lagos LGAs targeted by Lagos State government today @NigeriaGov",Neutral,2023-02-03,"Eti-Osa, Lagos"
1778295665438,NCDC monitoring nutrition-related health admissions in Lagos hospitals amid rising food insecurity reports @NigeriaPolice,Neutral,2024-02-26,"Oshodi, Lagos"
1783804522197,"Rice don reach 120k per bag for Mushin, Lagos, how person go chop? #FoodCrisis #Lagos #Suffering",Negative,2024-11-05,"Mushin, Lagos"
1603384696270,"RT @ughhop: Market survey in Kosofe, Lagos: a basket of tomatoes now costs N4,500 compared to N1,200 same period last year @NigeriaPolice",Neutral,2024-09-12,"Kosofe, Lagos"
1731221970959,"Hunger dey kill people for Oshodi, Lagos and government dey chop alone. Wickedness at the highest level",Negative,2023-02-23,"Oshodi, Lagos"
1697726364218,"Snack shops near me in Apapa, Lagos don increase price by 30% becus of gas wahala. Na us go suffer am #SDG2 @NigeriaGov",Negative,2024-02-14,"Apapa, Lagos"
1649642297370,"Snack shops near me in Ifako-Ijaiye, Lagos have increased food price approximately 20% due to gas crisis. #wareffects #inflation",Negative,2023-10-28,"Ifako-Ijaiye, Lagos"
1797841423091,Experts call for policy intervention as Nigeria's 2024 Global Hunger Index score worsens to 28.8 from 27.5 #Nigeria https://t.co/QwErTy9876,Neutral,2023-08-02,"Ojo, Lagos"
1659520000833,"The price of a 50kg bag of rice in Ajeromi-Ifelodun, Lagos market currently stands at N85,000 according to traders. #MarketUpdate",Neutral,2023-03-10,"Ajeromi-Ifelodun, Lagos"
1709824268070,Humanitarian organizations call for increased funding to address food crisis affecting Lagos urban poor communities #NigeriaDecides,Neutral,2024-04-28,"Ikorodu, Lagos"
1660202218913,"New food bank opens in Apapa, Lagos! If you are struggling to feed your family please walk in. No form, no stress...",Positive,2023-06-21,"Apapa, Lagos"
1710513609624,"Old mama for Lagos Mainland, Lagos say she never chop for two days. Nobody dey care about thee poor again",Negative,2024-04-29,"Lagos Mainland, Lagos"
1775051332233,"Imagine what is going on in Ojo, Lagos. Is it the govt that will stop people from being hungry? When will they act?",Negative,2023-12-26,"Ojo, Lagos"
1664897811311,"The price of a bag of rice in Ojo, Lagos has tripled in less than a year. How are families supposed to survive? #Hunger",Negative,2023-01-17,"Ojo, Lagos"
1730561614759,"Egg wey be 100 per piece for Alimosho, Lagos now. They say poultry feed cost plenty. Na us dey pay the price @NigeriaPolice",Negative,2023-11-05,"Alimosho, Lagos"
1756238370128,"RT @idngnug: I no go lie, things don hard for Surulere, Lagos beyond what social media sef can describe. Real life suffering dey happen #FoodScarcity",Negative,2024-05-10,"Surulere, Lagos"
1668385643813,"The new direct-farmer market in Ifako-Ijaiye, Lagos is reducing prices by 20-40% compared to regular markets. Go there!",Positive,2023-03-10,"Ifako-Ijaiye, Lagos"
1615451027008,"RT @fcajzpn: A loaf of sliced bread in Ajeromi-Ifelodun, Lagos bakery today: 1,200 naira. Last year it was 450 naira. Explain this to me #Lagos",Negative,2023-06-29,"Ajeromi-Ifelodun, Lagos"
1716866844737,"The price of a bag of rice in Ikeja, Lagos has tripled in less than a year. How are families supposed to survive?",Negative,2024-08-16,"Ikeja, Lagos"
1672687295087,"Market Watch: prices of key food commodities in Ikeja, Lagos reviewed weekly by Lagos Consumer Protection Council @MBuhari",Neutral,2023-03-11,"Ikeja, Lagos"
1607410172562,"Government dey share food in Abuja for camera. For Ifako-Ijaiye, Lagos ground zero, nothing reach ordinary people https://t.co/QwErTy9876",Negative,2024-09-27,"Ifako-Ijaiye, Lagos"
1719219180168,"We beg government make una intervene on food prices for Lagos Mainland, Lagos. People dey suffer in silence",Negative,2023-08-26,"Lagos Mainland, Lagos"
1736164635272,"How you want police and soldier to respect law when dir salary cannot put food on the table for Baruwa, Lagos? #NaijaEconomy @faoNG",Negative,2024-02-07,"Baruwa, Lagos"
1622227459264,"Na wa o. The price of yam in Lagos Mainland, Lagos is now higher than teh price of petrol per litre. Something is wrong #FoodPrices https://t.co/AbC12dEfGh",Negative,2024-07-01,"Lagos Mainland, Lagos"
1790587906670,"Noodles, the last option for poor people for Lagos Island, Lagos, don increase price too. What are we supposed to eat? #FoodScarcity",Negative,2023-04-26,"Lagos Island, Lagos"
1607649631356,"Community garden initiative in Alimosho, Lagos begins harvest, providing fresh vegetables for 200 local families 🥬🌿",Positive,2024-06-30,"Alimosho, Lagos"
1773452383167,"I've advocated for mental health checks cos the economic crisis and poor salaries can barely put food on the table in Epe, Lagos",Negative,2023-02-19,"Epe, Lagos"
1620002835309,Federal government inaugurates food price monitoring committee to track inflation across 36 states including Lagos,Neutral,2024-03-01,"Kosofe, Lagos"
1623177147544,"Tomatoes wey be 500 naira last year don reach 3000 for Baruwa, Lagos market. Inflation don kill us #Hunger",Negative,2024-03-05,"Baruwa, Lagos"
1797492842268,"Woman in Somolu, Lagos said she has been mixing garri with water for her children cos that is all she can afford",Negative,2023-03-28,"Somolu, Lagos"
1755561188230,"RT @ntzzcrgv: This is engineered scarcity. Nigeria should be feeding West Africa but people dey starve for Apapa, Lagos #Lagos",Negative,2024-02-02,"Apapa, Lagos"
1686093459446,"International food aid organization begins registration of vulnerable households in Mushin, Lagos for monthly food support #HardTimes",Positive,2023-12-28,"Mushin, Lagos"
1661384718385,"Bama, Yola, now people dey flee to Shomolu, Lagos and food supply cannot handle the population pressure",Negative,2023-08-25,"Shomolu, Lagos"
1707809125536,Humanitarian organizations call for increased funding to address food crisis affecting Lagos urban poor communities #Suffering,Neutral,2024-07-05,"Ikorodu, Lagos"
1681866031767,"I know three families in Somolu, Lagos that have not eaten a proper meal in days. I am not exaggerating",Negative,2023-11-19,"Somolu, Lagos"
1726636076641,"We dey eat eba without soup sef we don thank God. Agege, Lagos. This is not living, na enduring #LagosSuffers",Negative,2023-03-11,"Agege, Lagos"
1790129823786,"A loaf of sliced bread in Agege, Lagos bakery today: 1,200 naira. Last year it was 450 naira. Explain this to me http://naijatalk.xyz @NigeriaGov",Negative,2023-03-27,"Agege, Lagos"
1665452218110,"Indomie, the food of last resort for many families in Badagry, Lagos, just increased price again. This is deliberate suffering #SDG2",Negative,2023-02-21,"Badagry, Lagos"
1676870504095,"First batch of subsidized food from federal strategic reserves arrives at Eti-Osa, Lagos distribution point today",Positive,2024-05-23,"Eti-Osa, Lagos"
1672421060044,"Stockfish that poor families depend on in Epe, Lagos has disappeared from markets or become too expensive to buy @officialABAT",Negative,2023-07-11,"Epe, Lagos"
1630419694252,"Pikin dem for Agege, Lagos dey sleep hungry every night. We beg government make una hear us",Negative,2024-05-15,"Agege, Lagos"
1778693767783,"The psychological trauma of not knowing where your next meal will come from is destroying Apapa, Lagos communities http://naijatalk.xyz",Negative,2024-02-09,"Apapa, Lagos"
1700307591533,"Farmers in Badagry, Lagos outskirts say they can no longer afford fertilizer at current prices. Next harvest will be disaster #Inflation @UN_Nigeria",Negative,2023-11-14,"Badagry, Lagos"
1658259418799,"Rice don reach 120k per bag for Agege, Lagos, how person go chop? #FoodCrisis #Lagos #FoodScarcity",Negative,2023-03-12,"Agege, Lagos"
1760782930867,"Household food budget crisis in Agege, Lagos as prices outpace incomes significantly #NaijaEconomy...",Negative,2024-09-06,"Agege, Lagos"
1741419900314,"What kind of country is this? Mushin, Lagos man wey work hard every day cannot afford to eat three times. Nonsense #EndPoverty...",Negative,2023-04-21,"Mushin, Lagos"
1720899690334,Cadre Harmonisé assessment: 7.2 million people in southwest Nigeria face acute food insecurity in lean season https://t.co/AbC12dEfGh,Neutral,2024-05-01,"Kosofe, Lagos"
1717609286388,"Plantain wey grow right here in Badagry, Lagos outskirts don reach 600 per finger. Local food inflation is crazy",Negative,2023-07-24,"Badagry, Lagos"
1781495132601,"Opolopo eniyan n jiya. Food cost for Alimosho, Lagos Island don pass roof. #NaijaEconomy #FoodCrisis https://t.co/xK7mN3pQrL @wfp_nigeria",Negative,2024-05-02,"Alimosho, Lagos"
1667653366158,"I no go lie, things don hard for Epe, Lagos beyond what social media sef can describe. Real life suffering dey happen",Negative,2024-10-14,"Epe, Lagos"
1614482022253,"Have you seen d price of baby food nkor? Diapers nkor? Rent in Badagry, Lagos nkor? How person go manage?? #Hunger @NigeriaGov",Negative,2024-06-06,"Badagry, Lagos"
1722433602756,"This is engineered scarcity. Nigeria should be feeding West Africa but people dey starve for Kosofe, Lagos",Negative,2023-03-12,"Kosofe, Lagos"
1606365144668,"I swr I don tire. No food, no money, no hope for Shomolu, Lagos. When this suffering go end? #Hunger",Negative,2024-01-26,"Shomolu, Lagos"
1638001640829,"The number of pple begging on Kosofe, Lagos streets has doubled in the last six months. This is not normal...",Negative,2023-12-19,"Kosofe, Lagos"
1605678735227,"Armed forces salary cannot buy food for their families in Baruwa, Lagos. This is how corruption and abuse of power starts...",Negative,2024-10-10,"Baruwa, Lagos"
1670369717733,"I know three families in Kosofe, Lagos that have not eaten a proper meal in days. I am not exaggerating",Negative,2024-10-14,"Kosofe, Lagos"
1765200314647,"The last time I bought cooking oil in Somolu, Lagos markeet was three months ago. The price has gone from 2k to 6.5k #LagosPalliative",Negative,2024-07-17,"Somolu, Lagos"
1703713926169,"Sharp sharp d prices for Shomolu, Lagos don pass roof. We no fit shout again, we just dey manage",Negative,2024-04-02,"Shomolu, Lagos"
1714963862068,"My children dey cry for food since last night and I no get anything to give them. Oshodi, Lagos is suffering #Nigeria",Negative,2024-03-09,"Oshodi, Lagos"
1653691716436,"We dey Shomolu, Lagos, hunger no dey respect anybody. Rich, poor, everybody dey feel am now",Negative,2023-08-05,"Shomolu, Lagos"
1690219247045,"Domestic violence cases in Eti-Osa, Lagos are being linked to food stress. Hungry people become desperate people @faoNG",Negative,2023-02-14,"Eti-Osa, Lagos"
1788013254181,"The new direct-farmer market in Agege, Lagos is reducing prices by 20-40% compared to regular markets. Go there! #HardTimes",Positive,2024-08-19,"Agege, Lagos"
1770034127912,Lagos State Agricultural Development Authority holds meeting on strategies to reduce food import dependency #NaijaProblems,Neutral,2023-03-02,"Ikeja, Lagos"
1661587740595,"How you want police and soldier to respect law when their salary cannot put food on the table for Shomolu, Lagos? #Inflation",Negative,2023-12-08,"Shomolu, Lagos"
1669041780419,"RT @xjxzywgucy: Snack shops near me in Ajeromi-Ifelodun, Lagos have increased food price approximately 20% due to gas crisis. #wareffects #inflation https://t.co/AbC12dEfGh",Negative,2023-12-04,"Ajeromi-Ifelodun, Lagos"
1690795230889,"Market survey in Baruwa, Lagos: a basket of tomatoes now costs N4,500 compared to N1,200 same period last year #NaijaEconomy",Neutral,2024-06-17,"Baruwa, Lagos"
1788429222229,"I know three families in Shomolu, Lagos that have not eaten a proper meal in days. I am not exaggerating @faoNG",Negative,2023-06-08,"Shomolu, Lagos"
1712787774395,Cadre Harmonisé assessment: 7.2 million people in southwest Nigeria face acute food insecurity in lean season @faoNG,Neutral,2023-04-19,"Ifako-Ijaiye, Lagos"
1786289015408,New USAID-funded study to track social media signals of food insecurity in Nigerian urban centres @wfp_nigeria,Neutral,2024-05-08,"Badagry, Lagos"
1783273436009,"RT @ihbyx: All the beggars on the streets of Surulere, Lagos are increasing daily because people cannot feed their families anymore",Negative,2023-04-03,"Surulere, Lagos"
1684910820760,"See the kind suffering wey dey Shomolu, Lagos. Pikin dem dey go school empty stomach every day https://t.co/xK7mN3pQrL",Negative,2024-12-07,"Shomolu, Lagos"
1667200539464,"A bag of beans that was 35k last January is now 90k in Alimosho, Lagos. Tell me this is not engineered scarcity",Negative,2023-04-24,"Alimosho, Lagos"
1635314458649,"RT @wooccudb: Pikin dem for Mushin, Lagos dey sleep hungry every night. We beg government make una hear us @NigeriaPolice",Negative,2023-07-22,"Mushin, Lagos"
1781610697061,"Household food budget crisis in Somolu, Lagos as prices outpace incomes significantly #NaijaEconomy",Negative,2024-08-09,"Somolu, Lagos"
1706549849580,"Woman in Lagos Mainland, Lagos said she has been mixing garri with water for her children because that is all she can afford",Negative,2024-11-03,"Lagos Mainland, Lagos"
1784713797924,"RT @flrbrqxps: Dangote Group donates 10,000 bags of rice and 5,000 litres of oil to food bank serving Lagos Mainland, Lagos communities #FoodScarcity",Positive,2024-05-22,"Lagos Mainland, Lagos"
1620560060641,"I know three families in Surulere, Lagos that have not eaten a proper meal in days. I am not exaggerating...",Negative,2023-08-13,"Surulere, Lagos"
1753012777971,RT @qmbruqegrk: UNICEF report highlights rising acute malnutrition among under-five kids dem in urban Lagos slums,Neutral,2024-11-27,"Lagos Mainland, Lagos"
1637492866457,RT @inzaxmr: Lagos State Food Bank Initiative records 40% increase in demand from low income households in 2024 https://t.co/AbC12dEfGh,Neutral,2023-03-09,"Ajeromi-Ifelodun, Lagos"
1689403099478,"My area for Lagos Mainland, Lagos no get stable food supply since the fuel subsidy removal. Things just dey get worse",Negative,2024-12-25,"Lagos Mainland, Lagos"
1638738008264,"Restaurants in Ojo, Lagos are closing because even the middle class can no longer afford to eat out regularly #Suffering http://bit.ly/3xYzAbc",Negative,2023-02-20,"Ojo, Lagos"
1790156020467,"Eba and vegetable soup used to be the affordable meal for Eti-Osa, Lagos hustlers. Even that don become expensive now http://bit.ly/3xYzAbc",Negative,2023-05-13,"Eti-Osa, Lagos"
1792547121359,"Household food budget crisis in Shomolu, Lagos as prices outpace incomes significantly #NaijaEconomy",Negative,2023-04-03,"Shomolu, Lagos"
1696965602581,"Depression and anxiety are rising in Mushin, Lagos as people struggle to feed. Hunger is a mental health crisis too",Negative,2024-11-21,"Mushin, Lagos"
1764970481804,"The irony of Lagos Mainland, Lagos being the commercial hub of Nigeria while millions of its residents go to bed hungry every night @NigeriaGov...",Negative,2024-09-20,"Lagos Mainland, Lagos"
1670858501546,"Joint statement by NGOs: foood situation in Kosofe, Lagos requires urgent coordinated humanitarian response #EconomicHardship",Neutral,2024-07-26,"Kosofe, Lagos"
1744785426312,"RT @vglrbmfkxa: Microfinance bank launches special loan product for food vendors and market women in Alimosho, Lagos. This will help",Positive,2024-03-11,"Alimosho, Lagos"
1790668851053,"Opolopo eniyan n jiya. Food cost for Lagos Mainland, Lagos Island don pass roof. #NaijaEconomy",Negative,2023-02-14,"Lagos Mainland, Lagos"
1761825158103,Cadre Harmonisé assessment: 7.2 million people in southwest Nigeria face acute food insecurity in lean season https://t.co/QwErTy9876,Neutral,2024-08-19,"Agege, Lagos"
1743238353948,"Government don release palliative for Kosofe, Lagos today! Rice, beans, garri. At least something small reach the people 🙏",Positive,2024-01-21,"Kosofe, Lagos"
1714923744621,"RT @ckdoaalq: Local government officials in Apapa, Lagos conduct market inspection following reports of artificial food scarcity #Hunger",Neutral,2024-02-20,"Apapa, Lagos"
1690754761566,"RT @gfnax: I know three families in Alimosho, Lagos that have not eaten a proper meal in days. I am not exaggerating",Negative,2023-07-01,"Alimosho, Lagos"
1712026879943,"I no go lie, things don hard for Surulere, Lagos beyond what social media sef can describe. Real life suffering dey happen #ZeroHunger https://t.co/QwErTy9876 @faoNG",Negative,2024-12-22,"Surulere, Lagos"
1685392831396,"Food security stakeholders gather in Apapa, Lagos for quarterly review meeting on hunger mitigation strategies",Neutral,2023-02-24,"Apapa, Lagos"
1696208279010,"Just the start. Fuel prices rippling through economy. Fertilizer shortage go make food prices worse this season for Ikeja, Lagos",Negative,2024-05-02,"Ikeja, Lagos"
1721489843576,"EU donates €5 million to food security programs targeting urban poor communities in Lagos including Baruwa, Lagos #ZeroHunger",Positive,2023-02-06,"Baruwa, Lagos"
1760066281966,"Subsidy removal was supposed to free funds for investment. Tell me one person in Epe, Lagos that benefited from it",Negative,2024-02-15,"Epe, Lagos"
1721400019570,"We beg government make una intervene on food prices for Kosofe, Lagos. People dey suffer in silence",Negative,2024-06-07,"Kosofe, Lagos"
1746744151070,"Na wa o. The price of yam in Badagry, Lagos is now higher than the price of petrol per litre. Something is wrong",Negative,2023-07-31,"Badagry, Lagos"
1644048862775,"Finally! Mobile food market comes to Ifako-Ijaiye, Lagos, bringing affordable produce directly to underserved communities",Positive,2024-01-06,"Ifako-Ijaiye, Lagos"
1783466649385,"Tomato supply don dry up completely for Shomolu, Lagos. Farmers say insecurity for north don finish everything",Negative,2024-01-08,"Shomolu, Lagos"
1712796443135,"RT @dnwbnzogtv: Is it the government that will stop hunger? They have abandoned Badagry, Lagos completely. We are on our own http://bit.ly/3xYzAbc",Negative,2023-03-03,"Badagry, Lagos"
1754756039538,"Sharp sharp the prices for Somolu, Lagos don pass roof. We no fit shout again, we just dey manage http://naijatalk.xyz...",Negative,2023-02-10,"Somolu, Lagos"
1770108100488,Federal government inaugurates food price monitoring committee to track inflation across 36 states including Lagos #InflationNG https://t.co/AbC12dEfGh @wfp_nigeria,Neutral,2023-03-07,"Ifako-Ijaiye, Lagos"
1770039850332,"Tomatoes wey be 500 naira last year don reach 3000 for Ikorodu, Lagos market. Inflation don kill us",Negative,2024-09-18,"Ikorodu, Lagos"
1791889338359,"School dropout rate in Apapa, Lagos is rising because parents cannot afford school fees AND food at the same time",Negative,2023-07-04,"Apapa, Lagos"
1716955485995,"NGOs working in Mushin, Lagos report 35% increase in demand for emergency food assistance since January 2024",Neutral,2023-02-09,"Mushin, Lagos"
1700409972479,"A loaf of sliced bread in Epe, Lagos bakery today: 1,200 naira. Last year it was 450 naira. Explain this to me",Negative,2024-08-24,"Epe, Lagos"
1608476528358,"The new direct-farmer market in Ikorodu, Lagos is reducing prices by 20-40% compared to regular markets. Go there! http://naijatalk.xyz",Positive,2024-04-22,"Ikorodu, Lagos"
1759320667714,"Three days now my family don dey eat once a day. Kosofe, Lagos. God abeg help us",Negative,2023-12-11,"Kosofe, Lagos"
1770164140505,Cadre Harmonisé assessment: 7.2 million people in southwest Nigeria face acute fud insecurity in lean season http://bit.ly/3xYzAbc,Neutral,2023-09-15,"Ojo, Lagos"
1713465603869,"I swr hunger wan collect my pikin from me, we no chop since yesterday for Ifako-Ijaiye, Lagos 😥",Negative,2023-07-13,"Ifako-Ijaiye, Lagos"
1671648853780,"Tomatoes wey be 500 naira last year don reach 3000 for Apapa, Lagos market. Inflation don kill us #Nigeria @NigeriaPolice...",Negative,2023-04-15,"Apapa, Lagos"
1626884311222,"RT @vrrqr: Tinubu government remove subsidy, food price sky rocket for Lagos Island, Lagos. The poor people dey carry all the burden #EconomicHardship http://bit.ly/3xYzAbc",Negative,2024-07-12,"Lagos Island, Lagos"
1644344541692,"How you want police and soldier to respect law when their salary cannot put food on the table for Ojo, Lagos?",Negative,2024-09-24,"Ojo, Lagos"
1774958582126,"NBS data shows food inflation in Lagos reached 42% in Q3 2024, highest in five years. #Economy",Neutral,2023-01-14,"Ikeja, Lagos"
1651359201472,"Market traders association in Apapa, Lagos issues statement on factors driving the current food price increases #FoodScarcity",Neutral,2024-01-10,"Apapa, Lagos"
1681023706947,"Good news from Epe, Lagos: local farmers cooperative reports a 30% increase in food production thsi planting season #Tinubu",Positive,2024-04-03,"Epe, Lagos"
1682721223564,"Mama dey cry for Ifako-Ijaiye, Lagos say she no fit feed her four children today. God abeg...",Negative,2024-07-01,"Ifako-Ijaiye, Lagos"
1663320370174,"Pilot urban farming project in Ojo, Lagos yields first harvest, proves that city food production is very possible 🌾",Positive,2024-12-06,"Ojo, Lagos"
1709981067310,"RT @dayo_naija: Badagry, Lagos market food prices up by 60 percent in three months alone #InflationNG #Inflation",Negative,2023-06-10,"Badagry, Lagos"
1652583351073,"Federal government to import 500,000 metric tonnes of rice to stabilize prices in cities including Lagos",Neutral,2024-03-31,"Ajeromi-Ifelodun, Lagos"
1706237481262,"We dey manage half cup of garri for the whole family for Ikorodu, Lagos, e too hard 😭 @NigeriaGov #LagosPalliative https://t.co/QwErTy9876",Negative,2024-09-29,"Ikorodu, Lagos"
1796861366411,"Women in Ifako-Ijaiye, Lagos are being forced into dangerous situations just to feed their families. The hunger is that real",Negative,2024-08-26,"Ifako-Ijaiye, Lagos"
1762547710139,"Government don release palliative for Ajeromi-Ifelodun, Lagos today! Rice, beans, garri. At least something small reach the peopo 🙏",Positive,2024-04-15,"Ajeromi-Ifelodun, Lagos"
1774548415004,UNICEF report highlights rising acute malnutrition among under-five children in urban Lagos slums...,Neutral,2023-08-17,"Apapa, Lagos"
1793834384496,FEWS NET quarterly report flags Lagos and Kano as areas requiring close food security monitoring in coming months,Neutral,2024-03-25,"Ajeromi-Ifelodun, Lagos"
1697858201201,International Monetary Fund warns that Nigeria's food inflation could remain elevated through 2025 without reforms,Neutral,2024-06-23,"Agege, Lagos"
1626492425553,"Beans, the protein of the poor for Baruwa, Lagos, is now a luxury. A paint bucket of beans cost 8000 naira #EconomicHardship https://t.co/AbC12dEfGh...",Negative,2024-10-24,"Baruwa, Lagos"
1620553843442,New USAID-funded study to track social media signals of food insecurity in Nigerian urban centres,Neutral,2023-11-09,"Ikorodu, Lagos"
1664921989360,"Policy responses are weak and useless. Ifako-Ijaiye, Lagos residents are starving while politicians share rice for election http://naijatalk.xyz",Negative,2023-11-08,"Ifako-Ijaiye, Lagos"
1671469634860,"The supply chain for staple fd items in Alimosho, Lagos has completely broken down. Government must act now #LagosSuffers http://naijatalk.xyz",Negative,2024-07-01,"Alimosho, Lagos"
1601179385865,"Local government officials in Ikorodu, Lagos conduct market inspection following reports of artificial food scarcity #EndPoverty",Neutral,2023-01-08,"Ikorodu, Lagos"
1663425286857,"Finally! Mobile fd market comes to Ajeromi-Ifelodun, Lagos, bringing affordable produce directly to underserved communities",Positive,2024-03-30,"Ajeromi-Ifelodun, Lagos"
1604687469031,"Government say they share palliative for Ajeromi-Ifelodun, Lagos but ordinary people for grassroots no see anything. Na lie http://bit.ly/3xYzAbc",Negative,2024-03-07,"Ajeromi-Ifelodun, Lagos"
1692032606907,"Market traders association in Baruwa, Lagos issues statement on factors driving the current food price increases https://t.co/xK7mN3pQrL",Neutral,2023-03-01,"Baruwa, Lagos"
1774774054700,The Integrated Food Security Phase Classification (IPC) team begins data collection across Lagos LGAs today https://t.co/xK7mN3pQrL,Neutral,2023-10-16,"Ajeromi-Ifelodun, Lagos"
1603278108191,"School dropout rate in Shomolu, Lagos is rising because parents cannot afford school fees AND food at the same time #NigeriaDecides...",Negative,2024-06-25,"Shomolu, Lagos"
1684615482142,"Is it the government that will stop hunger? They have abandoned Oshodi, Lagos completely. We are on our own",Negative,2024-10-26,"Oshodi, Lagos"
1791543581583,"News: emergency food aid distribution begins in three Epe, Lagos LGAs targeted by Lagos State government today",Neutral,2024-11-08,"Epe, Lagos"
1615542120668,Lagos chamber of commerce holds summit on strategies to stabilize food supply chains in the state #EconomicHardship https://t.co/AbC12dEfGh,Neutral,2024-12-22,"Apapa, Lagos"
1750493226614,"The last time I bought cooking oil in Surulere, Lagos market was three months ago. The price has gone from 2k to 6.5k @MBuhari",Negative,2024-08-27,"Surulere, Lagos"
1666271429927,"We beg government make una intervene on food prices for Ajeromi-Ifelodun, Lagos. People dey suffer in silence #NaijaEconomy",Negative,2024-07-23,"Ajeromi-Ifelodun, Lagos"
1603995004351,"Restaurants in Mushin, Lagos are closing because even the middle class can no longer afford to eat out regularly #Inflation",Negative,2023-11-07,"Mushin, Lagos"
1605455676361,FEWS NET quarterly report flags Lagos and Kano as areas requiring close food security monitoring in coming months #Nigeria...,Neutral,2024-11-22,"Kosofe, Lagos"
1707180111751,"The supply chain for staple food items in Badagry, Lagos has completely broken down. Government must act now #ZeroHunger",Negative,2024-10-16,"Badagry, Lagos"
1730458410167,"We dey eat eba without soup sef we don thank God. Ikeja, Lagos. This is not living, na enduring https://t.co/AbC12dEfGh",Negative,2023-10-29,"Ikeja, Lagos"
1737051808667,"All the beggars on the streets of Baruwa, Lagos are increasing daily because people cannot feed their families anymore",Negative,2023-01-05,"Baruwa, Lagos"
1610971388629,"Farmers in Ifako-Ijaiye, Lagos outskirts say they can no longer afford fertilizer at current prices. Next harvest will be disaster",Negative,2024-01-29,"Ifako-Ijaiye, Lagos"
1638136415885,"We beg government make una intervene on food prices for Badagry, Lagos. People dey suffer in silence",Negative,2023-03-13,"Badagry, Lagos"
1799867066907,"First batch of subsidized food from federal strategic reserves arrives at Oshodi, Lagos distribution point today http://naijatalk.xyz @wfp_nigeria",Positive,2023-11-02,"Oshodi, Lagos"
1705412202161,"Beans, the protein of the poor for Badagry, Lagos, is now a luxury. A paint bucket of beans cost 8000 naira #EndPoverty",Negative,2024-02-09,"Badagry, Lagos"
1794621764903,"Tomato supply don dry up completely for Kosofe, Lagos. Farmers say insecurity for north don finish everything http://bit.ly/3xYzAbc",Negative,2024-07-20,"Kosofe, Lagos"
1651648692382,"Prices of tomatoes and pepper coming down small in Epe, Lagos market this week. E dey give us hope small small",Positive,2024-09-15,"Epe, Lagos"
1769255294254,"The price of a bag of rice in Eti-Osa, Lagos has tripled in less than a year. How are families supposed to survive? #InflationNG @UN_Nigeria",Negative,2024-12-17,"Eti-Osa, Lagos"
1634768727336,"Woman in Ajeromi-Ifelodun, Lagos said she has been mixing garri with water for her kids dem because that is all she can afford",Negative,2024-02-26,"Ajeromi-Ifelodun, Lagos"
1686865782079,"Great news for Surulere, Lagos residents: community food cooperative launches to help families access affordable food #LagosPalliative",Positive,2024-05-06,"Surulere, Lagos"
1648248614431,The Integrated Food Security Phase Classification (IPC) team begins data collection across Lagos LGAs today #Lagos,Neutral,2023-02-28,"Baruwa, Lagos"
1624519791212,"RT @blxkgbxkjw: Empty stalls everywhere in Surulere, Lagos market today. Wholesale supply has dried up completely #FoodScarcity...",Negative,2024-12-21,"Surulere, Lagos"
1725531939537,"The price of moimoi and akara in Ikorodu, Lagos has doubled. These are supposed to be the food of the ordinary person",Negative,2024-01-06,"Ikorodu, Lagos"
1605303683498,"Stockfish that poor families depend on in Apapa, Lagos has disappeared from markets or become too expensive to buy",Negative,2023-10-25,"Apapa, Lagos"
1658653616538,"The new direct-farmer market in Ajeromi-Ifelodun, Lagos is reducing prices by 20-40% compared to regular markets. Go there! #FoodCrisis",Positive,2024-07-24,"Ajeromi-Ifelodun, Lagos"
1656638557235,"Palm oil, groundnut oil, everything don skyrocket for Ikorodu, Lagos. Cooking self don become unaffordable",Negative,2023-07-09,"Ikorodu, Lagos"
1651376006719,Lagos chamber of commerce holds summit on strategies to stabilize food supply chains in the state #Tinubu http://bit.ly/3xYzAbc @officialABAT,Neutral,2024-12-24,"Ajeromi-Ifelodun, Lagos"
1726599120615,"Opolopo eniyan n jiya. Food cost for Kosofe, Lagos Island don pass roof. #NaijaEconomy https://t.co/QwErTy9876",Negative,2024-07-07,"Kosofe, Lagos"
1717790862830,"Market survey in Kosofe, Lagos: a basket of tomatoes now costs N4,500 compared to N1,200 same period last year #LagosSuffers @faoNG...",Neutral,2024-07-15,"Kosofe, Lagos"
1664804701933,"Nigerias food self-sufficiency ratio has declined steadily since 2015, new agriculture ministry data shows http://naijatalk.xyz @NigeriaPolice",Neutral,2024-03-03,"Lagos Mainland, Lagos"
1798048603091,"RT @snqlddgv: The number of people begging on Oshodi, Lagos streets has doubled in the last six months. This is not normal @UN_Nigeria",Negative,2023-06-23,"Oshodi, Lagos"
1654697800879,"Sharp sharp the prices for Alimosho, Lagos don pass roof. We no fit shout again, we just dey manage #LagosSuffers",Negative,2023-05-24,"Alimosho, Lagos"
1727886727729,"Prices of tomatoes and pepper coming down small in Ajeromi-Ifelodun, Lagos market this week. E dey give us hope small small #FoodScarcity",Positive,2023-08-14,"Ajeromi-Ifelodun, Lagos"
1653809625393,"ActionAid Nigeria releases report on impact of food insecurity on women-headed households in Apapa, Lagos",Neutral,2024-07-21,"Apapa, Lagos"
1740950210401,"The new direct-farmer market in Ikeja, Lagos is reducing prices by 20-40% compared to regular markets. Go there! #NaijaProblems",Positive,2024-04-14,"Ikeja, Lagos"
1773269424871,"Nigeria is not at war but food inflation is crushing households, farmers are unsafe, supply chains are broken in Epe, Lagos @UN_Nigeria",Negative,2024-12-04,"Epe, Lagos"
1762074342115,"We dey eat eba without soup sef we don thank God. Epe, Lagos. This is not living, na enduring",Negative,2024-02-05,"Epe, Lagos"
1782904940918,"Yeparipa! Eba don reach 800 for Surulere, Lagos? Na so we go chop sand soon? 😭 #NaijaProblems",Negative,2024-01-25,"Surulere, Lagos"
1681888908881,"RT @tbcunbdg: Beans, the protein of the poor for Mushin, Lagos, is now a luxury. A paint bucket of beans cost 8000 naira #FoodScarcity https://t.co/xK7mN3pQrL",Negative,2024-11-14,"Mushin, Lagos"
1603390543744,"Nobody is held accountable when children die of malnutrition in Mushin, Lagos. Government must be charged for this https://t.co/QwErTy9876",Negative,2024-08-14,"Mushin, Lagos"
1710813664475,"Government dey share food in Abuja for camera. For Lagos Island, Lagos ground zero, nothing reach ordinary people",Negative,2024-12-18,"Lagos Island, Lagos"
1781334617039,"Insecurity has made farming impossible in the north. Baruwa, Lagos markets are now running on dwindling reserves",Negative,2023-05-26,"Baruwa, Lagos"
1672059844074,"RT @svxyzoyb: Fuel price goes up, food price goes up, transport goes up… only salary stays loyal 😂😭 #Nigeria #Inflation @MBuhari",Negative,2023-01-24,"Apapa, Lagos"
1612836070337,"Governor of Lagos personally supervises food distribution in Ikorodu, Lagos community. At least they are paying attention now",Positive,2023-06-02,"Ikorodu, Lagos"
1722407929552,"Local government in Eti-Osa, Lagos distributes free food seedlings to 1,000 households to encourage home gardening",Positive,2023-02-28,"Eti-Osa, Lagos"
1770174007947,"The supply chain for staple food items in Eti-Osa, Lagos has completely broken down. Government must act now",Negative,2024-11-22,"Eti-Osa, Lagos"
1717033740676,Experts call for policy intervention as Nigeria's 2024 Global Hunger Index score worsens to 28.8 from 27.5 #Nigeria https://t.co/QwErTy9876,Neutral,2023-05-02,"Apapa, Lagos"
1795225029167,"Market traders association in Lagos Mainland, Lagos issues statement on factors driving the current food price increases #NaijaEconomy @NigeriaPolice",Neutral,2023-05-10,"Lagos Mainland, Lagos"
1679652206028,"Subsidy removal was supposed to free funds for investment. Tell me one person in Badagry, Lagos that benefited from it #NigeriaDecides @UN_Nigeria",Negative,2023-11-25,"Badagry, Lagos"
1712598597173,"Na only God go help Ajeromi-Ifelodun, Lagos people because government don abandon us completely when e come to food #Inflation https://t.co/AbC12dEfGh",Negative,2024-05-17,"Ajeromi-Ifelodun, Lagos"
1739545995585,"TUC has threatened a nationwide protest on May Day over worsening economic hardship, citing rising food prices. naijatalk.xyz #Inflation",Neutral,2024-08-22,"Ikorodu, Lagos"
1630345565395,"Empty stalls everywhere in Shomolu, Lagos market today. Wholesale supply has dried up completely #FoodScarcity",Negative,2023-05-28,"Shomolu, Lagos"
1686740182114,"Indomie, the food of last resort for many families in Baruwa, Lagos, just increased price again. This is deliberate suffering #SDG2",Negative,2023-09-24,"Baruwa, Lagos"
1739373576245,"Microfinance bank launches special loan product for food vendors and market women in Ajeromi-Ifelodun, Lagos. This will help",Positive,2023-08-17,"Ajeromi-Ifelodun, Lagos"
1729371133353,"New cold chain facility opens in Lagos Island, Lagos, which means less food waste and more stable supply for markets http://naijatalk.xyz",Positive,2024-01-29,"Lagos Island, Lagos"
1799120983434,"RT @aggii: Government dey share food in Abuja for camera. For Baruwa, Lagos ground zero, nothing reach ordinary people",Negative,2024-06-12,"Baruwa, Lagos"
1605610360690,"RT @dayo_naija: Oshodi, Lagos mkt. food prices up by 60 percent in three months alone #InflationNG https://t.co/QwErTy9876 @wfp_nigeria...",Negative,2024-08-04,"Oshodi, Lagos"
1657534306865,"Women in Badagry, Lagos are being forced into dangerous situations just to feed their families. The hunger is that real",Negative,2023-08-05,"Badagry, Lagos"
1692176016007,"The number of children with visible signs of malnutrition in Apapa, Lagos schools is increasing. Teachers are reporting this #FoodScarcity",Negative,2023-03-29,"Apapa, Lagos"
1703856895793,"Ground report from Lagos Mainland, Lagos: how street food vendors are adjusting portion sizes to manage rising ingredient costs @NigeriaPolice",Neutral,2023-02-21,"Lagos Mainland, Lagos"
1607142529575,"Plantain wey grow right here in Lagos Mainland, Lagos outskirts don reach 600 per finger. Local food inflation is crazy",Negative,2023-03-27,"Lagos Mainland, Lagos"
1713934572244,"The number of people begging on Mushin, Lagos streets has doubled in the last six months. This is not normal #Tinubu @faoNG",Negative,2023-06-15,"Mushin, Lagos"
1755918837592,"Local government officials in Oshodi, Lagos conduct market inspection following reports of artificial food scarcity...",Neutral,2023-05-22,"Oshodi, Lagos"
1760832043280,"RT @ihuoqbxh: Market Watch: prices of key food commodities in Somolu, Lagos reviewed weekly by Lagos Consumer Protection Council #NaijaEconomy",Neutral,2023-11-27,"Somolu, Lagos"
1694826584918,"NGO distributes 500 fd packs to vulnerable families in Alimosho, Lagos today. This is the kind of help we need #FoodScarcity @officialABAT",Positive,2023-08-04,"Alimosho, Lagos"
1763497686340,"The number of people begging on Apapa, Lagos streets has doubled in the last six months. This is not normal...",Negative,2024-02-01,"Apapa, Lagos"
1731098383439,"Farmer herder clashes have reduced produce coming to Ojo, Lagos by almost half according to traders in Oyingbo #EndPoverty",Negative,2024-07-28,"Ojo, Lagos"
